{
  "type": "FeatureCollection",
  "generator": "overpass-turbo",
  "copyright": "The data included in this document is from www.openstreetmap.org. The data is made available under ODbL.",
  "timestamp": "2026-08-20T13:22:07Z",
  "features": [
    {
      "type": "Feature",
      "properties": {
        "@id": "way/493967963",
        "area": "yes",
        "highway": "living_street",
        "surface": "paving_stones"
      },
      "geometry": {
        "type": "Polygon",
        "coordinates": [
          [
            [
              21.058462,
              52.1861798
            ],
            [
              21.0584001,
              52.1862819
            ],
            [
              21.0583609,
              52.1863503
            ],
            [
              21.0583538,
              52.186336
            ],
            [
              21.0583436,
              52.1863189
            ],
            [
              21.0583351,
              52.1863045
            ],
            [
              21.0583252,
              52.186293
            ],
            [
              21.0582824,
              52.1862413
            ],
            [
              21.0581525,
              52.1862158
            ],
            [
              21.0581645,
              52.1861932
            ],
            [
              21.0581347,
              52.1861872
            ],
            [
              21.058144,
              52.1861697
            ],
            [
              21.0582395,
              52.1861889
            ],
            [
              21.0582551,
              52.1861815
            ],
            [
              21.0582753,
              52.1861713
            ],
            [
              21.0583139,
              52.186148
            ],
            [
              21.058462,
              52.1861798
            ]
          ]
        ]
      },
      "id": "way/493967963"
    },
    {
      "type": "Feature",
      "properties": {
        "@id": "way/5036944",
        "cycleway:both": "no",
        "highway": "residential",
        "lane_markings": "no",
        "maxspeed": "30",
        "name": "Artura Grottgera",
        "name:etymology:wikidata": "Q714401",
        "oneway": "yes",
        "oneway:bicycle": "no",
        "sidewalk": "separate",
        "surface": "asphalt",
        "wikidata": "Q9364907",
        "wikipedia": "pl:Ulica Artura Grottgera w Warszawie"
      },
      "geometry": {
        "type": "LineString",
        "coordinates": [
          [
            21.0317735,
            52.2056122
          ],
          [
            21.0316894,
            52.2056001
          ],
          [
            21.0316283,
            52.2055913
          ],
          [
            21.0301143,
            52.2053738
          ],
          [
            21.0292474,
            52.2052499
          ],
          [
            21.0290025,
            52.2052141
          ],
          [
            21.0289725,
            52.2052097
          ],
          [
            21.0286068,
            52.2051567
          ],
          [
            21.0285049,
            52.205142
          ]
        ]
      },
      "id": "way/5036944"
    },
    {
      "type": "Feature",
      "properties": {
        "@id": "way/5051479",
        "highway": "residential",
        "lane_markings": "no",
        "lit": "yes",
        "maxspeed": "30",
        "name": "Piaseczyńska",
        "name:etymology:wikidata": "Q741876",
        "surface": "asphalt",
        "wikidata": "Q135933628"
      },
      "geometry": {
        "type": "LineString",
        "coordinates": [
          [
            21.0326076,
            52.1886587
          ],
          [
            21.0325937,
            52.1886896
          ],
          [
            21.0325871,
            52.188702
          ],
          [
            21.0325753,
            52.188724
          ],
          [
            21.0325576,
            52.1887537
          ],
          [
            21.0324172,
            52.1889367
          ],
          [
            21.0323004,
            52.1890942
          ],
          [
            21.0320636,
            52.1893555
          ],
          [
            21.0318802,
            52.1894854
          ],
          [
            21.0318066,
            52.1895399
          ],
          [
            21.0317669,
            52.189594
          ],
          [
            21.0317308,
            52.189688
          ],
          [
            21.0317125,
            52.1897774
          ],
          [
            21.0317116,
            52.1899609
          ],
          [
            21.0317098,
            52.1900492
          ],
          [
            21.0317093,
            52.1902466
          ],
          [
            21.0317135,
            52.1904163
          ],
          [
            21.03175,
            52.1906884
          ],
          [
            21.0317668,
            52.190854
          ],
          [
            21.0317693,
            52.1909128
          ],
          [
            21.03176,
            52.1909737
          ],
          [
            21.0317004,
            52.1913628
          ],
          [
            21.031652,
            52.191698
          ],
          [
            21.0316413,
            52.1917999
          ],
          [
            21.0316189,
            52.1919372
          ],
          [
            21.0315694,
            52.1920879
          ],
          [
            21.0315086,
            52.1922389
          ],
          [
            21.0313404,
            52.1925177
          ],
          [
            21.0312718,
            52.1925937
          ],
          [
            21.0312068,
            52.192647
          ],
          [
            21.0310717,
            52.1927299
          ],
          [
            21.0308882,
            52.1928081
          ],
          [
            21.0305701,
            52.1929563
          ],
          [
            21.0304998,
            52.1930136
          ],
          [
            21.0304681,
            52.1930657
          ],
          [
            21.0303946,
            52.1932587
          ],
          [
            21.0303308,
            52.1934339
          ],
          [
            21.0302748,
            52.1935456
          ],
          [
            21.0301552,
            52.1937128
          ]
        ]
      },
      "id": "way/5051479"
    },
    {
      "type": "Feature",
      "properties": {
        "@id": "way/5365066",
        "highway": "living_street",
        "name": "Górska",
        "surface": "paving_stones"
      },
      "geometry": {
        "type": "LineString",
        "coordinates": [
          [
            21.035487,
            52.203107
          ],
          [
            21.035559,
            52.2031112
          ],
          [
            21.0359472,
            52.2031336
          ],
          [
            21.0363219,
            52.2031552
          ],
          [
            21.0367062,
            52.2031774
          ],
          [
            21.0367885,
            52.2031822
          ]
        ]
      },
      "id": "way/5365066"
    },
    {
      "type": "Feature",
      "properties": {
        "@id": "way/5554925",
        "highway": "residential",
        "maxspeed": "30",
        "name": "Krasnołęcka",
        "oneway": "yes",
        "oneway:bicycle": "no",
        "surface": "sett"
      },
      "geometry": {
        "type": "LineString",
        "coordinates": [
          [
            21.0457124,
            52.204053
          ],
          [
            21.0455986,
            52.2040428
          ],
          [
            21.0450433,
            52.2040074
          ],
          [
            21.0445373,
            52.2039787
          ],
          [
            21.0434633,
            52.2039107
          ],
          [
            21.0428007,
            52.2038697
          ],
          [
            21.0427063,
            52.2038641
          ]
        ]
      },
      "id": "way/5554925"
    },
    {
      "type": "Feature",
      "properties": {
        "@id": "way/5555039",
        "access": "private",
        "highway": "living_street",
        "name": "Kaszubska",
        "name:etymology:wikidata": "Q147804",
        "wikidata": "Q124341653"
      },
      "geometry": {
        "type": "LineString",
        "coordinates": [
          [
            21.0455853,
            52.2050348
          ],
          [
            21.0456933,
            52.2050409
          ],
          [
            21.0458401,
            52.2050516
          ],
          [
            21.0476159,
            52.2051942
          ],
          [
            21.0476663,
            52.2051982
          ]
        ]
      },
      "id": "way/5555039"
    },
    {
      "type": "Feature",
      "properties": {
        "@id": "way/5726250",
        "cycleway:both": "no",
        "highway": "residential",
        "maxspeed": "30",
        "name": "Stępińska",
        "sidewalk": "separate",
        "surface": "asphalt"
      },
      "geometry": {
        "type": "LineString",
        "coordinates": [
          [
            21.0375725,
            52.2066497
          ],
          [
            21.037574,
            52.2066095
          ],
          [
            21.0375774,
            52.2065428
          ],
          [
            21.0376466,
            52.2057719
          ],
          [
            21.0376556,
            52.2056661
          ],
          [
            21.0377657,
            52.2044757
          ],
          [
            21.0377759,
            52.2043653
          ],
          [
            21.0377855,
            52.2042734
          ],
          [
            21.0377985,
            52.2041362
          ],
          [
            21.0378067,
            52.2040685
          ],
          [
            21.0379492,
            52.2026529
          ],
          [
            21.0379843,
            52.2022959
          ],
          [
            21.0379901,
            52.2022385
          ],
          [
            21.0380051,
            52.2020897
          ],
          [
            21.0380085,
            52.2020627
          ],
          [
            21.038014,
            52.2020193
          ]
        ]
      },
      "id": "way/5726250"
    },
    {
      "type": "Feature",
      "properties": {
        "@id": "way/5726715",
        "highway": "residential",
        "lanes": "2",
        "lit": "yes",
        "maxspeed": "30",
        "name": "Lądowa",
        "oneway": "no",
        "sidewalk": "separate",
        "source:maxspeed": "PL:zone30",
        "surface": "asphalt",
        "wikidata": "Q113575180"
      },
      "geometry": {
        "type": "LineString",
        "coordinates": [
          [
            21.0292504,
            52.2088001
          ],
          [
            21.0293957,
            52.2088454
          ],
          [
            21.0296968,
            52.2089406
          ],
          [
            21.0297532,
            52.208957
          ],
          [
            21.0299053,
            52.2089992
          ],
          [
            21.0300175,
            52.2090244
          ],
          [
            21.030195,
            52.2090527
          ],
          [
            21.0306829,
            52.2091127
          ],
          [
            21.030814,
            52.2091288
          ],
          [
            21.0308883,
            52.2091379
          ],
          [
            21.0314521,
            52.2092072
          ],
          [
            21.0316054,
            52.2092261
          ],
          [
            21.0316464,
            52.2092311
          ]
        ]
      },
      "id": "way/5726715"
    },
    {
      "type": "Feature",
      "properties": {
        "@id": "way/22922193",
        "highway": "cycleway",
        "surface": "asphalt"
      },
      "geometry": {
        "type": "LineString",
        "coordinates": [
          [
            21.047381,
            52.1922573
          ],
          [
            21.0474543,
            52.1923734
          ],
          [
            21.0475649,
            52.192547
          ],
          [
            21.0481472,
            52.1934751
          ],
          [
            21.0482224,
            52.1936884
          ],
          [
            21.0483737,
            52.1939151
          ],
          [
            21.0485516,
            52.1941017
          ],
          [
            21.0487007,
            52.1943279
          ]
        ]
      },
      "id": "way/22922193"
    },
    {
      "type": "Feature",
      "properties": {
        "@id": "way/23455697",
        "highway": "cycleway",
        "surface": "asphalt"
      },
      "geometry": {
        "type": "LineString",
        "coordinates": [
          [
            21.0504337,
            52.20134
          ],
          [
            21.0503914,
            52.2014963
          ],
          [
            21.0503258,
            52.2015904
          ],
          [
            21.0502441,
            52.2018946
          ],
          [
            21.0503012,
            52.2019619
          ],
          [
            21.0503359,
            52.2020027
          ],
          [
            21.0502734,
            52.2022108
          ],
          [
            21.0502457,
            52.2023054
          ]
        ]
      },
      "id": "way/23455697"
    },
    {
      "type": "Feature",
      "properties": {
        "@id": "way/23455709",
        "highway": "cycleway",
        "surface": "paving_stones"
      },
      "geometry": {
        "type": "LineString",
        "coordinates": [
          [
            21.0500137,
            52.1950257
          ],
          [
            21.0501253,
            52.1951687
          ],
          [
            21.0502162,
            52.1952739
          ],
          [
            21.0503226,
            52.1953905
          ],
          [
            21.0503678,
            52.1954347
          ],
          [
            21.0505365,
            52.1955701
          ],
          [
            21.0506431,
            52.1956755
          ],
          [
            21.0506637,
            52.1956834
          ],
          [
            21.0506848,
            52.1956915
          ],
          [
            21.0507878,
            52.1957886
          ],
          [
            21.0508484,
            52.1958236
          ],
          [
            21.0510449,
            52.196013
          ],
          [
            21.0510412,
            52.1960339
          ],
          [
            21.0510373,
            52.1960561
          ],
          [
            21.0515681,
            52.1965964
          ]
        ]
      },
      "id": "way/23455709"
    },
    {
      "type": "Feature",
      "properties": {
        "@id": "way/23455710",
        "highway": "cycleway",
        "surface": "paving_stones"
      },
      "geometry": {
        "type": "LineString",
        "coordinates": [
          [
            21.0768481,
            52.2042754
          ],
          [
            21.0768409,
            52.2042531
          ],
          [
            21.0767562,
            52.2039045
          ],
          [
            21.0767449,
            52.2038934
          ],
          [
            21.076737,
            52.2038886
          ],
          [
            21.0767118,
            52.2038735
          ]
        ]
      },
      "id": "way/23455710"
    },
    {
      "type": "Feature",
      "properties": {
        "@id": "way/23455713",
        "highway": "cycleway",
        "surface": "paving_stones"
      },
      "geometry": {
        "type": "LineString",
        "coordinates": [
          [
            21.0878975,
            52.2097421
          ],
          [
            21.0879543,
            52.2097203
          ],
          [
            21.0880072,
            52.209689
          ],
          [
            21.0897359,
            52.2081946
          ],
          [
            21.0898019,
            52.2081239
          ],
          [
            21.0898058,
            52.2080351
          ],
          [
            21.08941,
            52.2067768
          ],
          [
            21.0893561,
            52.2067109
          ],
          [
            21.089063,
            52.2065513
          ],
          [
            21.0888294,
            52.2064253
          ],
          [
            21.0878139,
            52.2056932
          ],
          [
            21.0875994,
            52.2056192
          ],
          [
            21.087328,
            52.2055886
          ],
          [
            21.0869922,
            52.2055359
          ],
          [
            21.0868552,
            52.2055241
          ],
          [
            21.0856173,
            52.2054975
          ],
          [
            21.0850552,
            52.2054929
          ],
          [
            21.084917,
            52.2055473
          ],
          [
            21.084818,
            52.205609
          ],
          [
            21.0847435,
            52.2056593
          ],
          [
            21.0847193,
            52.2057096
          ],
          [
            21.0847521,
            52.205754
          ],
          [
            21.0848793,
            52.2058852
          ],
          [
            21.0849088,
            52.2059352
          ],
          [
            21.0849392,
            52.2059582
          ],
          [
            21.0850167,
            52.206033
          ],
          [
            21.0851438,
            52.2060855
          ],
          [
            21.0852484,
            52.2060998
          ],
          [
            21.0853553,
            52.2061028
          ],
          [
            21.0871361,
            52.206142
          ],
          [
            21.0872412,
            52.2061558
          ],
          [
            21.0874517,
            52.2062454
          ],
          [
            21.0883844,
            52.2069064
          ],
          [
            21.088437,
            52.2069605
          ],
          [
            21.0884632,
            52.2070161
          ],
          [
            21.0885378,
            52.2072377
          ],
          [
            21.0887591,
            52.207945
          ],
          [
            21.0887263,
            52.208002
          ],
          [
            21.0880917,
            52.2085635
          ],
          [
            21.0874371,
            52.209119
          ],
          [
            21.0873679,
            52.2091611
          ],
          [
            21.0873033,
            52.2091842
          ]
        ]
      },
      "id": "way/23455713"
    },
    {
      "type": "Feature",
      "properties": {
        "@id": "way/23455714",
        "highway": "cycleway",
        "surface": "asphalt"
      },
      "geometry": {
        "type": "LineString",
        "coordinates": [
          [
            21.0550991,
            52.1945345
          ],
          [
            21.0552274,
            52.1944101
          ],
          [
            21.0552495,
            52.1943795
          ],
          [
            21.0552794,
            52.1943371
          ],
          [
            21.055495,
            52.1941418
          ],
          [
            21.0557546,
            52.193838
          ],
          [
            21.0563021,
            52.1933603
          ],
          [
            21.0563763,
            52.1933181
          ],
          [
            21.0564185,
            52.1932828
          ],
          [
            21.0564605,
            52.1932477
          ],
          [
            21.0564796,
            52.1932317
          ],
          [
            21.0564951,
            52.1932153
          ],
          [
            21.05651,
            52.1931883
          ],
          [
            21.0565343,
            52.1931603
          ],
          [
            21.0565629,
            52.1931428
          ],
          [
            21.0567256,
            52.1930597
          ],
          [
            21.056763,
            52.1930343
          ]
        ]
      },
      "id": "way/23455714"
    },
    {
      "type": "Feature",
      "properties": {
        "@id": "way/23455716",
        "bicycle": "designated",
        "check_date:surface": "2023-05-15",
        "cycleway:surface": "asphalt",
        "foot": "designated",
        "footway:surface": "asphalt",
        "highway": "path",
        "lit": "yes",
        "segregated": "no",
        "smoothness": "good",
        "surface": "asphalt"
      },
      "geometry": {
        "type": "LineString",
        "coordinates": [
          [
            21.045082,
            52.1826612
          ],
          [
            21.0450014,
            52.1823413
          ],
          [
            21.0449861,
            52.1822746
          ],
          [
            21.0449536,
            52.1821331
          ],
          [
            21.044926,
            52.1820614
          ],
          [
            21.0448761,
            52.1818394
          ],
          [
            21.0448284,
            52.1816269
          ],
          [
            21.0447905,
            52.181472
          ],
          [
            21.0446963,
            52.1810214
          ],
          [
            21.0445608,
            52.1804088
          ],
          [
            21.04447,
            52.1799633
          ],
          [
            21.0443362,
            52.1794165
          ],
          [
            21.0443129,
            52.1792819
          ]
        ]
      },
      "id": "way/23455716"
    },
    {
      "type": "Feature",
      "properties": {
        "@id": "way/23455722",
        "highway": "cycleway",
        "surface": "asphalt"
      },
      "geometry": {
        "type": "LineString",
        "coordinates": [
          [
            21.0511414,
            52.1974075
          ],
          [
            21.0511652,
            52.1973886
          ],
          [
            21.0513803,
            52.1971536
          ],
          [
            21.0515055,
            52.1968943
          ],
          [
            21.0515274,
            52.1968712
          ]
        ]
      },
      "id": "way/23455722"
    },
    {
      "type": "Feature",
      "properties": {
        "@id": "way/23455730",
        "highway": "living_street"
      },
      "geometry": {
        "type": "LineString",
        "coordinates": [
          [
            21.0528213,
            52.1793481
          ],
          [
            21.0529143,
            52.1794056
          ],
          [
            21.0529851,
            52.1794493
          ],
          [
            21.0533094,
            52.179667
          ],
          [
            21.0536714,
            52.1798951
          ],
          [
            21.0540395,
            52.180127
          ],
          [
            21.0544304,
            52.1803681
          ],
          [
            21.054474,
            52.1803927
          ]
        ]
      },
      "id": "way/23455730"
    },
    {
      "type": "Feature",
      "properties": {
        "@id": "way/23498674",
        "cycleway:both": "no",
        "highway": "residential",
        "lanes": "2",
        "maxspeed": "30",
        "maxspeed:type": "sign",
        "name": "Płyćwiańska",
        "oneway": "yes",
        "oneway:bicycle": "no",
        "surface": "paving_stones"
      },
      "geometry": {
        "type": "LineString",
        "coordinates": [
          [
            21.0302862,
            52.1883682
          ],
          [
            21.0303012,
            52.1883457
          ],
          [
            21.0303095,
            52.1883311
          ],
          [
            21.0303079,
            52.1882933
          ],
          [
            21.0302886,
            52.1881983
          ],
          [
            21.0302799,
            52.188159
          ],
          [
            21.0302246,
            52.1879089
          ]
        ]
      },
      "id": "way/23498674"
    },
    {
      "type": "Feature",
      "properties": {
        "@id": "way/23498677",
        "highway": "living_street",
        "name": "Cisowa",
        "surface": "asphalt"
      },
      "geometry": {
        "type": "LineString",
        "coordinates": [
          [
            21.0311896,
            52.1877013
          ],
          [
            21.0311917,
            52.187646
          ],
          [
            21.0312055,
            52.1872771
          ],
          [
            21.0312182,
            52.1869386
          ],
          [
            21.0312279,
            52.1866796
          ],
          [
            21.031249,
            52.1861163
          ],
          [
            21.0312911,
            52.1860687
          ],
          [
            21.0312887,
            52.185509
          ]
        ]
      },
      "id": "way/23498677"
    },
    {
      "type": "Feature",
      "properties": {
        "@id": "way/23498678",
        "highway": "living_street",
        "name": "Bukowa",
        "surface": "asphalt"
      },
      "geometry": {
        "type": "LineString",
        "coordinates": [
          [
            21.03232,
            52.1878161
          ],
          [
            21.0323349,
            52.1877686
          ],
          [
            21.0323824,
            52.1875131
          ],
          [
            21.0324653,
            52.1870668
          ],
          [
            21.0325067,
            52.1867931
          ],
          [
            21.032571,
            52.1863041
          ],
          [
            21.0325501,
            52.185679
          ],
          [
            21.0325481,
            52.185422
          ],
          [
            21.0324852,
            52.1853216
          ]
        ]
      },
      "id": "way/23498678"
    },
    {
      "type": "Feature",
      "properties": {
        "@id": "way/23498679",
        "highway": "living_street",
        "name": "Bzowa"
      },
      "geometry": {
        "type": "LineString",
        "coordinates": [
          [
            21.0334867,
            52.1879369
          ],
          [
            21.0335003,
            52.1878766
          ],
          [
            21.0335637,
            52.1874846
          ],
          [
            21.0336126,
            52.1871893
          ],
          [
            21.0336489,
            52.1869672
          ],
          [
            21.0337366,
            52.1864308
          ],
          [
            21.0337685,
            52.1857053
          ],
          [
            21.0337885,
            52.1852116
          ]
        ]
      },
      "id": "way/23498679"
    },
    {
      "type": "Feature",
      "properties": {
        "@id": "way/23498680",
        "highway": "living_street",
        "name": "Bukszpanowa"
      },
      "geometry": {
        "type": "LineString",
        "coordinates": [
          [
            21.0350647,
            52.1853205
          ],
          [
            21.0350186,
            52.1854365
          ],
          [
            21.0350024,
            52.1857364
          ],
          [
            21.0349663,
            52.1864251
          ],
          [
            21.0349439,
            52.1865146
          ]
        ]
      },
      "id": "way/23498680"
    },
    {
      "type": "Feature",
      "properties": {
        "@id": "way/23498684",
        "highway": "living_street",
        "name": "Pod Skocznią"
      },
      "geometry": {
        "type": "LineString",
        "coordinates": [
          [
            21.0325501,
            52.185679
          ],
          [
            21.0337685,
            52.1857053
          ],
          [
            21.0338516,
            52.1857278
          ],
          [
            21.0350024,
            52.1857364
          ]
        ]
      },
      "id": "way/23498684"
    },
    {
      "type": "Feature",
      "properties": {
        "@id": "way/23762239",
        "highway": "residential",
        "lanes": "1",
        "maxspeed": "30",
        "name": "Stanisława Kierbedzia",
        "name:etymology:wikidata": "Q2390943",
        "oneway": "yes",
        "oneway:bicycle": "no",
        "surface": "asphalt",
        "wikidata": "Q114174059"
      },
      "geometry": {
        "type": "LineString",
        "coordinates": [
          [
            21.0462792,
            52.1997984
          ],
          [
            21.0461106,
            52.1997873
          ],
          [
            21.0459254,
            52.1997768
          ],
          [
            21.0455985,
            52.1997582
          ],
          [
            21.0453119,
            52.1997437
          ],
          [
            21.0444048,
            52.1996978
          ],
          [
            21.0440811,
            52.1996789
          ],
          [
            21.0440043,
            52.1996645
          ],
          [
            21.0439594,
            52.1996444
          ],
          [
            21.0439258,
            52.1996214
          ],
          [
            21.043911,
            52.1996093
          ],
          [
            21.0438982,
            52.1995585
          ],
          [
            21.0439147,
            52.1994277
          ],
          [
            21.0439326,
            52.1993345
          ],
          [
            21.0440043,
            52.1989601
          ],
          [
            21.0440173,
            52.1988924
          ],
          [
            21.044047,
            52.1987834
          ],
          [
            21.0440686,
            52.1987252
          ],
          [
            21.0441189,
            52.1986215
          ],
          [
            21.0442537,
            52.1983691
          ],
          [
            21.0442958,
            52.1983039
          ],
          [
            21.044353,
            52.1982603
          ],
          [
            21.0443865,
            52.1982463
          ],
          [
            21.0444306,
            52.1982344
          ],
          [
            21.0444762,
            52.198231
          ],
          [
            21.0445369,
            52.1982298
          ],
          [
            21.0446376,
            52.1982422
          ],
          [
            21.0456571,
            52.1984526
          ],
          [
            21.0463422,
            52.1985939
          ],
          [
            21.0464666,
            52.1986206
          ]
        ]
      },
      "id": "way/23762239"
    },
    {
      "type": "Feature",
      "properties": {
        "@id": "way/23986209",
        "highway": "residential",
        "maxspeed": "30",
        "name": "Konstancińska",
        "name:etymology:wikidata": "Q985687",
        "surface": "asphalt",
        "wikidata": "Q110152513"
      },
      "geometry": {
        "type": "LineString",
        "coordinates": [
          [
            21.0621906,
            52.1857741
          ],
          [
            21.0620657,
            52.1858746
          ],
          [
            21.0620303,
            52.1859025
          ],
          [
            21.06148,
            52.1863349
          ],
          [
            21.0613953,
            52.1864014
          ],
          [
            21.0612694,
            52.1865009
          ],
          [
            21.0611676,
            52.1865797
          ]
        ]
      },
      "id": "way/23986209"
    },
    {
      "type": "Feature",
      "properties": {
        "@id": "way/24050683",
        "highway": "cycleway",
        "lit": "no",
        "surface": "paving_stones"
      },
      "geometry": {
        "type": "LineString",
        "coordinates": [
          [
            21.0519561,
            52.1986902
          ],
          [
            21.0520635,
            52.1987845
          ],
          [
            21.0521147,
            52.1988261
          ],
          [
            21.0522694,
            52.1989273
          ],
          [
            21.052325,
            52.1989627
          ],
          [
            21.0523716,
            52.1989599
          ],
          [
            21.0524202,
            52.1989611
          ],
          [
            21.0524716,
            52.1989621
          ],
          [
            21.0525315,
            52.1989686
          ],
          [
            21.0526063,
            52.1989884
          ],
          [
            21.052688,
            52.1990223
          ],
          [
            21.0528912,
            52.1991418
          ],
          [
            21.0537604,
            52.1996824
          ],
          [
            21.0539443,
            52.1996911
          ],
          [
            21.0539676,
            52.1997068
          ]
        ]
      },
      "id": "way/24050683"
    },
    {
      "type": "Feature",
      "properties": {
        "@id": "way/24050685",
        "highway": "cycleway",
        "surface": "asphalt"
      },
      "geometry": {
        "type": "LineString",
        "coordinates": [
          [
            21.0746356,
            52.2039992
          ],
          [
            21.0746618,
            52.2039918
          ],
          [
            21.0746996,
            52.2039836
          ],
          [
            21.0747455,
            52.2039819
          ],
          [
            21.0757303,
            52.2041018
          ],
          [
            21.0767958,
            52.2042678
          ],
          [
            21.0768214,
            52.2042713
          ],
          [
            21.0768481,
            52.2042754
          ],
          [
            21.0768707,
            52.2042967
          ],
          [
            21.0768873,
            52.2043216
          ],
          [
            21.0768963,
            52.2043396
          ],
          [
            21.0769533,
            52.2044677
          ],
          [
            21.0769895,
            52.2045069
          ],
          [
            21.0770666,
            52.2045389
          ],
          [
            21.0776316,
            52.2047406
          ],
          [
            21.0776943,
            52.2047523
          ],
          [
            21.0777711,
            52.2047367
          ],
          [
            21.0778542,
            52.2046965
          ],
          [
            21.0779075,
            52.2046455
          ],
          [
            21.0779555,
            52.2046162
          ],
          [
            21.0780005,
            52.2046073
          ],
          [
            21.0780942,
            52.2045976
          ],
          [
            21.0784993,
            52.2047143
          ],
          [
            21.0794826,
            52.2050486
          ],
          [
            21.0798072,
            52.2051569
          ],
          [
            21.0801155,
            52.2052875
          ],
          [
            21.0804204,
            52.2054119
          ],
          [
            21.0815027,
            52.2059123
          ],
          [
            21.0819023,
            52.2061134
          ],
          [
            21.0821516,
            52.2062644
          ],
          [
            21.0823108,
            52.2063628
          ],
          [
            21.0824553,
            52.2064668
          ],
          [
            21.0825749,
            52.2065591
          ],
          [
            21.0830778,
            52.2069658
          ],
          [
            21.0832331,
            52.2070769
          ],
          [
            21.0834017,
            52.2071736
          ],
          [
            21.0834861,
            52.2072124
          ],
          [
            21.0835533,
            52.2072353
          ]
        ]
      },
      "id": "way/24050685"
    },
    {
      "type": "Feature",
      "properties": {
        "@id": "way/24873659",
        "highway": "cycleway",
        "lit": "yes",
        "surface": "paving_stones"
      },
      "geometry": {
        "type": "LineString",
        "coordinates": [
          [
            21.0679037,
            52.2033123
          ],
          [
            21.0679198,
            52.2032871
          ],
          [
            21.0679435,
            52.2032489
          ],
          [
            21.0679597,
            52.2032227
          ],
          [
            21.0680088,
            52.2031687
          ],
          [
            21.0680823,
            52.2030924
          ],
          [
            21.0684347,
            52.2027135
          ],
          [
            21.0684406,
            52.2026604
          ],
          [
            21.0684446,
            52.2026072
          ],
          [
            21.0684478,
            52.2025682
          ]
        ]
      },
      "id": "way/24873659"
    },
    {
      "type": "Feature",
      "properties": {
        "@id": "way/24873660",
        "highway": "cycleway",
        "lit": "yes",
        "surface": "paving_stones"
      },
      "geometry": {
        "type": "LineString",
        "coordinates": [
          [
            21.0691275,
            52.2026581
          ],
          [
            21.0691161,
            52.2027039
          ],
          [
            21.0690953,
            52.2027335
          ],
          [
            21.0690813,
            52.2027836
          ],
          [
            21.068603,
            52.2033049
          ]
        ]
      },
      "id": "way/24873660"
    },
    {
      "type": "Feature",
      "properties": {
        "@id": "way/24873661",
        "highway": "cycleway",
        "surface": "paving_stones"
      },
      "geometry": {
        "type": "LineString",
        "coordinates": [
          [
            21.0493194,
            52.1949869
          ],
          [
            21.0493794,
            52.1949739
          ],
          [
            21.0497616,
            52.195036
          ],
          [
            21.0498176,
            52.1950228
          ]
        ]
      },
      "id": "way/24873661"
    },
    {
      "type": "Feature",
      "properties": {
        "@id": "way/24873664",
        "highway": "cycleway",
        "lit": "yes",
        "smoothness": "excellent",
        "surface": "asphalt"
      },
      "geometry": {
        "type": "LineString",
        "coordinates": [
          [
            21.0470762,
            52.189761
          ],
          [
            21.0471194,
            52.1897773
          ]
        ]
      },
      "id": "way/24873664"
    },
    {
      "type": "Feature",
      "properties": {
        "@id": "way/24873668",
        "highway": "living_street",
        "lanes": "1",
        "maxspeed": "20",
        "oneway": "yes",
        "surface": "asphalt"
      },
      "geometry": {
        "type": "LineString",
        "coordinates": [
          [
            21.052658,
            52.1853501
          ],
          [
            21.0525289,
            52.1853494
          ],
          [
            21.052499,
            52.1853416
          ],
          [
            21.0524806,
            52.1853339
          ],
          [
            21.0524395,
            52.1853168
          ],
          [
            21.0523896,
            52.1852959
          ],
          [
            21.0523083,
            52.1852619
          ]
        ]
      },
      "id": "way/24873668"
    },
    {
      "type": "Feature",
      "properties": {
        "@id": "way/24873676",
        "highway": "residential",
        "maxspeed": "30",
        "name": "Soczi",
        "name:etymology:wikidata": "Q39420",
        "surface": "asphalt"
      },
      "geometry": {
        "type": "LineString",
        "coordinates": [
          [
            21.0540529,
            52.1807076
          ],
          [
            21.0539755,
            52.1807547
          ],
          [
            21.0539304,
            52.1807828
          ],
          [
            21.0537531,
            52.1808916
          ],
          [
            21.0535899,
            52.1809913
          ],
          [
            21.0532189,
            52.1812285
          ],
          [
            21.052783,
            52.1814989
          ],
          [
            21.0524238,
            52.1817233
          ],
          [
            21.0520398,
            52.1819624
          ],
          [
            21.0514867,
            52.1823075
          ]
        ]
      },
      "id": "way/24873676"
    },
    {
      "type": "Feature",
      "properties": {
        "@id": "way/24873677",
        "highway": "residential",
        "maxspeed": "30",
        "name": "Batumi",
        "name:etymology:wikidata": "Q25475",
        "surface": "asphalt"
      },
      "geometry": {
        "type": "LineString",
        "coordinates": [
          [
            21.053507,
            52.1803598
          ],
          [
            21.0534382,
            52.180401
          ],
          [
            21.0533925,
            52.180429
          ],
          [
            21.0526565,
            52.1808901
          ],
          [
            21.0525907,
            52.1809338
          ],
          [
            21.0522344,
            52.1811606
          ],
          [
            21.0517166,
            52.1814852
          ],
          [
            21.051505,
            52.1816156
          ],
          [
            21.0510249,
            52.1819281
          ],
          [
            21.0508929,
            52.182014
          ]
        ]
      },
      "id": "way/24873677"
    },
    {
      "type": "Feature",
      "properties": {
        "@id": "way/25573164",
        "bicycle": "designated",
        "crossing": "traffic_signals",
        "crossing:markings": "dots",
        "cycleway": "crossing",
        "highway": "cycleway",
        "lit": "yes",
        "smoothness": "excellent",
        "surface": "asphalt"
      },
      "geometry": {
        "type": "LineString",
        "coordinates": [
          [
            21.0555085,
            52.1819297
          ],
          [
            21.055429,
            52.1818981
          ],
          [
            21.0553488,
            52.1818661
          ]
        ]
      },
      "id": "way/25573164"
    },
    {
      "type": "Feature",
      "properties": {
        "@id": "way/25714441",
        "highway": "living_street",
        "name": "Jedlińska",
        "name:etymology:wikidata": "Q965933",
        "surface": "asphalt"
      },
      "geometry": {
        "type": "LineString",
        "coordinates": [
          [
            21.0586642,
            52.1810669
          ],
          [
            21.0603131,
            52.1817277
          ],
          [
            21.060436,
            52.181777
          ],
          [
            21.0604893,
            52.1817983
          ]
        ]
      },
      "id": "way/25714441"
    },
    {
      "type": "Feature",
      "properties": {
        "@id": "way/25714471",
        "highway": "living_street",
        "name": "Korczyńska",
        "surface": "asphalt"
      },
      "geometry": {
        "type": "LineString",
        "coordinates": [
          [
            21.0530493,
            52.189341
          ],
          [
            21.0530112,
            52.1893798
          ],
          [
            21.0529834,
            52.1894137
          ],
          [
            21.0529226,
            52.1894707
          ],
          [
            21.0528603,
            52.1895738
          ],
          [
            21.0527682,
            52.1897344
          ],
          [
            21.0527493,
            52.1897792
          ],
          [
            21.0527177,
            52.1898734
          ],
          [
            21.052698,
            52.1899323
          ],
          [
            21.0525956,
            52.190113
          ],
          [
            21.0524587,
            52.1903557
          ],
          [
            21.0523492,
            52.1905506
          ],
          [
            21.0522694,
            52.1906902
          ],
          [
            21.0522461,
            52.1907308
          ],
          [
            21.0521226,
            52.190949
          ],
          [
            21.0520896,
            52.1909782
          ]
        ]
      },
      "id": "way/25714471"
    },
    {
      "type": "Feature",
      "properties": {
        "@id": "way/25714475",
        "access": "private",
        "highway": "living_street"
      },
      "geometry": {
        "type": "LineString",
        "coordinates": [
          [
            21.0539599,
            52.1898094
          ],
          [
            21.0538957,
            52.1898666
          ],
          [
            21.0537497,
            52.1900042
          ],
          [
            21.0534434,
            52.1902761
          ],
          [
            21.0534272,
            52.1902974
          ],
          [
            21.0534135,
            52.1903219
          ],
          [
            21.0533887,
            52.1904299
          ],
          [
            21.0532967,
            52.1908315
          ],
          [
            21.0532497,
            52.1910376
          ],
          [
            21.0531844,
            52.1913188
          ],
          [
            21.0531872,
            52.1913497
          ],
          [
            21.0531918,
            52.1913721
          ],
          [
            21.0532026,
            52.1913842
          ],
          [
            21.0532223,
            52.1914037
          ],
          [
            21.0532563,
            52.1914186
          ],
          [
            21.0533002,
            52.1914289
          ],
          [
            21.0533683,
            52.1914366
          ],
          [
            21.0542996,
            52.1915143
          ],
          [
            21.0543617,
            52.1915167
          ],
          [
            21.0543978,
            52.1915152
          ],
          [
            21.0544459,
            52.1915038
          ],
          [
            21.054475,
            52.1914926
          ],
          [
            21.0544985,
            52.1914777
          ],
          [
            21.0545182,
            52.1914513
          ],
          [
            21.0546456,
            52.1909163
          ],
          [
            21.0547628,
            52.1907257
          ],
          [
            21.054772,
            52.1906839
          ],
          [
            21.0547768,
            52.190662
          ],
          [
            21.054875,
            52.1902266
          ],
          [
            21.0548757,
            52.1901965
          ],
          [
            21.0548645,
            52.1901543
          ],
          [
            21.0547809,
            52.190021
          ],
          [
            21.0547767,
            52.1900142
          ],
          [
            21.0547664,
            52.1899916
          ]
        ]
      },
      "id": "way/25714475"
    },
    {
      "type": "Feature",
      "properties": {
        "@id": "way/25714477",
        "highway": "living_street",
        "name": "Jaszowiecka",
        "surface": "paving_stones"
      },
      "geometry": {
        "type": "LineString",
        "coordinates": [
          [
            21.0524808,
            52.1889538
          ],
          [
            21.0524869,
            52.1889484
          ],
          [
            21.0525851,
            52.188838
          ],
          [
            21.0526828,
            52.1887295
          ],
          [
            21.0527077,
            52.1887019
          ],
          [
            21.0527882,
            52.1886074
          ],
          [
            21.0528775,
            52.1885027
          ],
          [
            21.052912,
            52.1884604
          ],
          [
            21.0529674,
            52.1883926
          ],
          [
            21.0530239,
            52.1883234
          ],
          [
            21.0530761,
            52.1882601
          ],
          [
            21.0531662,
            52.1881507
          ],
          [
            21.0531952,
            52.1881151
          ],
          [
            21.0532525,
            52.188044
          ],
          [
            21.0532575,
            52.1880071
          ],
          [
            21.0532569,
            52.1879569
          ],
          [
            21.0532528,
            52.187938
          ],
          [
            21.053241,
            52.1875577
          ],
          [
            21.0526209,
            52.1874299
          ],
          [
            21.0525881,
            52.1874235
          ],
          [
            21.0520641,
            52.1873173
          ],
          [
            21.0520368,
            52.1873118
          ]
        ]
      },
      "id": "way/25714477"
    },
    {
      "type": "Feature",
      "properties": {
        "@id": "way/25714478",
        "highway": "living_street",
        "name": "Jaszowiecka",
        "surface": "asphalt"
      },
      "geometry": {
        "type": "LineString",
        "coordinates": [
          [
            21.0507231,
            52.1871722
          ],
          [
            21.0507772,
            52.1871743
          ],
          [
            21.0508519,
            52.1871771
          ],
          [
            21.0508751,
            52.187178
          ],
          [
            21.0510955,
            52.1872003
          ],
          [
            21.0511431,
            52.1872076
          ],
          [
            21.0513403,
            52.1872487
          ],
          [
            21.0514863,
            52.1872804
          ],
          [
            21.0519998,
            52.1873803
          ],
          [
            21.0520368,
            52.1873118
          ],
          [
            21.0521096,
            52.1871764
          ],
          [
            21.0522501,
            52.1869203
          ],
          [
            21.0523346,
            52.1868525
          ],
          [
            21.0523578,
            52.1868371
          ],
          [
            21.052546,
            52.1865001
          ],
          [
            21.0525696,
            52.1864553
          ],
          [
            21.0525906,
            52.1864159
          ],
          [
            21.0526709,
            52.1862643
          ],
          [
            21.0527287,
            52.1861555
          ],
          [
            21.0527432,
            52.1861278
          ],
          [
            21.0527808,
            52.1860571
          ],
          [
            21.0528928,
            52.1858579
          ],
          [
            21.0529082,
            52.1858262
          ],
          [
            21.0529205,
            52.1858053
          ],
          [
            21.0530083,
            52.1856309
          ],
          [
            21.0530233,
            52.1856004
          ]
        ]
      },
      "id": "way/25714478"
    },
    {
      "type": "Feature",
      "properties": {
        "@id": "way/25714481",
        "highway": "living_street",
        "noname": "yes"
      },
      "geometry": {
        "type": "LineString",
        "coordinates": [
          [
            21.0628279,
            52.193564
          ],
          [
            21.0634855,
            52.1934341
          ],
          [
            21.0636922,
            52.1933849
          ],
          [
            21.0639039,
            52.1933562
          ],
          [
            21.0639929,
            52.1933441
          ],
          [
            21.0641723,
            52.1933264
          ],
          [
            21.0642125,
            52.1933225
          ],
          [
            21.0644098,
            52.1932994
          ],
          [
            21.0645263,
            52.193306
          ],
          [
            21.0645869,
            52.1933096
          ],
          [
            21.0646691,
            52.1933039
          ],
          [
            21.0647837,
            52.1932834
          ],
          [
            21.0650538,
            52.1932121
          ],
          [
            21.065128,
            52.1931994
          ],
          [
            21.0653279,
            52.1931548
          ],
          [
            21.0654622,
            52.1931248
          ],
          [
            21.0655562,
            52.1931163
          ],
          [
            21.0656874,
            52.1931222
          ],
          [
            21.0660229,
            52.1931392
          ],
          [
            21.0665523,
            52.1931663
          ],
          [
            21.0666156,
            52.1931766
          ],
          [
            21.066722,
            52.1931927
          ],
          [
            21.0670701,
            52.1932572
          ],
          [
            21.0671659,
            52.1932708
          ],
          [
            21.0673778,
            52.1932975
          ],
          [
            21.0674784,
            52.1933045
          ],
          [
            21.06774,
            52.1932732
          ],
          [
            21.0678597,
            52.1932458
          ]
        ]
      },
      "id": "way/25714481"
    },
    {
      "type": "Feature",
      "properties": {
        "@id": "way/25714493",
        "highway": "cycleway",
        "surface": "paving_stones",
        "width": "2"
      },
      "geometry": {
        "type": "LineString",
        "coordinates": [
          [
            21.07062,
            52.2007464
          ],
          [
            21.0705411,
            52.2005809
          ],
          [
            21.0704909,
            52.2004957
          ],
          [
            21.0703881,
            52.2004119
          ],
          [
            21.0697942,
            52.2001576
          ],
          [
            21.069193,
            52.1998983
          ],
          [
            21.0690273,
            52.1998352
          ],
          [
            21.0689094,
            52.1998069
          ],
          [
            21.0687334,
            52.1997982
          ],
          [
            21.0684973,
            52.1997966
          ],
          [
            21.0682211,
            52.1998271
          ],
          [
            21.0677986,
            52.1998983
          ],
          [
            21.0675515,
            52.1999514
          ],
          [
            21.067451,
            52.1999704
          ],
          [
            21.0673289,
            52.1999761
          ],
          [
            21.0672161,
            52.199944
          ],
          [
            21.0671433,
            52.1999045
          ],
          [
            21.0670982,
            52.1998461
          ],
          [
            21.0670974,
            52.1997771
          ],
          [
            21.0671336,
            52.1997195
          ],
          [
            21.0671994,
            52.1996621
          ],
          [
            21.0673253,
            52.1996311
          ],
          [
            21.0679289,
            52.1995171
          ],
          [
            21.0684354,
            52.1994303
          ],
          [
            21.0685405,
            52.1994252
          ],
          [
            21.0690246,
            52.199447
          ],
          [
            21.0691528,
            52.1994754
          ],
          [
            21.0693391,
            52.1995535
          ],
          [
            21.0701996,
            52.1999179
          ],
          [
            21.070564,
            52.200064
          ],
          [
            21.0754636,
            52.2021679
          ],
          [
            21.0755466,
            52.202224
          ],
          [
            21.0755939,
            52.2023029
          ],
          [
            21.0757033,
            52.2025638
          ],
          [
            21.0756951,
            52.2026473
          ],
          [
            21.0755965,
            52.2028434
          ],
          [
            21.0755763,
            52.2028995
          ],
          [
            21.0755459,
            52.2029643
          ]
        ]
      },
      "id": "way/25714493"
    },
    {
      "type": "Feature",
      "properties": {
        "@id": "way/25714494",
        "highway": "living_street",
        "name": "Bernardyńska",
        "surface": "paving_stones",
        "width": "6"
      },
      "geometry": {
        "type": "LineString",
        "coordinates": [
          [
            21.06201,
            52.193852
          ],
          [
            21.062097,
            52.1941049
          ],
          [
            21.0621588,
            52.1943078
          ],
          [
            21.0621937,
            52.1944735
          ],
          [
            21.0622164,
            52.1946793
          ],
          [
            21.0622317,
            52.1948182
          ],
          [
            21.0622702,
            52.1953121
          ],
          [
            21.0622755,
            52.1953593
          ],
          [
            21.0622983,
            52.1953955
          ],
          [
            21.0623372,
            52.1954193
          ],
          [
            21.0623935,
            52.1954391
          ],
          [
            21.0624552,
            52.1954465
          ],
          [
            21.0637222,
            52.1954023
          ],
          [
            21.0642535,
            52.1953797
          ],
          [
            21.0650041,
            52.1953478
          ]
        ]
      },
      "id": "way/25714494"
    },
    {
      "type": "Feature",
      "properties": {
        "@id": "way/25714507",
        "highway": "cycleway",
        "lit": "no",
        "surface": "asphalt"
      },
      "geometry": {
        "type": "LineString",
        "coordinates": [
          [
            21.05403,
            52.1997517
          ],
          [
            21.0541457,
            52.1998389
          ],
          [
            21.0546293,
            52.2001158
          ],
          [
            21.0550314,
            52.2003171
          ],
          [
            21.0554524,
            52.200504
          ],
          [
            21.0560565,
            52.2007578
          ],
          [
            21.0566867,
            52.2010031
          ],
          [
            21.0570927,
            52.2011556
          ],
          [
            21.0578053,
            52.201396
          ],
          [
            21.0583797,
            52.2015661
          ],
          [
            21.0597047,
            52.2019388
          ],
          [
            21.0599549,
            52.2020334
          ],
          [
            21.0600328,
            52.2020523
          ],
          [
            21.0604342,
            52.2021412
          ],
          [
            21.0604889,
            52.2021541
          ],
          [
            21.0609089,
            52.2022139
          ],
          [
            21.061221,
            52.2022752
          ],
          [
            21.0612602,
            52.2022822
          ],
          [
            21.0612947,
            52.2022877
          ],
          [
            21.0622191,
            52.2024547
          ],
          [
            21.0630802,
            52.2025845
          ],
          [
            21.0638134,
            52.2026856
          ],
          [
            21.0649069,
            52.2028395
          ],
          [
            21.0656406,
            52.202942
          ],
          [
            21.0659525,
            52.2029861
          ],
          [
            21.066295,
            52.2030346
          ],
          [
            21.0664261,
            52.203059
          ],
          [
            21.0665146,
            52.2030951
          ],
          [
            21.0666244,
            52.2031134
          ],
          [
            21.0670494,
            52.2031967
          ],
          [
            21.0670924,
            52.2032051
          ],
          [
            21.0675025,
            52.2032443
          ],
          [
            21.0676082,
            52.2032744
          ],
          [
            21.0676725,
            52.2033189
          ]
        ]
      },
      "id": "way/25714507"
    },
    {
      "type": "Feature",
      "properties": {
        "@id": "way/28018798",
        "highway": "living_street",
        "name": "Jana Piekałkiewicza",
        "oneway": "yes",
        "surface": "asphalt"
      },
      "geometry": {
        "type": "LineString",
        "coordinates": [
          [
            21.0538736,
            52.1945972
          ],
          [
            21.0537523,
            52.1945401
          ],
          [
            21.0533215,
            52.1943371
          ],
          [
            21.0532557,
            52.1943061
          ],
          [
            21.0529766,
            52.1941747
          ],
          [
            21.0529165,
            52.1941533
          ],
          [
            21.0528521,
            52.1941417
          ],
          [
            21.0526242,
            52.1941235
          ],
          [
            21.0524095,
            52.1941063
          ],
          [
            21.0521892,
            52.1940884
          ],
          [
            21.0521162,
            52.194081
          ],
          [
            21.0515954,
            52.1940299
          ],
          [
            21.0513891,
            52.1940113
          ],
          [
            21.0508239,
            52.1939627
          ],
          [
            21.0506052,
            52.1939484
          ],
          [
            21.0501498,
            52.1939161
          ],
          [
            21.0500143,
            52.1939077
          ],
          [
            21.0497527,
            52.1938917
          ],
          [
            21.0496198,
            52.1938961
          ],
          [
            21.0495664,
            52.1939004
          ],
          [
            21.0494994,
            52.1939057
          ]
        ]
      },
      "id": "way/28018798"
    },
    {
      "type": "Feature",
      "properties": {
        "@id": "way/28018800",
        "highway": "living_street",
        "parking:lane:left": "parallel",
        "parking:lane:right": "perpendicular"
      },
      "geometry": {
        "type": "LineString",
        "coordinates": [
          [
            21.0532571,
            52.1951565
          ],
          [
            21.0529636,
            52.1953324
          ],
          [
            21.0529304,
            52.1953683
          ],
          [
            21.0529155,
            52.1954092
          ],
          [
            21.0529007,
            52.1954729
          ]
        ]
      },
      "id": "way/28018800"
    },
    {
      "type": "Feature",
      "properties": {
        "@id": "way/28018801",
        "highway": "living_street",
        "oneway": "yes"
      },
      "geometry": {
        "type": "LineString",
        "coordinates": [
          [
            21.0511071,
            52.1958505
          ],
          [
            21.0509881,
            52.19582
          ],
          [
            21.0508826,
            52.1957776
          ],
          [
            21.050845,
            52.1957509
          ],
          [
            21.0508144,
            52.1957234
          ],
          [
            21.0507557,
            52.1956601
          ],
          [
            21.0507341,
            52.1956323
          ],
          [
            21.0506149,
            52.1954791
          ],
          [
            21.0505276,
            52.1953668
          ]
        ]
      },
      "id": "way/28018801"
    },
    {
      "type": "Feature",
      "properties": {
        "@id": "way/29328651",
        "highway": "living_street"
      },
      "geometry": {
        "type": "LineString",
        "coordinates": [
          [
            21.0622624,
            52.1801002
          ],
          [
            21.0616781,
            52.1798582
          ],
          [
            21.0608985,
            52.1795468
          ]
        ]
      },
      "id": "way/29328651"
    },
    {
      "type": "Feature",
      "properties": {
        "@id": "way/29328671",
        "highway": "living_street",
        "name": "Muszyńska",
        "name:etymology:wikidata": "Q1642884"
      },
      "geometry": {
        "type": "LineString",
        "coordinates": [
          [
            21.0706619,
            52.1811612
          ],
          [
            21.0703932,
            52.1814102
          ],
          [
            21.0703704,
            52.1814594
          ],
          [
            21.0703804,
            52.1815034
          ],
          [
            21.0704149,
            52.1815436
          ],
          [
            21.0710547,
            52.1820487
          ]
        ]
      },
      "id": "way/29328671"
    },
    {
      "type": "Feature",
      "properties": {
        "@id": "way/29328678",
        "highway": "residential",
        "lanes": "2",
        "maxspeed": "30",
        "name": "Cypriana Godebskiego",
        "name:etymology:wikidata": "Q1148285",
        "surface": "asphalt",
        "wikidata": "Q106874993"
      },
      "geometry": {
        "type": "LineString",
        "coordinates": [
          [
            21.065275,
            52.1888868
          ],
          [
            21.06536,
            52.1888693
          ],
          [
            21.0657949,
            52.1887673
          ],
          [
            21.0658431,
            52.18875
          ],
          [
            21.0658799,
            52.1887135
          ],
          [
            21.0660862,
            52.1884416
          ],
          [
            21.0662929,
            52.1881574
          ],
          [
            21.0667641,
            52.1878525
          ],
          [
            21.0668602,
            52.1877788
          ],
          [
            21.0680454,
            52.1866347
          ],
          [
            21.0680912,
            52.1865907
          ],
          [
            21.0687218,
            52.1859844
          ]
        ]
      },
      "id": "way/29328678"
    },
    {
      "type": "Feature",
      "properties": {
        "@id": "way/29328690",
        "highway": "residential",
        "lanes": "2",
        "maxspeed": "30",
        "maxspeed:type": "sign",
        "name": "Goraszewska",
        "surface": "sett",
        "wikidata": "Q106928026"
      },
      "geometry": {
        "type": "LineString",
        "coordinates": [
          [
            21.064515,
            52.186556
          ],
          [
            21.0656168,
            52.1871256
          ],
          [
            21.0668602,
            52.1877788
          ],
          [
            21.0680059,
            52.1883823
          ],
          [
            21.0680608,
            52.1884112
          ],
          [
            21.0686931,
            52.1887273
          ]
        ]
      },
      "id": "way/29328690"
    },
    {
      "type": "Feature",
      "properties": {
        "@id": "way/29328701",
        "highway": "residential",
        "lanes": "2",
        "maxspeed": "30",
        "name": "Zielona",
        "surface": "paving_stones"
      },
      "geometry": {
        "type": "LineString",
        "coordinates": [
          [
            21.0713954,
            52.1867072
          ],
          [
            21.0701101,
            52.1869728
          ],
          [
            21.069949,
            52.1867427
          ],
          [
            21.0698634,
            52.1866554
          ],
          [
            21.0698033,
            52.1865911
          ],
          [
            21.0697286,
            52.1865339
          ],
          [
            21.0694012,
            52.1863298
          ],
          [
            21.0687593,
            52.1860038
          ],
          [
            21.0687218,
            52.1859844
          ],
          [
            21.0681159,
            52.1856632
          ],
          [
            21.0674698,
            52.1858429
          ],
          [
            21.0672587,
            52.1859018
          ],
          [
            21.0668029,
            52.1860312
          ]
        ]
      },
      "id": "way/29328701"
    },
    {
      "type": "Feature",
      "properties": {
        "@id": "way/29328703",
        "highway": "living_street",
        "surface": "sett"
      },
      "geometry": {
        "type": "LineString",
        "coordinates": [
          [
            21.06867,
            52.1878412
          ],
          [
            21.0687332,
            52.1878663
          ]
        ]
      },
      "id": "way/29328703"
    },
    {
      "type": "Feature",
      "properties": {
        "@id": "way/29328704",
        "highway": "residential",
        "lanes": "2",
        "maxspeed": "30",
        "name": "Aleksandra Waszkowskiego",
        "name:etymology:wikidata": "Q3317642",
        "surface": "paving_stones"
      },
      "geometry": {
        "type": "LineString",
        "coordinates": [
          [
            21.0656168,
            52.1871256
          ],
          [
            21.0668029,
            52.1860312
          ]
        ]
      },
      "id": "way/29328704"
    },
    {
      "type": "Feature",
      "properties": {
        "@id": "way/29328712",
        "highway": "living_street",
        "name": "Sobolewska"
      },
      "geometry": {
        "type": "LineString",
        "coordinates": [
          [
            21.0650439,
            52.189652
          ],
          [
            21.0652513,
            52.1899593
          ],
          [
            21.0652338,
            52.1899893
          ],
          [
            21.0651835,
            52.1900083
          ],
          [
            21.064282,
            52.1902233
          ],
          [
            21.0642362,
            52.1902276
          ],
          [
            21.0642046,
            52.1902238
          ],
          [
            21.0640117,
            52.1899147
          ]
        ]
      },
      "id": "way/29328712"
    },
    {
      "type": "Feature",
      "properties": {
        "@id": "way/29328714",
        "highway": "living_street",
        "name": "Zakręt",
        "wikidata": "Q107009537"
      },
      "geometry": {
        "type": "LineString",
        "coordinates": [
          [
            21.0660862,
            52.1884416
          ],
          [
            21.0667944,
            52.1886545
          ],
          [
            21.0668227,
            52.1886771
          ],
          [
            21.0668368,
            52.1887205
          ],
          [
            21.0672077,
            52.1889149
          ]
        ]
      },
      "id": "way/29328714"
    },
    {
      "type": "Feature",
      "properties": {
        "@id": "way/29328717",
        "highway": "living_street",
        "lit": "no",
        "name": "Kuracyjna",
        "surface": "paving_stones"
      },
      "geometry": {
        "type": "LineString",
        "coordinates": [
          [
            21.070669,
            52.1890099
          ],
          [
            21.0708292,
            52.1885494
          ]
        ]
      },
      "id": "way/29328717"
    },
    {
      "type": "Feature",
      "properties": {
        "@id": "way/29328731",
        "access": "yes",
        "foot": "yes",
        "highway": "living_street",
        "maxspeed": "20",
        "motor_vehicle": "yes",
        "name": "Dłutowska",
        "note": "Znak strefa zamieszkania na bramie",
        "source:maxspeed": "sign"
      },
      "geometry": {
        "type": "LineString",
        "coordinates": [
          [
            21.0751866,
            52.1941387
          ],
          [
            21.0758609,
            52.1941338
          ],
          [
            21.0768945,
            52.1941314
          ],
          [
            21.0775469,
            52.1941239
          ],
          [
            21.0778347,
            52.1941242
          ],
          [
            21.0780658,
            52.1941237
          ],
          [
            21.0786351,
            52.1941225
          ],
          [
            21.0794333,
            52.1941273
          ],
          [
            21.0799958,
            52.1941255
          ],
          [
            21.0802588,
            52.1941251
          ],
          [
            21.0808938,
            52.1941255
          ],
          [
            21.0810569,
            52.1941269
          ],
          [
            21.0817732,
            52.1941369
          ],
          [
            21.0825205,
            52.194138
          ],
          [
            21.0831708,
            52.1941418
          ],
          [
            21.0833339,
            52.194141
          ],
          [
            21.0833697,
            52.1941408
          ]
        ]
      },
      "id": "way/29328731"
    },
    {
      "type": "Feature",
      "properties": {
        "@id": "way/29450555",
        "highway": "residential",
        "maxspeed": "30",
        "name": "Siekierkowska",
        "oneway": "yes",
        "oneway:bicycle": "no",
        "source:maxspeed": "sign"
      },
      "geometry": {
        "type": "LineString",
        "coordinates": [
          [
            21.0715134,
            52.2124992
          ],
          [
            21.071532,
            52.2124293
          ],
          [
            21.0715378,
            52.2124076
          ],
          [
            21.071916,
            52.2120281
          ],
          [
            21.0719477,
            52.2119963
          ],
          [
            21.0720838,
            52.21186
          ],
          [
            21.0722255,
            52.2117235
          ],
          [
            21.0726846,
            52.2112865
          ],
          [
            21.0727182,
            52.2112536
          ],
          [
            21.072785,
            52.2111884
          ],
          [
            21.0729246,
            52.2110519
          ],
          [
            21.0729721,
            52.2110055
          ],
          [
            21.0730044,
            52.2109739
          ],
          [
            21.0730996,
            52.2108808
          ],
          [
            21.0732453,
            52.2107384
          ],
          [
            21.0733461,
            52.2106399
          ],
          [
            21.0734353,
            52.2105527
          ],
          [
            21.0735174,
            52.2104724
          ],
          [
            21.073603,
            52.2103925
          ],
          [
            21.0736758,
            52.2103246
          ],
          [
            21.0737643,
            52.210242
          ],
          [
            21.0737956,
            52.2102128
          ],
          [
            21.0738649,
            52.2101482
          ],
          [
            21.0739035,
            52.2101082
          ],
          [
            21.0739692,
            52.2100403
          ],
          [
            21.0739978,
            52.2100106
          ],
          [
            21.0742176,
            52.2097832
          ],
          [
            21.0742465,
            52.2097534
          ],
          [
            21.0742757,
            52.2097231
          ],
          [
            21.0743084,
            52.2096893
          ],
          [
            21.0743434,
            52.2096531
          ],
          [
            21.0743726,
            52.2096229
          ],
          [
            21.0745268,
            52.2094633
          ],
          [
            21.0745585,
            52.2094304
          ],
          [
            21.0745692,
            52.2093986
          ],
          [
            21.0745628,
            52.2093742
          ],
          [
            21.0745454,
            52.2093495
          ],
          [
            21.0744796,
            52.209272
          ]
        ]
      },
      "id": "way/29450555"
    },
    {
      "type": "Feature",
      "properties": {
        "@id": "way/29450572",
        "highway": "living_street",
        "noname": "yes"
      },
      "geometry": {
        "type": "LineString",
        "coordinates": [
          [
            21.0646351,
            52.2093092
          ],
          [
            21.0646136,
            52.2093758
          ],
          [
            21.0646019,
            52.2094122
          ],
          [
            21.0645906,
            52.2094471
          ],
          [
            21.064247,
            52.2104844
          ],
          [
            21.0642408,
            52.2105032
          ],
          [
            21.0641709,
            52.2107143
          ],
          [
            21.0637422,
            52.2120673
          ],
          [
            21.0637304,
            52.2121009
          ],
          [
            21.0637179,
            52.2121342
          ],
          [
            21.0637051,
            52.2121664
          ],
          [
            21.0636916,
            52.2121988
          ],
          [
            21.0636885,
            52.2122058
          ],
          [
            21.0636736,
            52.2122394
          ]
        ]
      },
      "id": "way/29450572"
    },
    {
      "type": "Feature",
      "properties": {
        "@id": "way/29450592",
        "highway": "living_street",
        "lanes": "1",
        "maxspeed": "20",
        "name": "Daktylowa",
        "surface": "asphalt"
      },
      "geometry": {
        "type": "LineString",
        "coordinates": [
          [
            21.0696884,
            52.2094521
          ],
          [
            21.0696733,
            52.2094925
          ],
          [
            21.0688139,
            52.2122966
          ],
          [
            21.0687873,
            52.2123738
          ],
          [
            21.0687758,
            52.2124123
          ]
        ]
      },
      "id": "way/29450592"
    },
    {
      "type": "Feature",
      "properties": {
        "@id": "way/30791648",
        "highway": "residential",
        "maxspeed": "30",
        "maxweight": "2.5",
        "name": "Łucznicza",
        "name:etymology:wikidata": "Q890527",
        "surface": "asphalt",
        "wikidata": "Q114457276"
      },
      "geometry": {
        "type": "LineString",
        "coordinates": [
          [
            21.0891048,
            52.1800034
          ],
          [
            21.0891017,
            52.1799293
          ],
          [
            21.0891118,
            52.1798463
          ],
          [
            21.0891415,
            52.179682
          ],
          [
            21.0891476,
            52.1796286
          ],
          [
            21.0891667,
            52.1794818
          ],
          [
            21.0891758,
            52.1792738
          ],
          [
            21.0891546,
            52.1788223
          ],
          [
            21.0891521,
            52.1787256
          ],
          [
            21.08915,
            52.1783059
          ],
          [
            21.0891465,
            52.1782394
          ],
          [
            21.0891358,
            52.1781899
          ],
          [
            21.0890885,
            52.1779896
          ],
          [
            21.0890639,
            52.1778943
          ],
          [
            21.0890563,
            52.1778587
          ],
          [
            21.0890358,
            52.1774717
          ],
          [
            21.0890316,
            52.1773921
          ]
        ]
      },
      "id": "way/30791648"
    },
    {
      "type": "Feature",
      "properties": {
        "@id": "way/30987579",
        "highway": "living_street"
      },
      "geometry": {
        "type": "LineString",
        "coordinates": [
          [
            21.0597482,
            52.1913309
          ],
          [
            21.0603042,
            52.191593
          ],
          [
            21.0605216,
            52.1916892
          ],
          [
            21.0605552,
            52.1917259
          ],
          [
            21.0607049,
            52.1917386
          ],
          [
            21.0613863,
            52.1917963
          ],
          [
            21.0617083,
            52.1918235
          ],
          [
            21.0621856,
            52.1918651
          ],
          [
            21.0623796,
            52.191882
          ],
          [
            21.062615,
            52.1918982
          ],
          [
            21.062684,
            52.1918863
          ],
          [
            21.062743,
            52.1918426
          ],
          [
            21.062965,
            52.191678
          ],
          [
            21.063006,
            52.1916476
          ]
        ]
      },
      "id": "way/30987579"
    },
    {
      "type": "Feature",
      "properties": {
        "@id": "way/30988168",
        "highway": "living_street",
        "maxspeed": "20",
        "name": "Zwierzyniecka",
        "surface": "asphalt",
        "wikidata": "Q124312235"
      },
      "geometry": {
        "type": "LineString",
        "coordinates": [
          [
            21.0522532,
            52.2060187
          ],
          [
            21.0518839,
            52.2059855
          ],
          [
            21.051742,
            52.2059715
          ],
          [
            21.0516161,
            52.2059591
          ],
          [
            21.0515552,
            52.20597
          ],
          [
            21.0515115,
            52.2059905
          ],
          [
            21.051479,
            52.2060159
          ],
          [
            21.0514575,
            52.2060757
          ],
          [
            21.0513989,
            52.2062913
          ],
          [
            21.0513284,
            52.2065613
          ],
          [
            21.0512846,
            52.2067409
          ],
          [
            21.0512547,
            52.2068633
          ],
          [
            21.0512265,
            52.2069825
          ],
          [
            21.0512121,
            52.2070434
          ]
        ]
      },
      "id": "way/30988168"
    },
    {
      "type": "Feature",
      "properties": {
        "@id": "way/30988169",
        "highway": "living_street",
        "maxspeed": "20",
        "sidewalk:left": "separate",
        "sidewalk:right": "no",
        "surface": "asphalt"
      },
      "geometry": {
        "type": "LineString",
        "coordinates": [
          [
            21.0518839,
            52.2059855
          ],
          [
            21.0519017,
            52.2059097
          ],
          [
            21.0520726,
            52.205183
          ],
          [
            21.0521058,
            52.2050551
          ],
          [
            21.0521139,
            52.2050238
          ]
        ]
      },
      "id": "way/30988169"
    },
    {
      "type": "Feature",
      "properties": {
        "@id": "way/34492709",
        "highway": "living_street",
        "noname": "yes",
        "surface": "asphalt"
      },
      "geometry": {
        "type": "LineString",
        "coordinates": [
          [
            21.0521585,
            52.1925688
          ],
          [
            21.0521413,
            52.1926527
          ],
          [
            21.052135,
            52.1926831
          ],
          [
            21.0521287,
            52.1927141
          ],
          [
            21.0521091,
            52.1928095
          ],
          [
            21.0520614,
            52.1930345
          ],
          [
            21.0519899,
            52.1933715
          ],
          [
            21.0520433,
            52.1934013
          ],
          [
            21.0520527,
            52.1934939
          ],
          [
            21.0520549,
            52.193515
          ],
          [
            21.0520666,
            52.1936302
          ],
          [
            21.05208,
            52.1937623
          ],
          [
            21.0520933,
            52.1938932
          ],
          [
            21.0520953,
            52.1939132
          ],
          [
            21.0521092,
            52.1940496
          ],
          [
            21.0521162,
            52.194081
          ]
        ]
      },
      "id": "way/34492709"
    },
    {
      "type": "Feature",
      "properties": {
        "@id": "way/34492710",
        "highway": "living_street",
        "parking:lane:right": "perpendicular",
        "surface": "asphalt"
      },
      "geometry": {
        "type": "LineString",
        "coordinates": [
          [
            21.0491505,
            52.1925545
          ],
          [
            21.0492181,
            52.1925629
          ],
          [
            21.0494506,
            52.1925797
          ],
          [
            21.0498097,
            52.1926099
          ],
          [
            21.0501257,
            52.1926364
          ],
          [
            21.0506843,
            52.1926833
          ],
          [
            21.0509667,
            52.1927083
          ],
          [
            21.0511964,
            52.1927287
          ],
          [
            21.0515652,
            52.1927613
          ],
          [
            21.0518422,
            52.1927859
          ],
          [
            21.0520659,
            52.1928057
          ],
          [
            21.0521091,
            52.1928095
          ],
          [
            21.0526735,
            52.1928561
          ]
        ]
      },
      "id": "way/34492710"
    },
    {
      "type": "Feature",
      "properties": {
        "@id": "way/34492711",
        "highway": "living_street"
      },
      "geometry": {
        "type": "LineString",
        "coordinates": [
          [
            21.0529515,
            52.192879
          ],
          [
            21.0529268,
            52.1929923
          ],
          [
            21.0528226,
            52.1934714
          ],
          [
            21.0527727,
            52.1935434
          ],
          [
            21.0534424,
            52.1936007
          ],
          [
            21.0535227,
            52.1936091
          ],
          [
            21.0535884,
            52.1936037
          ],
          [
            21.0536372,
            52.1935997
          ],
          [
            21.0538543,
            52.1935672
          ],
          [
            21.0539518,
            52.1935148
          ],
          [
            21.0540749,
            52.1934939
          ]
        ]
      },
      "id": "way/34492711"
    },
    {
      "type": "Feature",
      "properties": {
        "@id": "way/34492712",
        "highway": "living_street"
      },
      "geometry": {
        "type": "LineString",
        "coordinates": [
          [
            21.0519899,
            52.1933715
          ],
          [
            21.0519368,
            52.193367
          ],
          [
            21.0516905,
            52.1933461
          ],
          [
            21.0516128,
            52.1933644
          ],
          [
            21.0513844,
            52.1934136
          ],
          [
            21.051328,
            52.1934261
          ],
          [
            21.0512273,
            52.1934483
          ],
          [
            21.0509321,
            52.1934217
          ],
          [
            21.0507447,
            52.1934077
          ],
          [
            21.0506513,
            52.1932647
          ],
          [
            21.0505806,
            52.1931563
          ],
          [
            21.0506673,
            52.1927608
          ],
          [
            21.0506843,
            52.1926833
          ]
        ]
      },
      "id": "way/34492712"
    },
    {
      "type": "Feature",
      "properties": {
        "@id": "way/34492714",
        "highway": "living_street"
      },
      "geometry": {
        "type": "LineString",
        "coordinates": [
          [
            21.0491994,
            52.1923182
          ],
          [
            21.0491799,
            52.1924125
          ],
          [
            21.0491766,
            52.1924282
          ],
          [
            21.0491702,
            52.1924596
          ],
          [
            21.0491505,
            52.1925545
          ],
          [
            21.0491209,
            52.1926978
          ],
          [
            21.0491062,
            52.1927613
          ],
          [
            21.0490829,
            52.192862
          ],
          [
            21.0490668,
            52.1929315
          ],
          [
            21.0490614,
            52.1929545
          ],
          [
            21.0490509,
            52.193
          ]
        ]
      },
      "id": "way/34492714"
    },
    {
      "type": "Feature",
      "properties": {
        "@id": "way/34492939",
        "highway": "living_street",
        "name": "Stanisława Pyjasa",
        "surface": "asphalt"
      },
      "geometry": {
        "type": "LineString",
        "coordinates": [
          [
            21.0521892,
            52.1940884
          ],
          [
            21.0522976,
            52.1943962
          ],
          [
            21.0522735,
            52.1944981
          ],
          [
            21.0521475,
            52.1950316
          ]
        ]
      },
      "id": "way/34492939"
    },
    {
      "type": "Feature",
      "properties": {
        "@id": "way/34493887",
        "highway": "living_street",
        "surface": "paving_stones"
      },
      "geometry": {
        "type": "LineString",
        "coordinates": [
          [
            21.041666,
            52.1966459
          ],
          [
            21.0414563,
            52.1970369
          ]
        ]
      },
      "id": "way/34493887"
    },
    {
      "type": "Feature",
      "properties": {
        "@id": "way/34872787",
        "highway": "living_street",
        "lit": "no",
        "name": "Zalew",
        "surface": "paving_stones"
      },
      "geometry": {
        "type": "LineString",
        "coordinates": [
          [
            21.0624783,
            52.1845836
          ],
          [
            21.0631025,
            52.1842399
          ]
        ]
      },
      "id": "way/34872787"
    },
    {
      "type": "Feature",
      "properties": {
        "@id": "way/34872788",
        "highway": "living_street",
        "name": "Batalionu AK „Oaza”",
        "surface": "sett"
      },
      "geometry": {
        "type": "LineString",
        "coordinates": [
          [
            21.0628335,
            52.1898415
          ],
          [
            21.0625898,
            52.1895194
          ],
          [
            21.0626011,
            52.1894981
          ],
          [
            21.0626589,
            52.189476
          ],
          [
            21.0629966,
            52.1894079
          ]
        ]
      },
      "id": "way/34872788"
    },
    {
      "type": "Feature",
      "properties": {
        "@id": "way/34872790",
        "highway": "living_street",
        "name": "Juraty"
      },
      "geometry": {
        "type": "LineString",
        "coordinates": [
          [
            21.0686832,
            52.1907938
          ],
          [
            21.0685156,
            52.1904994
          ],
          [
            21.0684883,
            52.1904907
          ],
          [
            21.0684593,
            52.1904846
          ],
          [
            21.0684162,
            52.1904886
          ],
          [
            21.0674981,
            52.1906946
          ],
          [
            21.0674754,
            52.1907059
          ],
          [
            21.067467,
            52.1907155
          ],
          [
            21.0674692,
            52.1907307
          ],
          [
            21.067646,
            52.1910175
          ]
        ]
      },
      "id": "way/34872790"
    },
    {
      "type": "Feature",
      "properties": {
        "@id": "way/34872791",
        "highway": "living_street",
        "lit": "yes",
        "surface": "paving_stones"
      },
      "geometry": {
        "type": "LineString",
        "coordinates": [
          [
            21.068393,
            52.1881123
          ],
          [
            21.0677357,
            52.1877677
          ]
        ]
      },
      "id": "way/34872791"
    },
    {
      "type": "Feature",
      "properties": {
        "@id": "way/61239449",
        "highway": "cycleway",
        "surface": "paving_stones"
      },
      "geometry": {
        "type": "LineString",
        "coordinates": [
          [
            21.0492957,
            52.1953988
          ],
          [
            21.049324,
            52.1954275
          ],
          [
            21.0494049,
            52.1954894
          ],
          [
            21.0496704,
            52.1958714
          ],
          [
            21.0499029,
            52.1962061
          ],
          [
            21.0504944,
            52.1969551
          ],
          [
            21.050691,
            52.1972028
          ],
          [
            21.050883,
            52.1974442
          ]
        ]
      },
      "id": "way/61239449"
    },
    {
      "type": "Feature",
      "properties": {
        "@id": "way/61239485",
        "highway": "cycleway",
        "surface": "paving_stones"
      },
      "geometry": {
        "type": "LineString",
        "coordinates": [
          [
            21.0879684,
            52.211247
          ],
          [
            21.0879308,
            52.2112146
          ],
          [
            21.0878861,
            52.2111761
          ],
          [
            21.0878655,
            52.2111146
          ],
          [
            21.0880404,
            52.2108334
          ],
          [
            21.088093,
            52.2107908
          ],
          [
            21.0881577,
            52.210764
          ],
          [
            21.0882786,
            52.2107132
          ],
          [
            21.0882945,
            52.2106822
          ],
          [
            21.0883072,
            52.2106514
          ],
          [
            21.0882463,
            52.2104808
          ],
          [
            21.0879818,
            52.2098791
          ],
          [
            21.0878975,
            52.2097421
          ],
          [
            21.0878577,
            52.2097113
          ],
          [
            21.0876564,
            52.2094719
          ],
          [
            21.0876001,
            52.2094177
          ],
          [
            21.0873033,
            52.2091842
          ],
          [
            21.08707,
            52.2090105
          ],
          [
            21.0869169,
            52.2088979
          ],
          [
            21.0864242,
            52.2086487
          ],
          [
            21.0857273,
            52.2082886
          ],
          [
            21.0854694,
            52.2081692
          ],
          [
            21.0853559,
            52.2081314
          ],
          [
            21.0852549,
            52.2081468
          ],
          [
            21.0852003,
            52.2081769
          ],
          [
            21.0851742,
            52.2082173
          ],
          [
            21.0851417,
            52.2083125
          ],
          [
            21.0850803,
            52.2083552
          ],
          [
            21.0848146,
            52.2084372
          ]
        ]
      },
      "id": "way/61239485"
    },
    {
      "type": "Feature",
      "properties": {
        "@id": "way/61239495",
        "highway": "cycleway",
        "surface": "paving_stones"
      },
      "geometry": {
        "type": "LineString",
        "coordinates": [
          [
            21.0750874,
            52.2032076
          ],
          [
            21.0750895,
            52.203233
          ],
          [
            21.0750839,
            52.2032551
          ],
          [
            21.0750725,
            52.2032734
          ],
          [
            21.0750537,
            52.2032901
          ],
          [
            21.0750282,
            52.2033059
          ],
          [
            21.0748834,
            52.2033822
          ],
          [
            21.0748529,
            52.2034037
          ],
          [
            21.074829,
            52.2034246
          ],
          [
            21.0747696,
            52.2035054
          ],
          [
            21.0747605,
            52.2035178
          ],
          [
            21.0747404,
            52.2035452
          ]
        ]
      },
      "id": "way/61239495"
    },
    {
      "type": "Feature",
      "properties": {
        "@id": "way/61239533",
        "highway": "cycleway",
        "surface": "paving_stones"
      },
      "geometry": {
        "type": "LineString",
        "coordinates": [
          [
            21.0755459,
            52.2029643
          ],
          [
            21.0754956,
            52.2029962
          ],
          [
            21.075425,
            52.2030202
          ],
          [
            21.0753349,
            52.2030298
          ],
          [
            21.0752488,
            52.2030202
          ],
          [
            21.0751939,
            52.203007
          ],
          [
            21.0751489,
            52.2029721
          ],
          [
            21.075094,
            52.2029241
          ],
          [
            21.0750823,
            52.2028701
          ],
          [
            21.0750901,
            52.2027393
          ],
          [
            21.0751077,
            52.2026156
          ],
          [
            21.0750686,
            52.20248
          ],
          [
            21.0750411,
            52.2024272
          ],
          [
            21.0749648,
            52.2023731
          ],
          [
            21.0748433,
            52.2023095
          ],
          [
            21.0736642,
            52.2017969
          ],
          [
            21.0735369,
            52.2017573
          ],
          [
            21.0734076,
            52.2017537
          ],
          [
            21.0733195,
            52.2017813
          ],
          [
            21.0732353,
            52.2018354
          ],
          [
            21.0731916,
            52.2018891
          ],
          [
            21.0731489,
            52.2019416
          ]
        ]
      },
      "id": "way/61239533"
    },
    {
      "type": "Feature",
      "properties": {
        "@id": "way/61239554",
        "highway": "cycleway",
        "surface": "asphalt"
      },
      "geometry": {
        "type": "LineString",
        "coordinates": [
          [
            21.0776943,
            52.2047523
          ],
          [
            21.0777377,
            52.2047906
          ],
          [
            21.0778372,
            52.2048585
          ],
          [
            21.0779381,
            52.204941
          ],
          [
            21.0781493,
            52.2051314
          ],
          [
            21.0784589,
            52.2053655
          ],
          [
            21.0789098,
            52.2056761
          ],
          [
            21.0790795,
            52.2057719
          ],
          [
            21.0794773,
            52.2059907
          ],
          [
            21.0800991,
            52.2062619
          ],
          [
            21.0802291,
            52.2063074
          ],
          [
            21.0804311,
            52.206341
          ],
          [
            21.080551,
            52.206341
          ],
          [
            21.0809367,
            52.2063293
          ],
          [
            21.0810253,
            52.2063357
          ],
          [
            21.0810983,
            52.2063597
          ],
          [
            21.0811914,
            52.2064061
          ],
          [
            21.081235,
            52.2064363
          ],
          [
            21.0812532,
            52.2064604
          ],
          [
            21.0812674,
            52.2064852
          ],
          [
            21.0813082,
            52.2065785
          ],
          [
            21.0813376,
            52.206612
          ],
          [
            21.0813597,
            52.2066279
          ],
          [
            21.0813911,
            52.206642
          ],
          [
            21.0828035,
            52.2070251
          ],
          [
            21.0828382,
            52.2070326
          ],
          [
            21.0828609,
            52.2070343
          ],
          [
            21.0828832,
            52.2070349
          ],
          [
            21.0829252,
            52.2070317
          ],
          [
            21.0829664,
            52.2070233
          ],
          [
            21.0829973,
            52.2070139
          ],
          [
            21.0830312,
            52.2069995
          ],
          [
            21.0830778,
            52.2069658
          ]
        ]
      },
      "id": "way/61239554"
    },
    {
      "type": "Feature",
      "properties": {
        "@id": "way/61239566",
        "highway": "cycleway",
        "surface": "paving_stones"
      },
      "geometry": {
        "type": "LineString",
        "coordinates": [
          [
            21.0765894,
            52.2038228
          ],
          [
            21.0765891,
            52.2038031
          ],
          [
            21.076587,
            52.2037343
          ],
          [
            21.0765858,
            52.2037311
          ],
          [
            21.0764675,
            52.203409
          ],
          [
            21.0765184,
            52.2032506
          ],
          [
            21.0765733,
            52.2031834
          ],
          [
            21.0766321,
            52.2031426
          ],
          [
            21.0767084,
            52.2031149
          ],
          [
            21.0771276,
            52.2030669
          ],
          [
            21.0772353,
            52.2030717
          ],
          [
            21.0774018,
            52.2031065
          ],
          [
            21.0775448,
            52.203151
          ],
          [
            21.0776388,
            52.2032194
          ],
          [
            21.0778033,
            52.2034859
          ],
          [
            21.0779287,
            52.2038424
          ],
          [
            21.0779659,
            52.2038988
          ],
          [
            21.0781089,
            52.204014
          ],
          [
            21.0781539,
            52.2040716
          ],
          [
            21.0781833,
            52.2041401
          ],
          [
            21.078199,
            52.2042457
          ],
          [
            21.0781892,
            52.2043693
          ],
          [
            21.078105,
            52.2045122
          ],
          [
            21.0780854,
            52.204559
          ],
          [
            21.0780942,
            52.2045976
          ]
        ]
      },
      "id": "way/61239566"
    },
    {
      "type": "Feature",
      "properties": {
        "@id": "way/94409882",
        "highway": "residential",
        "maxspeed": "30",
        "name": "Zakrzewska",
        "oneway": "yes",
        "oneway:bicycle": "no",
        "sidewalk": "separate",
        "wikidata": "Q110130624"
      },
      "geometry": {
        "type": "LineString",
        "coordinates": [
          [
            21.0403739,
            52.2043628
          ],
          [
            21.0403763,
            52.204334
          ],
          [
            21.0403904,
            52.2041607
          ],
          [
            21.0404252,
            52.2037348
          ],
          [
            21.0404448,
            52.2034952
          ],
          [
            21.0404542,
            52.20338
          ],
          [
            21.040488,
            52.2029656
          ],
          [
            21.0404914,
            52.2028741
          ],
          [
            21.040502,
            52.2027726
          ],
          [
            21.0405507,
            52.2021942
          ],
          [
            21.0405533,
            52.2021651
          ],
          [
            21.0405568,
            52.2021231
          ]
        ]
      },
      "id": "way/94409882"
    },
    {
      "type": "Feature",
      "properties": {
        "@id": "way/100184110",
        "highway": "living_street",
        "noname": "yes",
        "surface": "asphalt",
        "width": "6"
      },
      "geometry": {
        "type": "LineString",
        "coordinates": [
          [
            21.0376869,
            52.209659
          ],
          [
            21.0376913,
            52.2095821
          ],
          [
            21.0376958,
            52.2095026
          ],
          [
            21.0377204,
            52.2094362
          ],
          [
            21.0377428,
            52.2093596
          ],
          [
            21.0377495,
            52.2092722
          ],
          [
            21.0377556,
            52.2091922
          ],
          [
            21.0377808,
            52.2089731
          ],
          [
            21.0377967,
            52.208783
          ],
          [
            21.0378241,
            52.2086803
          ],
          [
            21.0379651,
            52.2084468
          ],
          [
            21.0380447,
            52.208316
          ],
          [
            21.0381386,
            52.2081692
          ],
          [
            21.0381457,
            52.2081488
          ],
          [
            21.0381974,
            52.2079913
          ],
          [
            21.0382483,
            52.2077794
          ],
          [
            21.0383731,
            52.2075525
          ],
          [
            21.0384796,
            52.2074824
          ],
          [
            21.0387628,
            52.2074377
          ],
          [
            21.0388342,
            52.2074243
          ],
          [
            21.0389214,
            52.207408
          ]
        ]
      },
      "id": "way/100184110"
    },
    {
      "type": "Feature",
      "properties": {
        "@id": "way/101854230",
        "access": "private",
        "highway": "living_street"
      },
      "geometry": {
        "type": "LineString",
        "coordinates": [
          [
            21.0302398,
            52.2000504
          ],
          [
            21.0302587,
            52.2000719
          ],
          [
            21.0302786,
            52.2001567
          ],
          [
            21.0301319,
            52.2004193
          ]
        ]
      },
      "id": "way/101854230"
    },
    {
      "type": "Feature",
      "properties": {
        "@id": "way/103339860",
        "bicycle": "designated",
        "cycleway:surface": "asphalt",
        "foot": "designated",
        "footway": "sidewalk",
        "footway:surface": "paving_stones",
        "highway": "path",
        "lit": "yes",
        "segregated": "yes",
        "smoothness": "good",
        "surface": "paved"
      },
      "geometry": {
        "type": "LineString",
        "coordinates": [
          [
            21.034792,
            52.2019507
          ],
          [
            21.034778,
            52.2019774
          ],
          [
            21.0347373,
            52.2020634
          ],
          [
            21.0347275,
            52.2020812
          ],
          [
            21.0347205,
            52.2020923
          ],
          [
            21.0345609,
            52.2022702
          ],
          [
            21.0343453,
            52.2025176
          ],
          [
            21.0341908,
            52.2026936
          ],
          [
            21.0339424,
            52.2029773
          ],
          [
            21.0335825,
            52.203387
          ],
          [
            21.0335402,
            52.2034358
          ],
          [
            21.0334272,
            52.2035547
          ],
          [
            21.0333997,
            52.2035749
          ]
        ]
      },
      "id": "way/103339860"
    },
    {
      "type": "Feature",
      "properties": {
        "@id": "way/113860054",
        "highway": "cycleway",
        "surface": "asphalt"
      },
      "geometry": {
        "type": "LineString",
        "coordinates": [
          [
            21.0325576,
            52.1887537
          ],
          [
            21.0326337,
            52.1887503
          ],
          [
            21.0332149,
            52.1888061
          ],
          [
            21.0339701,
            52.1888819
          ],
          [
            21.0343618,
            52.1889212
          ],
          [
            21.0346224,
            52.188939
          ],
          [
            21.0347109,
            52.1889469
          ],
          [
            21.0347511,
            52.1889502
          ],
          [
            21.0348803,
            52.1889607
          ],
          [
            21.0352502,
            52.1890086
          ],
          [
            21.0354004,
            52.1890345
          ],
          [
            21.0355449,
            52.1890671
          ],
          [
            21.0358392,
            52.1891382
          ],
          [
            21.035982,
            52.1891747
          ],
          [
            21.0360686,
            52.1891991
          ],
          [
            21.0362045,
            52.189246
          ],
          [
            21.0363631,
            52.1893033
          ],
          [
            21.0366997,
            52.1894384
          ],
          [
            21.0370316,
            52.1895719
          ],
          [
            21.0373745,
            52.1897079
          ],
          [
            21.03743,
            52.1897253
          ],
          [
            21.0374835,
            52.1897459
          ],
          [
            21.0375273,
            52.1897686
          ],
          [
            21.0375966,
            52.1898007
          ],
          [
            21.0377353,
            52.1898577
          ],
          [
            21.0380277,
            52.1899775
          ],
          [
            21.0380627,
            52.1899889
          ],
          [
            21.0381013,
            52.1900009
          ],
          [
            21.0381359,
            52.190016
          ],
          [
            21.0381882,
            52.1900409
          ],
          [
            21.0382301,
            52.1900577
          ],
          [
            21.0386164,
            52.1901897
          ],
          [
            21.0387084,
            52.1902221
          ],
          [
            21.0387974,
            52.1902494
          ],
          [
            21.0389685,
            52.190289
          ],
          [
            21.0390808,
            52.1903149
          ],
          [
            21.0391163,
            52.1903235
          ],
          [
            21.0399995,
            52.1905363
          ],
          [
            21.0402408,
            52.1905908
          ],
          [
            21.0409398,
            52.1907594
          ],
          [
            21.041203,
            52.190826
          ],
          [
            21.0413581,
            52.1908703
          ],
          [
            21.041527,
            52.1909242
          ],
          [
            21.0422213,
            52.1911449
          ],
          [
            21.0430895,
            52.1914209
          ]
        ]
      },
      "id": "way/113860054"
    },
    {
      "type": "Feature",
      "properties": {
        "@id": "way/114440202",
        "highway": "cycleway",
        "lit": "yes",
        "smoothness": "good",
        "surface": "asphalt",
        "width": "2"
      },
      "geometry": {
        "type": "LineString",
        "coordinates": [
          [
            21.0316476,
            52.2056485
          ],
          [
            21.0311529,
            52.2062155
          ],
          [
            21.0311303,
            52.2062414
          ],
          [
            21.031113,
            52.2062614
          ],
          [
            21.0309833,
            52.206412
          ],
          [
            21.0309701,
            52.2064262
          ],
          [
            21.0309501,
            52.2064432
          ],
          [
            21.0309322,
            52.2064566
          ],
          [
            21.0308554,
            52.206512
          ],
          [
            21.0308234,
            52.2065358
          ],
          [
            21.0307633,
            52.2065795
          ]
        ]
      },
      "id": "way/114440202"
    },
    {
      "type": "Feature",
      "properties": {
        "@id": "way/121640325",
        "highway": "residential",
        "maxspeed": "30",
        "name": "Goczałkowicka",
        "parking:left": "no",
        "surface": "asphalt",
        "wikidata": "Q107009367"
      },
      "geometry": {
        "type": "LineString",
        "coordinates": [
          [
            21.0704668,
            52.1849085
          ],
          [
            21.0705595,
            52.1849778
          ],
          [
            21.0706841,
            52.1850611
          ],
          [
            21.0707667,
            52.1851164
          ],
          [
            21.0707944,
            52.1851598
          ],
          [
            21.0708237,
            52.1852562
          ],
          [
            21.0708722,
            52.1852963
          ],
          [
            21.0709685,
            52.1853274
          ],
          [
            21.0709916,
            52.1853332
          ],
          [
            21.0717266,
            52.1853928
          ],
          [
            21.0717696,
            52.1853962
          ],
          [
            21.071848,
            52.1854485
          ],
          [
            21.0719555,
            52.1855005
          ],
          [
            21.0720322,
            52.1855301
          ],
          [
            21.072128,
            52.1855481
          ]
        ]
      },
      "id": "way/121640325"
    },
    {
      "type": "Feature",
      "properties": {
        "@id": "way/121640326",
        "highway": "residential",
        "maxspeed": "30",
        "name": "Goczałkowicka",
        "surface": "asphalt",
        "wikidata": "Q107009367"
      },
      "geometry": {
        "type": "LineString",
        "coordinates": [
          [
            21.0731062,
            52.1856692
          ],
          [
            21.0731744,
            52.1856745
          ],
          [
            21.0735118,
            52.1856883
          ],
          [
            21.0739895,
            52.1857283
          ],
          [
            21.0751025,
            52.1858394
          ],
          [
            21.0754281,
            52.1858748
          ],
          [
            21.075513,
            52.1858751
          ],
          [
            21.0760252,
            52.1857986
          ],
          [
            21.0761827,
            52.1857538
          ],
          [
            21.0763524,
            52.1857319
          ]
        ]
      },
      "id": "way/121640326"
    },
    {
      "type": "Feature",
      "properties": {
        "@id": "way/136779871",
        "highway": "living_street",
        "name": "Urle",
        "surface": "asphalt"
      },
      "geometry": {
        "type": "LineString",
        "coordinates": [
          [
            21.0498059,
            52.1905041
          ],
          [
            21.0497869,
            52.1904757
          ],
          [
            21.0497829,
            52.1904532
          ],
          [
            21.0497799,
            52.1904361
          ],
          [
            21.0498099,
            52.1903674
          ],
          [
            21.0498704,
            52.1902288
          ],
          [
            21.0498901,
            52.1901462
          ],
          [
            21.0499123,
            52.1900532
          ],
          [
            21.0499368,
            52.1899466
          ],
          [
            21.0499392,
            52.1899362
          ],
          [
            21.0499656,
            52.1898789
          ],
          [
            21.0500006,
            52.189803
          ],
          [
            21.0500099,
            52.1897828
          ],
          [
            21.0500606,
            52.1896918
          ],
          [
            21.0501237,
            52.1895786
          ],
          [
            21.0501474,
            52.1895362
          ],
          [
            21.0501682,
            52.1894988
          ],
          [
            21.0502057,
            52.1894314
          ],
          [
            21.0502613,
            52.1893317
          ],
          [
            21.0502705,
            52.1893151
          ],
          [
            21.0503322,
            52.1892046
          ],
          [
            21.0503577,
            52.1891588
          ],
          [
            21.0503737,
            52.1891301
          ],
          [
            21.0504746,
            52.188949
          ]
        ]
      },
      "id": "way/136779871"
    },
    {
      "type": "Feature",
      "properties": {
        "@id": "way/137276901",
        "highway": "living_street",
        "noname": "yes",
        "oneway": "yes",
        "surface": "paving_stones"
      },
      "geometry": {
        "type": "LineString",
        "coordinates": [
          [
            21.0611676,
            52.1865797
          ],
          [
            21.0611054,
            52.186536
          ],
          [
            21.0610891,
            52.18653
          ],
          [
            21.0609967,
            52.1865007
          ],
          [
            21.0608167,
            52.1864664
          ],
          [
            21.0604541,
            52.1863884
          ],
          [
            21.0601982,
            52.1863359
          ],
          [
            21.0597377,
            52.1862416
          ],
          [
            21.0588244,
            52.1860584
          ],
          [
            21.0587222,
            52.1860402
          ],
          [
            21.0586526,
            52.1860431
          ],
          [
            21.0586033,
            52.1860558
          ],
          [
            21.0585665,
            52.1860759
          ],
          [
            21.0585166,
            52.186148
          ],
          [
            21.0584482,
            52.186266
          ],
          [
            21.0584132,
            52.1863211
          ],
          [
            21.0583686,
            52.1863986
          ],
          [
            21.0582171,
            52.1866701
          ],
          [
            21.0581095,
            52.1868569
          ],
          [
            21.0580263,
            52.1870241
          ],
          [
            21.0579859,
            52.1871109
          ],
          [
            21.0579224,
            52.1872451
          ],
          [
            21.057914,
            52.187262
          ]
        ]
      },
      "id": "way/137276901"
    },
    {
      "type": "Feature",
      "properties": {
        "@id": "way/137278982",
        "highway": "residential",
        "maxspeed": "30",
        "name": "Konstancińska",
        "name:etymology:wikidata": "Q985687",
        "oneway": "yes",
        "oneway:bicycle": "no",
        "surface": "asphalt",
        "wikidata": "Q110152513"
      },
      "geometry": {
        "type": "LineString",
        "coordinates": [
          [
            21.0582918,
            52.188865
          ],
          [
            21.058244,
            52.1889032
          ],
          [
            21.0580977,
            52.1890202
          ],
          [
            21.0580339,
            52.1890758
          ],
          [
            21.0580149,
            52.1891047
          ],
          [
            21.0580021,
            52.1891424
          ],
          [
            21.0579768,
            52.1892347
          ],
          [
            21.0579534,
            52.1892781
          ]
        ]
      },
      "id": "way/137278982"
    },
    {
      "type": "Feature",
      "properties": {
        "@id": "way/137278983",
        "highway": "residential",
        "maxspeed": "30",
        "name": "Konstancińska",
        "name:etymology:wikidata": "Q985687",
        "oneway": "yes",
        "oneway:bicycle": "no",
        "surface": "asphalt",
        "wikidata": "Q110152513"
      },
      "geometry": {
        "type": "LineString",
        "coordinates": [
          [
            21.0611676,
            52.1865797
          ],
          [
            21.0611189,
            52.1866181
          ],
          [
            21.061081,
            52.1866504
          ],
          [
            21.0610385,
            52.1866841
          ]
        ]
      },
      "id": "way/137278983"
    },
    {
      "type": "Feature",
      "properties": {
        "@id": "way/137278987",
        "highway": "living_street"
      },
      "geometry": {
        "type": "LineString",
        "coordinates": [
          [
            21.0569716,
            52.180048
          ],
          [
            21.056842,
            52.1799659
          ],
          [
            21.0566615,
            52.1798509
          ],
          [
            21.056311,
            52.1796437
          ],
          [
            21.0561198,
            52.1795609
          ],
          [
            21.0559512,
            52.1794694
          ]
        ]
      },
      "id": "way/137278987"
    },
    {
      "type": "Feature",
      "properties": {
        "@id": "way/157357158",
        "bicycle": "yes",
        "foot": "yes",
        "highway": "living_street",
        "maxspeed": "20",
        "name": "Jedwabnicza",
        "oneway": "no",
        "surface": "concrete",
        "wikidata": "Q123168722"
      },
      "geometry": {
        "type": "LineString",
        "coordinates": [
          [
            21.044598,
            52.2014727
          ],
          [
            21.0449813,
            52.2014882
          ],
          [
            21.0459462,
            52.2015272
          ],
          [
            21.0460651,
            52.2015329
          ]
        ]
      },
      "id": "way/157357158"
    },
    {
      "type": "Feature",
      "properties": {
        "@id": "way/166324948",
        "highway": "living_street",
        "noname": "yes"
      },
      "geometry": {
        "type": "LineString",
        "coordinates": [
          [
            21.0507765,
            52.1907265
          ],
          [
            21.050797,
            52.1907087
          ],
          [
            21.0509639,
            52.190563
          ],
          [
            21.0510525,
            52.1904846
          ],
          [
            21.0513172,
            52.1902471
          ],
          [
            21.0514039,
            52.1901694
          ],
          [
            21.0514138,
            52.1901607
          ],
          [
            21.0515029,
            52.1900821
          ],
          [
            21.0515485,
            52.190027
          ],
          [
            21.0515946,
            52.1899623
          ],
          [
            21.0516165,
            52.1899315
          ],
          [
            21.0518102,
            52.1896983
          ],
          [
            21.05183,
            52.1896759
          ],
          [
            21.0519436,
            52.1895477
          ],
          [
            21.0520397,
            52.1894384
          ],
          [
            21.052292,
            52.1891441
          ]
        ]
      },
      "id": "way/166324948"
    },
    {
      "type": "Feature",
      "properties": {
        "@id": "way/170715966",
        "highway": "living_street",
        "name": "Stanisława Pyjasa",
        "old_name": "Franciszka Bartoszka",
        "oneway": "yes",
        "source:name": "Warszawa city council resolution XV/382/2019",
        "surface": "asphalt"
      },
      "geometry": {
        "type": "LineString",
        "coordinates": [
          [
            21.050143,
            52.194872
          ],
          [
            21.0503939,
            52.1948241
          ],
          [
            21.0509179,
            52.194878
          ],
          [
            21.0509987,
            52.1948848
          ],
          [
            21.0511937,
            52.1949013
          ],
          [
            21.0513963,
            52.1949185
          ],
          [
            21.0514255,
            52.1949209
          ],
          [
            21.0514524,
            52.1949232
          ],
          [
            21.0515781,
            52.1949777
          ],
          [
            21.0516989,
            52.1949891
          ],
          [
            21.0521475,
            52.1950316
          ],
          [
            21.0522279,
            52.1950387
          ],
          [
            21.0530287,
            52.1951094
          ],
          [
            21.0530982,
            52.1951155
          ],
          [
            21.0532571,
            52.1951565
          ]
        ]
      },
      "id": "way/170715966"
    },
    {
      "type": "Feature",
      "properties": {
        "@id": "way/171039955",
        "bicycle": "designated",
        "highway": "cycleway",
        "smoothness": "excellent",
        "surface": "asphalt"
      },
      "geometry": {
        "type": "LineString",
        "coordinates": [
          [
            21.0582495,
            52.1797892
          ],
          [
            21.0582397,
            52.1797971
          ],
          [
            21.0582274,
            52.1798051
          ],
          [
            21.0581676,
            52.1798357
          ],
          [
            21.0581401,
            52.1798524
          ],
          [
            21.0581233,
            52.1798647
          ],
          [
            21.0581097,
            52.179877
          ],
          [
            21.0573488,
            52.1805976
          ],
          [
            21.0573041,
            52.1806399
          ],
          [
            21.057291,
            52.1806544
          ],
          [
            21.0572766,
            52.180673
          ],
          [
            21.0572621,
            52.1806941
          ],
          [
            21.0572483,
            52.1807094
          ],
          [
            21.0572368,
            52.1807206
          ],
          [
            21.057224,
            52.1807318
          ],
          [
            21.0572075,
            52.1807441
          ],
          [
            21.0571809,
            52.1807617
          ],
          [
            21.0571666,
            52.1807721
          ],
          [
            21.0571498,
            52.1807858
          ],
          [
            21.0564084,
            52.1814906
          ],
          [
            21.0563936,
            52.1815082
          ],
          [
            21.0563821,
            52.181527
          ],
          [
            21.0563565,
            52.18158
          ],
          [
            21.0563502,
            52.1815926
          ],
          [
            21.0563416,
            52.1816041
          ],
          [
            21.0563234,
            52.1816245
          ],
          [
            21.0561857,
            52.1817672
          ],
          [
            21.0561233,
            52.1818319
          ]
        ]
      },
      "id": "way/171039955"
    },
    {
      "type": "Feature",
      "properties": {
        "@id": "way/171201449",
        "foot": "no",
        "highway": "residential",
        "maxspeed": "30",
        "name": "Pory",
        "oneway": "no",
        "sidewalk": "separate",
        "source:maxspeed": "sign",
        "surface": "paving_stones",
        "wikidata": "Q110183540"
      },
      "geometry": {
        "type": "LineString",
        "coordinates": [
          [
            21.0445775,
            52.1830233
          ],
          [
            21.0445264,
            52.1832079
          ],
          [
            21.0445104,
            52.1832661
          ],
          [
            21.0444844,
            52.1833656
          ],
          [
            21.0444026,
            52.1836561
          ],
          [
            21.0443885,
            52.1837091
          ],
          [
            21.0443753,
            52.1837624
          ],
          [
            21.0443305,
            52.1839468
          ],
          [
            21.044302,
            52.1840585
          ],
          [
            21.0442983,
            52.1840734
          ],
          [
            21.0441618,
            52.1846252
          ],
          [
            21.0441276,
            52.1847636
          ],
          [
            21.044093,
            52.1849036
          ],
          [
            21.044059,
            52.1850412
          ],
          [
            21.0440364,
            52.1851281
          ],
          [
            21.0440246,
            52.1851768
          ],
          [
            21.0439998,
            52.1852803
          ],
          [
            21.0439936,
            52.1853052
          ],
          [
            21.0439303,
            52.1855979
          ],
          [
            21.0439234,
            52.1856294
          ],
          [
            21.0439078,
            52.1857015
          ]
        ]
      },
      "id": "way/171201449"
    },
    {
      "type": "Feature",
      "properties": {
        "@id": "way/172591024",
        "access": "yes",
        "highway": "living_street",
        "motor_vehicle": "yes",
        "oneway": "no",
        "service": "driveway",
        "source": "I live near this street"
      },
      "geometry": {
        "type": "LineString",
        "coordinates": [
          [
            21.0444687,
            52.2083969
          ],
          [
            21.0443212,
            52.2083945
          ],
          [
            21.0442912,
            52.208587
          ],
          [
            21.0441712,
            52.2088172
          ],
          [
            21.0441585,
            52.2088422
          ]
        ]
      },
      "id": "way/172591024"
    },
    {
      "type": "Feature",
      "properties": {
        "@id": "way/172982170",
        "highway": "living_street",
        "maxspeed": "20"
      },
      "geometry": {
        "type": "LineString",
        "coordinates": [
          [
            21.0538618,
            52.2065872
          ],
          [
            21.0532721,
            52.2065387
          ],
          [
            21.0528324,
            52.2064913
          ],
          [
            21.0527788,
            52.2064666
          ],
          [
            21.0527334,
            52.2064453
          ],
          [
            21.0526862,
            52.2064231
          ],
          [
            21.0525468,
            52.206405
          ],
          [
            21.0524782,
            52.2064097
          ],
          [
            21.0524046,
            52.2064148
          ],
          [
            21.0523135,
            52.2064615
          ]
        ]
      },
      "id": "way/172982170"
    },
    {
      "type": "Feature",
      "properties": {
        "@id": "way/172982173",
        "highway": "living_street",
        "maxspeed": "20",
        "name": "Melomanów",
        "surface": "asphalt"
      },
      "geometry": {
        "type": "LineString",
        "coordinates": [
          [
            21.0519336,
            52.2073614
          ],
          [
            21.0519574,
            52.2072614
          ],
          [
            21.0519761,
            52.2071674
          ],
          [
            21.0519859,
            52.2071227
          ],
          [
            21.0521553,
            52.2064465
          ],
          [
            21.0521655,
            52.2064021
          ],
          [
            21.0522532,
            52.2060187
          ]
        ]
      },
      "id": "way/172982173"
    },
    {
      "type": "Feature",
      "properties": {
        "@id": "way/173149867",
        "highway": "residential",
        "lit": "yes",
        "maxspeed": "30",
        "name": "Grupy AK „Północ”",
        "sidewalk:both": "separate",
        "source:maxspeed": "PL:zone30",
        "surface": "asphalt",
        "width": "6",
        "wikidata": "Q111674740"
      },
      "geometry": {
        "type": "LineString",
        "coordinates": [
          [
            21.0590143,
            52.2087272
          ],
          [
            21.058994,
            52.2088072
          ],
          [
            21.0589826,
            52.2088518
          ],
          [
            21.058836,
            52.2094303
          ],
          [
            21.0588099,
            52.2095307
          ],
          [
            21.0588062,
            52.2095447
          ],
          [
            21.0587386,
            52.2098193
          ],
          [
            21.0586801,
            52.2100609
          ],
          [
            21.058659,
            52.210149
          ],
          [
            21.0586293,
            52.2102686
          ],
          [
            21.0586165,
            52.210337
          ],
          [
            21.0586132,
            52.2103649
          ],
          [
            21.0586057,
            52.2104261
          ],
          [
            21.0586029,
            52.210469
          ],
          [
            21.0585963,
            52.2105415
          ],
          [
            21.0585867,
            52.2107798
          ],
          [
            21.0585878,
            52.2110192
          ],
          [
            21.0585857,
            52.2110909
          ],
          [
            21.0585809,
            52.211249
          ],
          [
            21.0585794,
            52.2112983
          ],
          [
            21.0585766,
            52.2113912
          ],
          [
            21.0585758,
            52.211433
          ],
          [
            21.0585744,
            52.2114871
          ],
          [
            21.058574,
            52.2115157
          ],
          [
            21.058571,
            52.2118527
          ],
          [
            21.0585681,
            52.2119609
          ],
          [
            21.0585631,
            52.2121512
          ],
          [
            21.0585717,
            52.2122075
          ],
          [
            21.0585832,
            52.2122832
          ]
        ]
      },
      "id": "way/173149867"
    },
    {
      "type": "Feature",
      "properties": {
        "@id": "way/184962308",
        "highway": "living_street",
        "lanes": "1",
        "maxspeed": "20",
        "name": "Cytrynowa",
        "surface": "asphalt"
      },
      "geometry": {
        "type": "LineString",
        "coordinates": [
          [
            21.0699892,
            52.2094499
          ],
          [
            21.0699782,
            52.2094927
          ],
          [
            21.0693232,
            52.2114608
          ],
          [
            21.0690486,
            52.2123787
          ],
          [
            21.0690342,
            52.2124197
          ]
        ]
      },
      "id": "way/184962308"
    },
    {
      "type": "Feature",
      "properties": {
        "@id": "way/192612181",
        "highway": "living_street",
        "name": "Spalska",
        "surface": "asphalt"
      },
      "geometry": {
        "type": "LineString",
        "coordinates": [
          [
            21.0533692,
            52.1872173
          ],
          [
            21.0534739,
            52.1869881
          ],
          [
            21.053503,
            52.186959
          ],
          [
            21.0535273,
            52.1869347
          ],
          [
            21.0535584,
            52.1868775
          ],
          [
            21.0537147,
            52.1865899
          ],
          [
            21.0538078,
            52.1864184
          ],
          [
            21.0538432,
            52.1863781
          ],
          [
            21.0539866,
            52.1862317
          ],
          [
            21.0540052,
            52.1862108
          ],
          [
            21.0541417,
            52.1860846
          ],
          [
            21.0541684,
            52.1860604
          ]
        ]
      },
      "id": "way/192612181"
    },
    {
      "type": "Feature",
      "properties": {
        "@id": "way/192612305",
        "highway": "living_street"
      },
      "geometry": {
        "type": "LineString",
        "coordinates": [
          [
            21.053073,
            52.1849459
          ],
          [
            21.053022,
            52.1849956
          ],
          [
            21.0527393,
            52.185271
          ],
          [
            21.052658,
            52.1853501
          ],
          [
            21.0525803,
            52.1854258
          ],
          [
            21.0525302,
            52.1854858
          ],
          [
            21.0524969,
            52.1855168
          ],
          [
            21.0523864,
            52.1856199
          ],
          [
            21.0523059,
            52.185697
          ],
          [
            21.0520755,
            52.1859045
          ],
          [
            21.0520534,
            52.1859244
          ]
        ]
      },
      "id": "way/192612305"
    },
    {
      "type": "Feature",
      "properties": {
        "@id": "way/205325626",
        "highway": "cycleway",
        "lit": "yes",
        "smoothness": "excellent",
        "surface": "asphalt"
      },
      "geometry": {
        "type": "LineString",
        "coordinates": [
          [
            21.0385862,
            52.1987672
          ],
          [
            21.0385374,
            52.1987951
          ],
          [
            21.0385107,
            52.1988129
          ],
          [
            21.0384894,
            52.1988302
          ],
          [
            21.0384664,
            52.198856
          ],
          [
            21.0384434,
            52.1988818
          ],
          [
            21.0384374,
            52.1988886
          ],
          [
            21.0384277,
            52.1988961
          ],
          [
            21.0384167,
            52.1989003
          ],
          [
            21.0383704,
            52.1989117
          ],
          [
            21.0383505,
            52.1989178
          ],
          [
            21.0383336,
            52.198926
          ],
          [
            21.0383181,
            52.1989368
          ],
          [
            21.0383064,
            52.1989482
          ],
          [
            21.0382975,
            52.1989592
          ],
          [
            21.0372509,
            52.2001713
          ],
          [
            21.0372121,
            52.2002153
          ],
          [
            21.037177,
            52.2002524
          ],
          [
            21.0371423,
            52.2002878
          ],
          [
            21.0370898,
            52.2003375
          ],
          [
            21.0370589,
            52.2003669
          ],
          [
            21.0370341,
            52.2003905
          ],
          [
            21.036958,
            52.2004578
          ],
          [
            21.0369117,
            52.2004987
          ],
          [
            21.0367847,
            52.2006227
          ],
          [
            21.0366908,
            52.2007215
          ],
          [
            21.0366208,
            52.2007997
          ],
          [
            21.0365699,
            52.2008695
          ],
          [
            21.0364396,
            52.201021
          ],
          [
            21.0363442,
            52.2011324
          ],
          [
            21.0360525,
            52.2014872
          ],
          [
            21.0360418,
            52.2014984
          ],
          [
            21.0360219,
            52.2015178
          ],
          [
            21.0359941,
            52.2015414
          ],
          [
            21.0359636,
            52.2015661
          ],
          [
            21.0359237,
            52.2015975
          ],
          [
            21.0358801,
            52.2016269
          ],
          [
            21.0358276,
            52.201664
          ],
          [
            21.0357725,
            52.2017029
          ]
        ]
      },
      "id": "way/205325626"
    },
    {
      "type": "Feature",
      "properties": {
        "@id": "way/235711072",
        "highway": "cycleway",
        "lit": "yes",
        "smoothness": "excellent",
        "source": "gps track",
        "surface": "asphalt"
      },
      "geometry": {
        "type": "LineString",
        "coordinates": [
          [
            21.0433095,
            52.1939562
          ],
          [
            21.0433828,
            52.1938867
          ],
          [
            21.0438176,
            52.1934737
          ],
          [
            21.0438323,
            52.1934602
          ],
          [
            21.0438426,
            52.1934509
          ],
          [
            21.0438644,
            52.1934351
          ],
          [
            21.043887,
            52.1934212
          ],
          [
            21.0439128,
            52.1934085
          ],
          [
            21.0440483,
            52.1933461
          ],
          [
            21.0440665,
            52.1933369
          ],
          [
            21.0440815,
            52.193328
          ],
          [
            21.0440983,
            52.1933169
          ],
          [
            21.0441158,
            52.1933033
          ],
          [
            21.04414,
            52.1932804
          ],
          [
            21.0441666,
            52.1932552
          ],
          [
            21.0441811,
            52.1932412
          ],
          [
            21.0441963,
            52.193226
          ],
          [
            21.0442119,
            52.1932066
          ],
          [
            21.0442254,
            52.1931863
          ],
          [
            21.0442559,
            52.1931288
          ],
          [
            21.0442673,
            52.1931126
          ],
          [
            21.044283,
            52.1930953
          ],
          [
            21.0443554,
            52.1930276
          ],
          [
            21.0443739,
            52.1930082
          ],
          [
            21.0445829,
            52.192754
          ],
          [
            21.0446072,
            52.1927254
          ],
          [
            21.0446354,
            52.1926959
          ],
          [
            21.0446753,
            52.192659
          ],
          [
            21.0449714,
            52.192384
          ],
          [
            21.0450689,
            52.1923012
          ],
          [
            21.045182,
            52.1921974
          ],
          [
            21.0452198,
            52.1921624
          ],
          [
            21.0452342,
            52.1921491
          ],
          [
            21.0452393,
            52.192141
          ],
          [
            21.0452492,
            52.1921127
          ]
        ]
      },
      "id": "way/235711072"
    },
    {
      "type": "Feature",
      "properties": {
        "@id": "way/236017687",
        "cycleway:surface": "asphalt",
        "highway": "cycleway",
        "lit": "yes",
        "name": "Aleja Ofiar Rosyjskiej Agresji",
        "segregated": "no",
        "surface": "asphalt",
        "wikidata": "Q115365083"
      },
      "geometry": {
        "type": "LineString",
        "coordinates": [
          [
            21.0265875,
            52.2117982
          ],
          [
            21.0266098,
            52.2117676
          ],
          [
            21.0266408,
            52.2116916
          ],
          [
            21.0266823,
            52.2116176
          ],
          [
            21.0267341,
            52.211546
          ],
          [
            21.0267838,
            52.2114898
          ],
          [
            21.0269468,
            52.2113142
          ],
          [
            21.0270401,
            52.2112035
          ],
          [
            21.0271782,
            52.2110432
          ],
          [
            21.0274016,
            52.2107822
          ],
          [
            21.0274801,
            52.2106904
          ],
          [
            21.0282792,
            52.2097487
          ],
          [
            21.0289349,
            52.2089945
          ],
          [
            21.0289575,
            52.2089635
          ],
          [
            21.0289757,
            52.2089313
          ],
          [
            21.0290142,
            52.20887
          ],
          [
            21.0290542,
            52.2088114
          ],
          [
            21.0291029,
            52.2087544
          ],
          [
            21.0291898,
            52.2086534
          ],
          [
            21.0292611,
            52.2085791
          ],
          [
            21.0295963,
            52.2081916
          ],
          [
            21.0296166,
            52.2081692
          ],
          [
            21.0296333,
            52.2081422
          ],
          [
            21.0296653,
            52.2080586
          ],
          [
            21.0296809,
            52.2080318
          ],
          [
            21.0297556,
            52.2079399
          ],
          [
            21.029775,
            52.2079159
          ],
          [
            21.0300894,
            52.2075138
          ],
          [
            21.0301799,
            52.2074106
          ],
          [
            21.0301934,
            52.2073962
          ],
          [
            21.0302088,
            52.2073812
          ],
          [
            21.0302282,
            52.2073637
          ],
          [
            21.0302422,
            52.2073512
          ],
          [
            21.0302554,
            52.2073372
          ],
          [
            21.0303331,
            52.2072478
          ],
          [
            21.0303428,
            52.2072355
          ],
          [
            21.0303511,
            52.2072234
          ],
          [
            21.0303572,
            52.2072138
          ],
          [
            21.0303595,
            52.2072088
          ],
          [
            21.0303632,
            52.207201
          ],
          [
            21.0303665,
            52.2071912
          ],
          [
            21.0303815,
            52.2071406
          ],
          [
            21.0303951,
            52.2070919
          ],
          [
            21.0303537,
            52.2070858
          ],
          [
            21.0303334,
            52.2070798
          ],
          [
            21.0302808,
            52.2070514
          ],
          [
            21.0302814,
            52.2070115
          ]
        ]
      },
      "id": "way/236017687"
    },
    {
      "type": "Feature",
      "properties": {
        "@id": "way/243329036",
        "highway": "cycleway",
        "lit": "yes",
        "smoothness": "intermediate",
        "surface": "paving_stones",
        "width": "2.2"
      },
      "geometry": {
        "type": "LineString",
        "coordinates": [
          [
            21.0392916,
            52.1970785
          ],
          [
            21.0393204,
            52.1970516
          ],
          [
            21.0393334,
            52.1970394
          ],
          [
            21.0393524,
            52.1970252
          ],
          [
            21.0393679,
            52.1970145
          ],
          [
            21.0393908,
            52.1970008
          ],
          [
            21.0394107,
            52.1969875
          ],
          [
            21.0394262,
            52.1969762
          ],
          [
            21.0394394,
            52.1969651
          ],
          [
            21.0395604,
            52.196849
          ],
          [
            21.0399868,
            52.196445
          ],
          [
            21.0400308,
            52.1964033
          ],
          [
            21.0407243,
            52.1957479
          ],
          [
            21.0422255,
            52.1943243
          ],
          [
            21.0423222,
            52.1942321
          ],
          [
            21.0423479,
            52.1942048
          ],
          [
            21.0423722,
            52.1941757
          ],
          [
            21.0423928,
            52.1941477
          ],
          [
            21.0424297,
            52.1940952
          ],
          [
            21.0424508,
            52.1940671
          ],
          [
            21.0424744,
            52.1940407
          ],
          [
            21.0424867,
            52.1940276
          ],
          [
            21.0425177,
            52.1939968
          ],
          [
            21.0431618,
            52.1933882
          ],
          [
            21.0432002,
            52.193349
          ],
          [
            21.0432366,
            52.1933087
          ],
          [
            21.0433566,
            52.1931667
          ],
          [
            21.0433892,
            52.193129
          ],
          [
            21.0434245,
            52.1930935
          ],
          [
            21.043561,
            52.1929632
          ],
          [
            21.04402,
            52.1925242
          ],
          [
            21.044046,
            52.1924941
          ],
          [
            21.0440581,
            52.1924808
          ],
          [
            21.0440759,
            52.1924591
          ],
          [
            21.0440897,
            52.1924373
          ],
          [
            21.044113,
            52.1923926
          ],
          [
            21.0441295,
            52.1923723
          ],
          [
            21.0442023,
            52.1923025
          ],
          [
            21.0442237,
            52.1922843
          ],
          [
            21.0442514,
            52.192266
          ],
          [
            21.0443116,
            52.1922324
          ],
          [
            21.0443396,
            52.1922135
          ],
          [
            21.0443962,
            52.1921674
          ],
          [
            21.044493,
            52.1920755
          ]
        ]
      },
      "id": "way/243329036"
    },
    {
      "type": "Feature",
      "properties": {
        "@id": "way/260271444",
        "bicycle": "designated",
        "crossing": "traffic_signals",
        "crossing:markings": "dots",
        "cycleway": "crossing",
        "highway": "cycleway",
        "lit": "yes",
        "smoothness": "excellent",
        "surface": "asphalt"
      },
      "geometry": {
        "type": "LineString",
        "coordinates": [
          [
            21.0450959,
            52.1916451
          ],
          [
            21.0451181,
            52.1916538
          ],
          [
            21.0451761,
            52.1916766
          ],
          [
            21.045216,
            52.1916923
          ]
        ]
      },
      "id": "way/260271444"
    },
    {
      "type": "Feature",
      "properties": {
        "@id": "way/260271680",
        "highway": "cycleway",
        "lit": "yes",
        "smoothness": "good",
        "surface": "asphalt"
      },
      "geometry": {
        "type": "LineString",
        "coordinates": [
          [
            21.0450355,
            52.1920821
          ],
          [
            21.0449431,
            52.1920675
          ],
          [
            21.0448882,
            52.1920588
          ],
          [
            21.0448192,
            52.192048
          ]
        ]
      },
      "id": "way/260271680"
    },
    {
      "type": "Feature",
      "properties": {
        "@id": "way/260272827",
        "crossing": "traffic_signals",
        "crossing:markings": "dots",
        "cycleway": "crossing",
        "highway": "cycleway",
        "lit": "yes",
        "surface": "asphalt"
      },
      "geometry": {
        "type": "LineString",
        "coordinates": [
          [
            21.0559633,
            52.1814815
          ],
          [
            21.0559231,
            52.1814655
          ],
          [
            21.0558824,
            52.1814493
          ]
        ]
      },
      "id": "way/260272827"
    },
    {
      "type": "Feature",
      "properties": {
        "@id": "way/265688533",
        "highway": "cycleway",
        "lit": "yes",
        "smoothness": "excellent",
        "surface": "asphalt",
        "width": "2"
      },
      "geometry": {
        "type": "LineString",
        "coordinates": [
          [
            21.0466033,
            52.190829
          ],
          [
            21.0465699,
            52.1908013
          ]
        ]
      },
      "id": "way/265688533"
    },
    {
      "type": "Feature",
      "properties": {
        "@id": "way/265714194",
        "highway": "living_street",
        "oneway": "yes",
        "oneway:bicycle": "no"
      },
      "geometry": {
        "type": "LineString",
        "coordinates": [
          [
            21.0557415,
            52.1811175
          ],
          [
            21.0557071,
            52.1811207
          ],
          [
            21.0556737,
            52.1811206
          ],
          [
            21.0556369,
            52.1811161
          ],
          [
            21.0556052,
            52.1811082
          ],
          [
            21.0555525,
            52.1810833
          ],
          [
            21.0550458,
            52.1807607
          ],
          [
            21.054474,
            52.1803927
          ]
        ]
      },
      "id": "way/265714194"
    },
    {
      "type": "Feature",
      "properties": {
        "@id": "way/270940668",
        "highway": "cycleway",
        "lit": "yes",
        "oneway": "yes",
        "smoothness": "excellent",
        "surface": "asphalt"
      },
      "geometry": {
        "type": "LineString",
        "coordinates": [
          [
            21.0433095,
            52.1939562
          ],
          [
            21.0432949,
            52.1939728
          ],
          [
            21.043285,
            52.1939893
          ],
          [
            21.0432763,
            52.1940096
          ],
          [
            21.0432683,
            52.194037
          ],
          [
            21.043258,
            52.1940586
          ],
          [
            21.0432455,
            52.1940795
          ],
          [
            21.0432301,
            52.1941005
          ],
          [
            21.0431786,
            52.1941672
          ]
        ]
      },
      "id": "way/270940668"
    },
    {
      "type": "Feature",
      "properties": {
        "@id": "way/270947634",
        "bicycle": "designated",
        "crossing": "traffic_signals",
        "crossing:markings": "dots",
        "cycleway": "crossing",
        "highway": "cycleway",
        "lit": "yes",
        "smoothness": "excellent",
        "surface": "asphalt"
      },
      "geometry": {
        "type": "LineString",
        "coordinates": [
          [
            21.0491308,
            52.1879835
          ],
          [
            21.0490365,
            52.1879461
          ],
          [
            21.0489865,
            52.1879263
          ]
        ]
      },
      "id": "way/270947634"
    },
    {
      "type": "Feature",
      "properties": {
        "@id": "way/280408099",
        "highway": "living_street",
        "lit": "no",
        "maxweightrating:hgv": "12",
        "maxweightrating:hgv:conditional": "none @ marked",
        "name": "Inspektowa",
        "note:maxweightrating:hgv": "Nie dotyczy służb komunalnych",
        "sidewalk": "no",
        "smoothness": "intermediate",
        "source:maxweightrating:hgv": "PL:sign_B-5",
        "surface": "ground"
      },
      "geometry": {
        "type": "LineString",
        "coordinates": [
          [
            21.0403788,
            52.1870211
          ],
          [
            21.0390784,
            52.1866712
          ]
        ]
      },
      "id": "way/280408099"
    },
    {
      "type": "Feature",
      "properties": {
        "@id": "way/304267445",
        "highway": "living_street",
        "surface": "paving_stones"
      },
      "geometry": {
        "type": "LineString",
        "coordinates": [
          [
            21.0467576,
            52.1980289
          ],
          [
            21.046664,
            52.1980121
          ],
          [
            21.04649,
            52.1979772
          ],
          [
            21.0463716,
            52.1979528
          ],
          [
            21.0460288,
            52.1978822
          ],
          [
            21.0454208,
            52.1977571
          ],
          [
            21.0453363,
            52.1977397
          ],
          [
            21.0451745,
            52.1977064
          ],
          [
            21.0449675,
            52.1976638
          ],
          [
            21.0446811,
            52.1976039
          ],
          [
            21.0444764,
            52.1975611
          ],
          [
            21.0445144,
            52.1974854
          ]
        ]
      },
      "id": "way/304267445"
    },
    {
      "type": "Feature",
      "properties": {
        "@id": "way/304279558",
        "highway": "living_street",
        "motor_vehicle": "no"
      },
      "geometry": {
        "type": "LineString",
        "coordinates": [
          [
            21.0492779,
            52.2078729
          ],
          [
            21.0492209,
            52.2080817
          ],
          [
            21.0492209,
            52.2081084
          ],
          [
            21.0492209,
            52.2082011
          ],
          [
            21.0491972,
            52.2082901
          ],
          [
            21.0491592,
            52.2084156
          ],
          [
            21.049143,
            52.2085006
          ],
          [
            21.0492218,
            52.208582
          ],
          [
            21.0492974,
            52.2086758
          ],
          [
            21.0493145,
            52.208697
          ],
          [
            21.0493326,
            52.2087196
          ],
          [
            21.0493093,
            52.208807
          ],
          [
            21.0492358,
            52.2090828
          ],
          [
            21.0491625,
            52.2093578
          ],
          [
            21.049109,
            52.2095587
          ],
          [
            21.0490951,
            52.209609
          ],
          [
            21.0490853,
            52.2096445
          ],
          [
            21.0490659,
            52.209715
          ],
          [
            21.0490248,
            52.2098641
          ],
          [
            21.0489872,
            52.2100101
          ],
          [
            21.0489648,
            52.2100975
          ],
          [
            21.0489301,
            52.210232
          ],
          [
            21.0488995,
            52.2103509
          ],
          [
            21.0485776,
            52.2105138
          ],
          [
            21.0485549,
            52.2105903
          ],
          [
            21.0485281,
            52.2106807
          ]
        ]
      },
      "id": "way/304279558"
    },
    {
      "type": "Feature",
      "properties": {
        "@id": "way/315701098",
        "highway": "cycleway",
        "surface": "paving_stones"
      },
      "geometry": {
        "type": "LineString",
        "coordinates": [
          [
            21.0640914,
            52.187309
          ],
          [
            21.0642389,
            52.187515
          ],
          [
            21.0649977,
            52.188686
          ],
          [
            21.0650594,
            52.1887309
          ],
          [
            21.0651096,
            52.1887829
          ],
          [
            21.0651719,
            52.1888772
          ],
          [
            21.0651926,
            52.1889924
          ],
          [
            21.0653734,
            52.1892663
          ],
          [
            21.065422,
            52.1893399
          ],
          [
            21.0654859,
            52.1893737
          ],
          [
            21.0655778,
            52.1895213
          ],
          [
            21.0656241,
            52.18959
          ],
          [
            21.0656087,
            52.1896192
          ],
          [
            21.0661136,
            52.1903873
          ],
          [
            21.0661167,
            52.1904505
          ],
          [
            21.066146,
            52.1904844
          ],
          [
            21.0661798,
            52.1905486
          ],
          [
            21.0662613,
            52.1905826
          ],
          [
            21.0663291,
            52.1906751
          ],
          [
            21.0663691,
            52.1907949
          ],
          [
            21.0664768,
            52.1908949
          ],
          [
            21.0664968,
            52.1909855
          ],
          [
            21.0665353,
            52.1910431
          ],
          [
            21.0665938,
            52.1911025
          ],
          [
            21.0666395,
            52.1911866
          ],
          [
            21.0666597,
            52.1912238
          ],
          [
            21.0666923,
            52.1912818
          ],
          [
            21.0667262,
            52.1913497
          ],
          [
            21.066977,
            52.1917252
          ],
          [
            21.0670047,
            52.1917422
          ],
          [
            21.0670767,
            52.1917643
          ]
        ]
      },
      "id": "way/315701098"
    },
    {
      "type": "Feature",
      "properties": {
        "@id": "way/367824368",
        "highway": "cycleway",
        "lit": "yes",
        "smoothness": "excellent",
        "surface": "asphalt"
      },
      "geometry": {
        "type": "LineString",
        "coordinates": [
          [
            21.0465395,
            52.1909364
          ],
          [
            21.0465346,
            52.1909579
          ],
          [
            21.0465275,
            52.1909799
          ],
          [
            21.0465165,
            52.1910036
          ],
          [
            21.0464905,
            52.1910306
          ],
          [
            21.0464737,
            52.1910464
          ],
          [
            21.0462155,
            52.1912916
          ],
          [
            21.0461988,
            52.1913058
          ],
          [
            21.0461773,
            52.1913201
          ],
          [
            21.046154,
            52.1913335
          ],
          [
            21.0461274,
            52.1913458
          ],
          [
            21.0460471,
            52.1913772
          ],
          [
            21.0460263,
            52.1913873
          ],
          [
            21.0460041,
            52.1914005
          ],
          [
            21.0459835,
            52.191415
          ],
          [
            21.0459651,
            52.191431
          ],
          [
            21.0456737,
            52.1917096
          ],
          [
            21.0456631,
            52.1917217
          ],
          [
            21.0456519,
            52.1917378
          ],
          [
            21.0456356,
            52.1917678
          ],
          [
            21.0456251,
            52.1917848
          ],
          [
            21.045615,
            52.1917992
          ],
          [
            21.0456084,
            52.1918088
          ],
          [
            21.0455808,
            52.1918461
          ],
          [
            21.0455536,
            52.1918829
          ]
        ]
      },
      "id": "way/367824368"
    },
    {
      "type": "Feature",
      "properties": {
        "@id": "way/367824373",
        "highway": "cycleway",
        "lit": "yes",
        "smoothness": "excellent",
        "surface": "asphalt"
      },
      "geometry": {
        "type": "LineString",
        "coordinates": [
          [
            21.0464759,
            52.1907283
          ],
          [
            21.0464306,
            52.1906934
          ],
          [
            21.0463922,
            52.1906638
          ],
          [
            21.0463397,
            52.1906233
          ]
        ]
      },
      "id": "way/367824373"
    },
    {
      "type": "Feature",
      "properties": {
        "@id": "way/367824376",
        "highway": "cycleway",
        "lit": "yes",
        "smoothness": "excellent",
        "surface": "asphalt"
      },
      "geometry": {
        "type": "LineString",
        "coordinates": [
          [
            21.0471822,
            52.1898258
          ],
          [
            21.0472316,
            52.1898639
          ],
          [
            21.0472701,
            52.1898936
          ],
          [
            21.0473141,
            52.1899275
          ]
        ]
      },
      "id": "way/367824376"
    },
    {
      "type": "Feature",
      "properties": {
        "@id": "way/367824377",
        "highway": "cycleway",
        "lit": "yes",
        "smoothness": "excellent",
        "surface": "asphalt"
      },
      "geometry": {
        "type": "LineString",
        "coordinates": [
          [
            21.046245,
            52.1905515
          ],
          [
            21.0461958,
            52.1905132
          ]
        ]
      },
      "id": "way/367824377"
    },
    {
      "type": "Feature",
      "properties": {
        "@id": "way/367824380",
        "highway": "cycleway",
        "smoothness": "excellent",
        "surface": "asphalt"
      },
      "geometry": {
        "type": "LineString",
        "coordinates": [
          [
            21.0474411,
            52.190024
          ],
          [
            21.0474914,
            52.1900623
          ]
        ]
      },
      "id": "way/367824380"
    },
    {
      "type": "Feature",
      "properties": {
        "@id": "way/367824384",
        "crossing": "traffic_signals",
        "crossing:markings": "dots",
        "cycleway": "crossing",
        "highway": "cycleway",
        "lit": "yes",
        "smoothness": "excellent",
        "surface": "asphalt",
        "width": "2.2"
      },
      "geometry": {
        "type": "LineString",
        "coordinates": [
          [
            21.0473141,
            52.1899275
          ],
          [
            21.0473775,
            52.1899757
          ],
          [
            21.0474411,
            52.190024
          ]
        ]
      },
      "id": "way/367824384"
    },
    {
      "type": "Feature",
      "properties": {
        "@id": "way/367824386",
        "bicycle": "designated",
        "crossing": "traffic_signals",
        "crossing:markings": "dots",
        "cycleway": "crossing",
        "highway": "cycleway",
        "lit": "yes",
        "smoothness": "excellent",
        "surface": "asphalt"
      },
      "geometry": {
        "type": "LineString",
        "coordinates": [
          [
            21.0471421,
            52.1896963
          ],
          [
            21.0471499,
            52.1896686
          ],
          [
            21.0471578,
            52.189641
          ]
        ]
      },
      "id": "way/367824386"
    },
    {
      "type": "Feature",
      "properties": {
        "@id": "way/367824391",
        "bicycle": "designated",
        "crossing": "traffic_signals",
        "crossing:markings": "dots",
        "cycleway": "crossing",
        "highway": "cycleway",
        "lit": "yes",
        "smoothness": "excellent",
        "surface": "asphalt"
      },
      "geometry": {
        "type": "LineString",
        "coordinates": [
          [
            21.0468907,
            52.1898403
          ],
          [
            21.0469951,
            52.1897983
          ],
          [
            21.0470602,
            52.1897721
          ]
        ]
      },
      "id": "way/367824391"
    },
    {
      "type": "Feature",
      "properties": {
        "@id": "way/367824394",
        "check_date:smoothness": "2022-11-15",
        "highway": "cycleway",
        "lit": "yes",
        "smoothness": "excellent",
        "surface": "asphalt"
      },
      "geometry": {
        "type": "LineString",
        "coordinates": [
          [
            21.0471187,
            52.190354
          ],
          [
            21.0470802,
            52.1903758
          ],
          [
            21.0470613,
            52.19039
          ],
          [
            21.0470404,
            52.1904076
          ],
          [
            21.0470224,
            52.1904273
          ],
          [
            21.0470091,
            52.1904482
          ],
          [
            21.0468827,
            52.1906688
          ],
          [
            21.0468698,
            52.1906867
          ],
          [
            21.0468532,
            52.1907022
          ],
          [
            21.0468347,
            52.1907166
          ],
          [
            21.0468175,
            52.1907271
          ],
          [
            21.0468036,
            52.1907336
          ]
        ]
      },
      "id": "way/367824394"
    },
    {
      "type": "Feature",
      "properties": {
        "@id": "way/367824399",
        "bicycle": "designated",
        "crossing": "traffic_signals",
        "crossing:markings": "dots",
        "cycleway": "crossing",
        "highway": "cycleway",
        "lit": "yes",
        "smoothness": "excellent",
        "surface": "asphalt"
      },
      "geometry": {
        "type": "LineString",
        "coordinates": [
          [
            21.0468036,
            52.1907336
          ],
          [
            21.0467021,
            52.1907796
          ],
          [
            21.046638,
            52.1908087
          ]
        ]
      },
      "id": "way/367824399"
    },
    {
      "type": "Feature",
      "properties": {
        "@id": "way/367824406",
        "bicycle": "designated",
        "crossing": "traffic_signals",
        "crossing:markings": "dots",
        "cycleway": "crossing",
        "highway": "cycleway",
        "lit": "yes",
        "smoothness": "excellent",
        "surface": "asphalt",
        "width": "2"
      },
      "geometry": {
        "type": "LineString",
        "coordinates": [
          [
            21.0465699,
            52.1908013
          ],
          [
            21.0465385,
            52.1907769
          ],
          [
            21.0464759,
            52.1907283
          ]
        ]
      },
      "id": "way/367824406"
    },
    {
      "type": "Feature",
      "properties": {
        "@id": "way/367824407",
        "bicycle": "designated",
        "crossing": "traffic_signals",
        "crossing:markings": "dots",
        "cycleway": "crossing",
        "highway": "cycleway",
        "lit": "yes",
        "smoothness": "excellent",
        "surface": "asphalt"
      },
      "geometry": {
        "type": "LineString",
        "coordinates": [
          [
            21.0473082,
            52.1902786
          ],
          [
            21.0471878,
            52.1903265
          ],
          [
            21.0471187,
            52.190354
          ]
        ]
      },
      "id": "way/367824407"
    },
    {
      "type": "Feature",
      "properties": {
        "@id": "way/367824409",
        "highway": "cycleway",
        "smoothness": "good",
        "surface": "asphalt"
      },
      "geometry": {
        "type": "LineString",
        "coordinates": [
          [
            21.0465396,
            52.1902486
          ],
          [
            21.046559,
            52.1902384
          ],
          [
            21.046569,
            52.1902319
          ],
          [
            21.0465848,
            52.190221
          ],
          [
            21.0466003,
            52.1902081
          ],
          [
            21.0466132,
            52.1901948
          ],
          [
            21.0466238,
            52.1901806
          ],
          [
            21.046785,
            52.1899228
          ],
          [
            21.0467993,
            52.1899054
          ],
          [
            21.0468188,
            52.189885
          ],
          [
            21.0468438,
            52.1898659
          ],
          [
            21.0468721,
            52.1898497
          ],
          [
            21.0468907,
            52.1898403
          ]
        ]
      },
      "id": "way/367824409"
    },
    {
      "type": "Feature",
      "properties": {
        "@id": "way/367824413",
        "bicycle": "designated",
        "crossing": "traffic_signals",
        "crossing:markings": "dots",
        "cycleway": "crossing",
        "highway": "cycleway",
        "lit": "yes",
        "smoothness": "excellent",
        "surface": "asphalt",
        "width": "2"
      },
      "geometry": {
        "type": "LineString",
        "coordinates": [
          [
            21.0465498,
            52.190883
          ],
          [
            21.0465447,
            52.1909097
          ],
          [
            21.0465395,
            52.1909364
          ]
        ]
      },
      "id": "way/367824413"
    },
    {
      "type": "Feature",
      "properties": {
        "@id": "way/367824415",
        "bicycle": "designated",
        "crossing": "traffic_signals",
        "crossing:markings": "dots",
        "cycleway": "crossing",
        "highway": "cycleway",
        "lit": "yes",
        "smoothness": "excellent",
        "surface": "asphalt"
      },
      "geometry": {
        "type": "LineString",
        "coordinates": [
          [
            21.0471194,
            52.1897773
          ],
          [
            21.0471508,
            52.1898015
          ],
          [
            21.0471822,
            52.1898258
          ]
        ]
      },
      "id": "way/367824415"
    },
    {
      "type": "Feature",
      "properties": {
        "@id": "way/367824416",
        "bicycle": "designated",
        "crossing": "traffic_signals",
        "crossing:markings": "dots",
        "cycleway": "crossing",
        "highway": "cycleway",
        "lit": "yes",
        "smoothness": "excellent",
        "surface": "asphalt"
      },
      "geometry": {
        "type": "LineString",
        "coordinates": [
          [
            21.0463397,
            52.1906233
          ],
          [
            21.0463085,
            52.1905997
          ],
          [
            21.046245,
            52.1905515
          ]
        ]
      },
      "id": "way/367824416"
    },
    {
      "type": "Feature",
      "properties": {
        "@id": "way/367824417",
        "bicycle": "designated",
        "crossing": "traffic_signals",
        "crossing:markings": "dots",
        "cycleway": "crossing",
        "highway": "cycleway",
        "lit": "yes",
        "smoothness": "excellent",
        "surface": "asphalt"
      },
      "geometry": {
        "type": "LineString",
        "coordinates": [
          [
            21.0463686,
            52.1903228
          ],
          [
            21.0464758,
            52.1902763
          ],
          [
            21.0464989,
            52.1902663
          ],
          [
            21.0465396,
            52.1902486
          ]
        ]
      },
      "id": "way/367824417"
    },
    {
      "type": "Feature",
      "properties": {
        "@id": "way/367824418",
        "check_date:smoothness": "2022-11-06",
        "highway": "cycleway",
        "lit": "yes",
        "smoothness": "excellent",
        "surface": "asphalt",
        "width": "2"
      },
      "geometry": {
        "type": "LineString",
        "coordinates": [
          [
            21.046638,
            52.1908087
          ],
          [
            21.0466193,
            52.1908184
          ],
          [
            21.0466033,
            52.190829
          ],
          [
            21.0465743,
            52.1908581
          ],
          [
            21.0465498,
            52.190883
          ]
        ]
      },
      "id": "way/367824418"
    },
    {
      "type": "Feature",
      "properties": {
        "@id": "way/367824420",
        "check_date:smoothness": "2022-11-06",
        "highway": "cycleway",
        "lit": "yes",
        "smoothness": "excellent",
        "surface": "asphalt"
      },
      "geometry": {
        "type": "LineString",
        "coordinates": [
          [
            21.0470602,
            52.1897721
          ],
          [
            21.0470684,
            52.1897674
          ],
          [
            21.0470762,
            52.189761
          ],
          [
            21.0471094,
            52.1897284
          ],
          [
            21.0471421,
            52.1896963
          ]
        ]
      },
      "id": "way/367824420"
    },
    {
      "type": "Feature",
      "properties": {
        "@id": "way/367824422",
        "highway": "cycleway",
        "smoothness": "intermediate",
        "surface": "paving_stones"
      },
      "geometry": {
        "type": "LineString",
        "coordinates": [
          [
            21.0491709,
            52.1877261
          ],
          [
            21.0491996,
            52.1877033
          ],
          [
            21.049303,
            52.1876042
          ],
          [
            21.049346,
            52.187563
          ],
          [
            21.0493698,
            52.1875402
          ],
          [
            21.0493874,
            52.1875229
          ],
          [
            21.0495175,
            52.1873565
          ],
          [
            21.0495345,
            52.1873372
          ],
          [
            21.0495535,
            52.1873163
          ],
          [
            21.0495639,
            52.1873066
          ],
          [
            21.0496968,
            52.1871809
          ],
          [
            21.0497135,
            52.1871651
          ],
          [
            21.0497381,
            52.1871438
          ],
          [
            21.0497677,
            52.1871215
          ],
          [
            21.0497949,
            52.1871033
          ],
          [
            21.0498795,
            52.1870555
          ],
          [
            21.0499102,
            52.1870374
          ],
          [
            21.0499377,
            52.1870181
          ],
          [
            21.0499627,
            52.1869962
          ],
          [
            21.0516374,
            52.1854067
          ],
          [
            21.0517235,
            52.185265
          ],
          [
            21.0517347,
            52.1852489
          ],
          [
            21.051744,
            52.1852386
          ],
          [
            21.0517622,
            52.1852196
          ],
          [
            21.05179,
            52.1851976
          ],
          [
            21.0518834,
            52.1851246
          ]
        ]
      },
      "id": "way/367824422"
    },
    {
      "type": "Feature",
      "properties": {
        "@id": "way/367824427",
        "highway": "cycleway",
        "smoothness": "excellent",
        "surface": "asphalt"
      },
      "geometry": {
        "type": "LineString",
        "coordinates": [
          [
            21.0471578,
            52.189641
          ],
          [
            21.0471629,
            52.1896239
          ],
          [
            21.0471711,
            52.1896049
          ],
          [
            21.0471834,
            52.1895848
          ],
          [
            21.0471993,
            52.1895649
          ],
          [
            21.0474447,
            52.1893299
          ],
          [
            21.0475776,
            52.1892034
          ],
          [
            21.0475936,
            52.1891879
          ]
        ]
      },
      "id": "way/367824427"
    },
    {
      "type": "Feature",
      "properties": {
        "@id": "way/368819190",
        "highway": "residential",
        "maxspeed": "30",
        "name": "Bluszczańska",
        "sidewalk:both": "separate",
        "source:maxspeed": "sign",
        "surface": "asphalt",
        "wikidata": "Q110162521"
      },
      "geometry": {
        "type": "LineString",
        "coordinates": [
          [
            21.0590143,
            52.2087272
          ],
          [
            21.0591336,
            52.2087406
          ],
          [
            21.0591726,
            52.2087449
          ],
          [
            21.0596562,
            52.2087966
          ],
          [
            21.0597496,
            52.2088069
          ],
          [
            21.0599367,
            52.2088266
          ],
          [
            21.0602773,
            52.2088624
          ],
          [
            21.060356,
            52.2088703
          ],
          [
            21.0605151,
            52.2088874
          ],
          [
            21.0606043,
            52.2088968
          ],
          [
            21.0608441,
            52.2089212
          ],
          [
            21.0611049,
            52.2089498
          ],
          [
            21.0612373,
            52.2089641
          ],
          [
            21.0614113,
            52.2089829
          ],
          [
            21.0615841,
            52.2090001
          ],
          [
            21.061709,
            52.2090127
          ],
          [
            21.0620211,
            52.2090451
          ],
          [
            21.0622625,
            52.2090701
          ],
          [
            21.0623482,
            52.2090783
          ],
          [
            21.062411,
            52.209084
          ],
          [
            21.062511,
            52.209093
          ],
          [
            21.0625604,
            52.2090974
          ],
          [
            21.0628318,
            52.2091234
          ]
        ]
      },
      "id": "way/368819190"
    },
    {
      "type": "Feature",
      "properties": {
        "@id": "way/372632204",
        "highway": "living_street"
      },
      "geometry": {
        "type": "LineString",
        "coordinates": [
          [
            21.0532748,
            52.1864274
          ],
          [
            21.0532502,
            52.1864231
          ],
          [
            21.0528845,
            52.1863533
          ],
          [
            21.0528395,
            52.1863594
          ]
        ]
      },
      "id": "way/372632204"
    },
    {
      "type": "Feature",
      "properties": {
        "@id": "way/372632218",
        "highway": "living_street",
        "surface": "asphalt"
      },
      "geometry": {
        "type": "LineString",
        "coordinates": [
          [
            21.0537043,
            52.185874
          ],
          [
            21.0536802,
            52.1858981
          ],
          [
            21.0536076,
            52.1859547
          ],
          [
            21.0535114,
            52.1860434
          ],
          [
            21.0534799,
            52.1860834
          ],
          [
            21.0534284,
            52.1861652
          ],
          [
            21.0533319,
            52.1863463
          ],
          [
            21.0532748,
            52.1864274
          ],
          [
            21.0532289,
            52.186526
          ]
        ]
      },
      "id": "way/372632218"
    },
    {
      "type": "Feature",
      "properties": {
        "@id": "way/372632224",
        "highway": "living_street",
        "surface": "asphalt"
      },
      "geometry": {
        "type": "LineString",
        "coordinates": [
          [
            21.050827,
            52.1870748
          ],
          [
            21.0507231,
            52.1871722
          ],
          [
            21.0505706,
            52.1873163
          ],
          [
            21.0501698,
            52.1876952
          ],
          [
            21.0501119,
            52.1877529
          ]
        ]
      },
      "id": "way/372632224"
    },
    {
      "type": "Feature",
      "properties": {
        "@id": "way/372632231",
        "highway": "living_street"
      },
      "geometry": {
        "type": "LineString",
        "coordinates": [
          [
            21.0525803,
            52.1854258
          ],
          [
            21.052647,
            52.1854503
          ],
          [
            21.0527369,
            52.1854877
          ],
          [
            21.0530233,
            52.1856004
          ],
          [
            21.053658,
            52.1858554
          ],
          [
            21.0537043,
            52.185874
          ],
          [
            21.0541684,
            52.1860604
          ],
          [
            21.0542424,
            52.1860924
          ]
        ]
      },
      "id": "way/372632231"
    },
    {
      "type": "Feature",
      "properties": {
        "@id": "way/373978190",
        "highway": "living_street",
        "noname": "yes",
        "surface": "paving_stones"
      },
      "geometry": {
        "type": "LineString",
        "coordinates": [
          [
            21.0586526,
            52.1860431
          ],
          [
            21.0586394,
            52.1860283
          ],
          [
            21.0586194,
            52.1860059
          ],
          [
            21.0585641,
            52.1859764
          ],
          [
            21.0584625,
            52.185948
          ],
          [
            21.0580905,
            52.1858682
          ],
          [
            21.0580424,
            52.1858515
          ],
          [
            21.0580216,
            52.1858238
          ],
          [
            21.0580162,
            52.1857961
          ],
          [
            21.0580186,
            52.1857757
          ],
          [
            21.058024,
            52.1857498
          ],
          [
            21.0580792,
            52.1856573
          ],
          [
            21.0581125,
            52.1855983
          ],
          [
            21.0582368,
            52.1853697
          ],
          [
            21.0594518,
            52.1856125
          ],
          [
            21.0596576,
            52.1856264
          ]
        ]
      },
      "id": "way/373978190"
    },
    {
      "type": "Feature",
      "properties": {
        "@id": "way/378818094",
        "highway": "cycleway",
        "lit": "yes",
        "smoothness": "good",
        "surface": "asphalt"
      },
      "geometry": {
        "type": "LineString",
        "coordinates": [
          [
            21.0448422,
            52.1917763
          ],
          [
            21.0448923,
            52.1917373
          ],
          [
            21.0449456,
            52.1916985
          ],
          [
            21.0450318,
            52.1916198
          ],
          [
            21.0450757,
            52.1915783
          ],
          [
            21.0453426,
            52.1913246
          ],
          [
            21.0453733,
            52.1912954
          ],
          [
            21.0461403,
            52.1905644
          ],
          [
            21.046157,
            52.1905491
          ],
          [
            21.0461958,
            52.1905132
          ],
          [
            21.0462097,
            52.1904977
          ],
          [
            21.0462208,
            52.1904826
          ],
          [
            21.0462801,
            52.1903905
          ],
          [
            21.0462852,
            52.1903789
          ],
          [
            21.0462851,
            52.1903681
          ],
          [
            21.0462822,
            52.1903586
          ],
          [
            21.0463686,
            52.1903228
          ]
        ]
      },
      "id": "way/378818094"
    },
    {
      "type": "Feature",
      "properties": {
        "@id": "way/378818104",
        "check_date:smoothness": "2022-11-06",
        "highway": "cycleway",
        "lit": "yes",
        "oneway": "yes",
        "smoothness": "excellent",
        "source": "gps track",
        "surface": "asphalt"
      },
      "geometry": {
        "type": "LineString",
        "coordinates": [
          [
            21.0431786,
            52.1941672
          ],
          [
            21.0431845,
            52.194117
          ],
          [
            21.0431943,
            52.1940917
          ],
          [
            21.0432051,
            52.1940699
          ],
          [
            21.0432202,
            52.1940469
          ],
          [
            21.043233,
            52.1940286
          ],
          [
            21.0432506,
            52.1940081
          ],
          [
            21.0433095,
            52.1939562
          ]
        ]
      },
      "id": "way/378818104"
    },
    {
      "type": "Feature",
      "properties": {
        "@id": "way/378818110",
        "check_date:smoothness": "2022-11-06",
        "highway": "cycleway",
        "lit": "yes",
        "smoothness": "excellent",
        "source": "gps track",
        "surface": "asphalt"
      },
      "geometry": {
        "type": "LineString",
        "coordinates": [
          [
            21.0417282,
            52.1955204
          ],
          [
            21.0417517,
            52.1954976
          ],
          [
            21.0417667,
            52.1954852
          ],
          [
            21.0417918,
            52.1954658
          ],
          [
            21.0418053,
            52.1954545
          ],
          [
            21.0418247,
            52.1954366
          ],
          [
            21.0418858,
            52.1953937
          ]
        ]
      },
      "id": "way/378818110"
    },
    {
      "type": "Feature",
      "properties": {
        "@id": "way/378818113",
        "highway": "cycleway",
        "lit": "yes",
        "oneway": "yes",
        "smoothness": "excellent",
        "surface": "asphalt",
        "width": "2"
      },
      "geometry": {
        "type": "LineString",
        "coordinates": [
          [
            21.0357574,
            52.2017428
          ],
          [
            21.0358084,
            52.2017711
          ],
          [
            21.035862,
            52.2018009
          ],
          [
            21.0358792,
            52.2018101
          ],
          [
            21.0358987,
            52.2018183
          ],
          [
            21.0359207,
            52.2018238
          ],
          [
            21.035999,
            52.2018376
          ],
          [
            21.0360262,
            52.2018475
          ],
          [
            21.0360681,
            52.2018852
          ]
        ]
      },
      "id": "way/378818113"
    },
    {
      "type": "Feature",
      "properties": {
        "@id": "way/391921270",
        "access": "private",
        "highway": "living_street",
        "name": "Leszczyny",
        "surface": "paving_stones"
      },
      "geometry": {
        "type": "LineString",
        "coordinates": [
          [
            21.0318481,
            52.1846946
          ],
          [
            21.0319481,
            52.1846619
          ],
          [
            21.0320367,
            52.184635
          ],
          [
            21.0321333,
            52.1846155
          ],
          [
            21.0322266,
            52.1846001
          ],
          [
            21.0323279,
            52.1845897
          ],
          [
            21.0326172,
            52.1845885
          ],
          [
            21.0328031,
            52.1845877
          ],
          [
            21.0332445,
            52.1845922
          ],
          [
            21.0337306,
            52.1845942
          ],
          [
            21.0338417,
            52.1845946
          ],
          [
            21.0344395,
            52.1845935
          ],
          [
            21.0345902,
            52.1845952
          ],
          [
            21.0348571,
            52.1845981
          ],
          [
            21.0351525,
            52.1846014
          ],
          [
            21.0354223,
            52.1846044
          ]
        ]
      },
      "id": "way/391921270"
    },
    {
      "type": "Feature",
      "properties": {
        "@id": "way/418273449",
        "bicycle": "designated",
        "cycleway:surface": "asphalt",
        "foot": "designated",
        "footway:surface": "paving_stones",
        "highway": "path",
        "lit": "yes",
        "segregated": "yes",
        "surface": "paved"
      },
      "geometry": {
        "type": "LineString",
        "coordinates": [
          [
            21.0635361,
            52.2084689
          ],
          [
            21.0635222,
            52.2084789
          ],
          [
            21.063504,
            52.2084901
          ],
          [
            21.0634883,
            52.208503
          ],
          [
            21.0634816,
            52.2085168
          ],
          [
            21.0634783,
            52.2085265
          ],
          [
            21.0633325,
            52.2090431
          ],
          [
            21.0633241,
            52.2090738
          ],
          [
            21.0633223,
            52.2090839
          ],
          [
            21.0633266,
            52.2090936
          ],
          [
            21.0633363,
            52.2091081
          ],
          [
            21.0633399,
            52.2091192
          ],
          [
            21.0633377,
            52.2091418
          ]
        ]
      },
      "id": "way/418273449"
    },
    {
      "type": "Feature",
      "properties": {
        "@id": "way/418273478",
        "bicycle": "designated",
        "cycleway:surface": "asphalt",
        "foot": "designated",
        "footway:surface": "paving_stones",
        "highway": "path",
        "lit": "yes",
        "segregated": "yes",
        "surface": "paved"
      },
      "geometry": {
        "type": "LineString",
        "coordinates": [
          [
            21.0646136,
            52.2093758
          ],
          [
            21.0645807,
            52.2093721
          ],
          [
            21.0638771,
            52.2093003
          ],
          [
            21.063378,
            52.2092494
          ],
          [
            21.0633136,
            52.2092423
          ]
        ]
      },
      "id": "way/418273478"
    },
    {
      "type": "Feature",
      "properties": {
        "@id": "way/418273483",
        "bicycle": "designated",
        "cycleway:surface": "asphalt",
        "foot": "designated",
        "footway:surface": "paving_stones",
        "highway": "path",
        "lit": "yes",
        "segregated": "yes",
        "surface": "paved"
      },
      "geometry": {
        "type": "LineString",
        "coordinates": [
          [
            21.0662415,
            52.2093027
          ],
          [
            21.0661734,
            52.2093065
          ],
          [
            21.0655519,
            52.2093521
          ],
          [
            21.0655087,
            52.2093556
          ],
          [
            21.0654732,
            52.2093578
          ]
        ]
      },
      "id": "way/418273483"
    },
    {
      "type": "Feature",
      "properties": {
        "@id": "way/418299593",
        "bicycle": "designated",
        "foot": "designated",
        "highway": "path",
        "path": "crossing",
        "segregated": "yes",
        "surface": "paving_stones"
      },
      "geometry": {
        "type": "LineString",
        "coordinates": [
          [
            21.0590424,
            52.2088119
          ],
          [
            21.058994,
            52.2088072
          ],
          [
            21.0589459,
            52.2088027
          ]
        ]
      },
      "id": "way/418299593"
    },
    {
      "type": "Feature",
      "properties": {
        "@id": "way/426843540",
        "bicycle": "designated",
        "cycleway:crossing:markings": "dots",
        "foot": "designated",
        "footway:crossing:markings": "zebra",
        "highway": "path",
        "path": "crossing",
        "segregated": "yes",
        "surface": "paved"
      },
      "geometry": {
        "type": "LineString",
        "coordinates": [
          [
            21.0588756,
            52.208741
          ],
          [
            21.0588837,
            52.2087126
          ]
        ]
      },
      "id": "way/426843540"
    },
    {
      "type": "Feature",
      "properties": {
        "@id": "way/426843550",
        "bicycle": "designated",
        "check_date": "2018-09-16",
        "cycleway:surface": "asphalt",
        "foot": "designated",
        "footway:surface": "paving_stones",
        "highway": "path",
        "lit": "yes",
        "path": "sidewalk",
        "segregated": "yes",
        "surface": "paved"
      },
      "geometry": {
        "type": "LineString",
        "coordinates": [
          [
            21.0589825,
            52.2082872
          ],
          [
            21.0589889,
            52.2083038
          ],
          [
            21.058991,
            52.2083228
          ],
          [
            21.0589916,
            52.2083521
          ],
          [
            21.0589916,
            52.2084028
          ],
          [
            21.0589821,
            52.2084415
          ],
          [
            21.0589591,
            52.208529
          ],
          [
            21.0589379,
            52.2086335
          ]
        ]
      },
      "id": "way/426843550"
    },
    {
      "type": "Feature",
      "properties": {
        "@id": "way/429003954",
        "highway": "living_street",
        "maxspeed": "20",
        "noname": "yes",
        "service": "driveway"
      },
      "geometry": {
        "type": "LineString",
        "coordinates": [
          [
            21.0550536,
            52.1862366
          ],
          [
            21.0553178,
            52.1863397
          ],
          [
            21.0553424,
            52.1863479
          ],
          [
            21.0553764,
            52.1863476
          ],
          [
            21.0554044,
            52.1863443
          ],
          [
            21.0554299,
            52.186335
          ],
          [
            21.0554702,
            52.1863035
          ],
          [
            21.0557788,
            52.1860207
          ],
          [
            21.0558295,
            52.1859945
          ],
          [
            21.0559394,
            52.1859941
          ]
        ]
      },
      "id": "way/429003954"
    },
    {
      "type": "Feature",
      "properties": {
        "@id": "way/436122142",
        "highway": "living_street"
      },
      "geometry": {
        "type": "LineString",
        "coordinates": [
          [
            21.0592295,
            52.1805239
          ],
          [
            21.060812,
            52.1811502
          ]
        ]
      },
      "id": "way/436122142"
    },
    {
      "type": "Feature",
      "properties": {
        "@id": "way/436122164",
        "highway": "living_street"
      },
      "geometry": {
        "type": "LineString",
        "coordinates": [
          [
            21.0598035,
            52.1799653
          ],
          [
            21.0604144,
            52.1802087
          ],
          [
            21.0611265,
            52.1804924
          ],
          [
            21.0616335,
            52.1806944
          ]
        ]
      },
      "id": "way/436122164"
    },
    {
      "type": "Feature",
      "properties": {
        "@id": "way/437712960",
        "highway": "residential",
        "maxspeed": "30",
        "name": "Jałtańska",
        "name:etymology:wikidata": "Q128499",
        "surface": "asphalt"
      },
      "geometry": {
        "type": "LineString",
        "coordinates": [
          [
            21.0550433,
            52.1813761
          ],
          [
            21.0549556,
            52.1814318
          ],
          [
            21.0549088,
            52.1814614
          ],
          [
            21.0542305,
            52.1818871
          ],
          [
            21.0539608,
            52.1820604
          ],
          [
            21.0538054,
            52.1821581
          ],
          [
            21.0534926,
            52.1823548
          ],
          [
            21.0531886,
            52.1825653
          ],
          [
            21.0529283,
            52.1827073
          ],
          [
            21.0528238,
            52.1827429
          ]
        ]
      },
      "id": "way/437712960"
    },
    {
      "type": "Feature",
      "properties": {
        "@id": "way/482847993",
        "foot": "no",
        "highway": "residential",
        "lanes": "2",
        "lit": "yes",
        "maxspeed": "30",
        "name": "Białej Koniczyny",
        "oneway": "no",
        "sidewalk": "separate",
        "source:maxspeed": "PL:zone",
        "surface": "asphalt"
      },
      "geometry": {
        "type": "LineString",
        "coordinates": [
          [
            21.0424114,
            52.1856522
          ],
          [
            21.0423911,
            52.1855745
          ],
          [
            21.0423894,
            52.1855298
          ],
          [
            21.0423913,
            52.1855091
          ],
          [
            21.0425293,
            52.1849509
          ],
          [
            21.0425435,
            52.1848924
          ],
          [
            21.042709,
            52.1842458
          ],
          [
            21.0427397,
            52.1841195
          ],
          [
            21.0428436,
            52.1837085
          ],
          [
            21.0429104,
            52.1834328
          ],
          [
            21.0430025,
            52.183116
          ],
          [
            21.0430699,
            52.1828558
          ],
          [
            21.0431104,
            52.1826914
          ],
          [
            21.0433151,
            52.1818575
          ]
        ]
      },
      "id": "way/482847993"
    },
    {
      "type": "Feature",
      "properties": {
        "@id": "way/491365786",
        "bicycle": "designated",
        "highway": "cycleway",
        "lit": "yes",
        "smoothness": "excellent",
        "surface": "asphalt"
      },
      "geometry": {
        "type": "LineString",
        "coordinates": [
          [
            21.0524088,
            52.1853441
          ],
          [
            21.0523627,
            52.1853858
          ],
          [
            21.0523499,
            52.1854008
          ],
          [
            21.0523373,
            52.1854177
          ],
          [
            21.0523194,
            52.1854377
          ],
          [
            21.0522953,
            52.1854606
          ],
          [
            21.0521819,
            52.1855682
          ],
          [
            21.0520438,
            52.1857
          ],
          [
            21.0518367,
            52.1858977
          ],
          [
            21.0518106,
            52.1859212
          ],
          [
            21.0517843,
            52.1859398
          ],
          [
            21.0517559,
            52.1859573
          ],
          [
            21.0516155,
            52.1860349
          ],
          [
            21.0516038,
            52.1860418
          ],
          [
            21.0515782,
            52.1860593
          ],
          [
            21.0515602,
            52.1860741
          ],
          [
            21.0506189,
            52.1869636
          ],
          [
            21.0506065,
            52.1869774
          ],
          [
            21.0505932,
            52.1869931
          ],
          [
            21.0505836,
            52.1870092
          ],
          [
            21.0505791,
            52.1870186
          ],
          [
            21.0505467,
            52.187102
          ],
          [
            21.0505361,
            52.1871235
          ],
          [
            21.050522,
            52.1871431
          ],
          [
            21.0505026,
            52.1871637
          ],
          [
            21.0498683,
            52.1877672
          ],
          [
            21.0498431,
            52.1877912
          ],
          [
            21.0498293,
            52.1877996
          ],
          [
            21.0498124,
            52.1878064
          ],
          [
            21.0497192,
            52.1879128
          ]
        ]
      },
      "id": "way/491365786"
    },
    {
      "type": "Feature",
      "properties": {
        "@id": "way/491365787",
        "bicycle": "designated",
        "crossing": "traffic_signals",
        "crossing:markings": "dots",
        "cycleway": "crossing",
        "highway": "cycleway",
        "lit": "yes",
        "smoothness": "excellent",
        "surface": "asphalt"
      },
      "geometry": {
        "type": "LineString",
        "coordinates": [
          [
            21.052529,
            52.185237
          ],
          [
            21.0525028,
            52.1852603
          ],
          [
            21.0524807,
            52.18528
          ]
        ]
      },
      "id": "way/491365787"
    },
    {
      "type": "Feature",
      "properties": {
        "@id": "way/492435013",
        "highway": "residential",
        "lanes": "2",
        "lit": "yes",
        "maxspeed": "30",
        "name": "Bluszczańska",
        "sidewalk:both": "separate",
        "source:maxspeed": "sign",
        "surface": "asphalt",
        "wikidata": "Q110162521"
      },
      "geometry": {
        "type": "LineString",
        "coordinates": [
          [
            21.0676077,
            52.2091938
          ],
          [
            21.067648,
            52.209198
          ],
          [
            21.0678578,
            52.2092238
          ],
          [
            21.0681817,
            52.2092642
          ],
          [
            21.0683903,
            52.2093001
          ],
          [
            21.0685166,
            52.2093219
          ]
        ]
      },
      "id": "way/492435013"
    },
    {
      "type": "Feature",
      "properties": {
        "@id": "way/493322773",
        "bicycle": "designated",
        "crossing": "uncontrolled",
        "crossing:markings": "dots",
        "cycleway": "crossing",
        "highway": "cycleway",
        "smoothness": "excellent",
        "surface": "asphalt"
      },
      "geometry": {
        "type": "LineString",
        "coordinates": [
          [
            21.0486099,
            52.1889295
          ],
          [
            21.0485842,
            52.1889534
          ],
          [
            21.0485577,
            52.188978
          ]
        ]
      },
      "id": "way/493322773"
    },
    {
      "type": "Feature",
      "properties": {
        "@id": "way/493322774",
        "bicycle": "designated",
        "highway": "cycleway",
        "smoothness": "excellent",
        "surface": "asphalt"
      },
      "geometry": {
        "type": "LineString",
        "coordinates": [
          [
            21.0495929,
            52.1880583
          ],
          [
            21.0495472,
            52.1881018
          ],
          [
            21.0495216,
            52.1881067
          ],
          [
            21.0495027,
            52.1881146
          ],
          [
            21.049489,
            52.1881248
          ],
          [
            21.0494438,
            52.1881679
          ],
          [
            21.0491888,
            52.1884109
          ],
          [
            21.0490933,
            52.1885015
          ],
          [
            21.0490485,
            52.1885337
          ],
          [
            21.0489888,
            52.1885742
          ],
          [
            21.0489693,
            52.1885885
          ],
          [
            21.048947,
            52.1886069
          ],
          [
            21.0486864,
            52.1888509
          ],
          [
            21.0486242,
            52.1889141
          ],
          [
            21.0486099,
            52.1889295
          ]
        ]
      },
      "id": "way/493322774"
    },
    {
      "type": "Feature",
      "properties": {
        "@id": "way/493322845",
        "highway": "cycleway",
        "surface": "asphalt"
      },
      "geometry": {
        "type": "LineString",
        "coordinates": [
          [
            21.049489,
            52.1881248
          ],
          [
            21.0493857,
            52.1880852
          ]
        ]
      },
      "id": "way/493322845"
    },
    {
      "type": "Feature",
      "properties": {
        "@id": "way/493322846",
        "bicycle": "designated",
        "crossing": "traffic_signals",
        "cycleway": "crossing",
        "highway": "cycleway",
        "lit": "yes",
        "smoothness": "excellent",
        "surface": "concrete"
      },
      "geometry": {
        "type": "LineString",
        "coordinates": [
          [
            21.0492508,
            52.1880312
          ],
          [
            21.0492322,
            52.1880238
          ],
          [
            21.0491833,
            52.1880044
          ],
          [
            21.049165,
            52.1879971
          ]
        ]
      },
      "id": "way/493322846"
    },
    {
      "type": "Feature",
      "properties": {
        "@id": "way/493322847",
        "highway": "cycleway",
        "surface": "asphalt"
      },
      "geometry": {
        "type": "LineString",
        "coordinates": [
          [
            21.0489865,
            52.1879263
          ],
          [
            21.0489386,
            52.1879071
          ]
        ]
      },
      "id": "way/493322847"
    },
    {
      "type": "Feature",
      "properties": {
        "@id": "way/493322848",
        "bicycle": "designated",
        "crossing": "traffic_signals",
        "crossing:markings": "dots",
        "cycleway": "crossing",
        "highway": "cycleway",
        "lit": "yes",
        "smoothness": "excellent",
        "surface": "asphalt"
      },
      "geometry": {
        "type": "LineString",
        "coordinates": [
          [
            21.0493857,
            52.1880852
          ],
          [
            21.0493436,
            52.1880683
          ],
          [
            21.0492904,
            52.1880469
          ]
        ]
      },
      "id": "way/493322848"
    },
    {
      "type": "Feature",
      "properties": {
        "@id": "way/493322849",
        "check_date:smoothness": "2022-11-25",
        "highway": "cycleway",
        "lit": "yes",
        "smoothness": "excellent",
        "surface": "asphalt"
      },
      "geometry": {
        "type": "LineString",
        "coordinates": [
          [
            21.0485577,
            52.188978
          ],
          [
            21.0483535,
            52.1891722
          ],
          [
            21.0483354,
            52.1891908
          ],
          [
            21.0483208,
            52.1892063
          ],
          [
            21.0482776,
            52.1892563
          ],
          [
            21.0482522,
            52.1892844
          ],
          [
            21.0482214,
            52.189317
          ],
          [
            21.0481765,
            52.1893606
          ],
          [
            21.0481288,
            52.1894061
          ],
          [
            21.0476093,
            52.1899022
          ],
          [
            21.0475975,
            52.189916
          ],
          [
            21.0475913,
            52.1899249
          ],
          [
            21.0475769,
            52.1899481
          ],
          [
            21.047541,
            52.1900087
          ],
          [
            21.04753,
            52.1900232
          ],
          [
            21.0475268,
            52.1900267
          ],
          [
            21.0475162,
            52.1900385
          ],
          [
            21.0474914,
            52.1900623
          ],
          [
            21.047455,
            52.1900972
          ],
          [
            21.0473968,
            52.1901529
          ],
          [
            21.0473865,
            52.1901657
          ],
          [
            21.0473771,
            52.1901815
          ],
          [
            21.047372,
            52.1901966
          ],
          [
            21.0473708,
            52.1902107
          ],
          [
            21.0473738,
            52.1902271
          ],
          [
            21.0473787,
            52.1902382
          ],
          [
            21.0473865,
            52.1902502
          ],
          [
            21.0473082,
            52.1902786
          ]
        ]
      },
      "id": "way/493322849"
    },
    {
      "type": "Feature",
      "properties": {
        "@id": "way/493322850",
        "bicycle": "designated",
        "crossing": "traffic_signals",
        "crossing:markings": "dots",
        "cycleway": "crossing",
        "highway": "cycleway",
        "lit": "yes",
        "smoothness": "excellent",
        "surface": "asphalt"
      },
      "geometry": {
        "type": "LineString",
        "coordinates": [
          [
            21.0496463,
            52.1880076
          ],
          [
            21.0496329,
            52.1880203
          ],
          [
            21.0495929,
            52.1880583
          ]
        ]
      },
      "id": "way/493322850"
    },
    {
      "type": "Feature",
      "properties": {
        "@id": "way/493322852",
        "bicycle": "designated",
        "highway": "cycleway",
        "smoothness": "excellent",
        "surface": "asphalt"
      },
      "geometry": {
        "type": "LineString",
        "coordinates": [
          [
            21.0496691,
            52.1879819
          ],
          [
            21.0496463,
            52.1880076
          ]
        ]
      },
      "id": "way/493322852"
    },
    {
      "type": "Feature",
      "properties": {
        "@id": "way/493322855",
        "bicycle": "designated",
        "crossing": "traffic_signals",
        "crossing:markings": "dots",
        "cycleway": "crossing",
        "highway": "cycleway",
        "lit": "yes",
        "smoothness": "excellent",
        "surface": "asphalt"
      },
      "geometry": {
        "type": "LineString",
        "coordinates": [
          [
            21.0497192,
            52.1879128
          ],
          [
            21.0496785,
            52.1879688
          ],
          [
            21.0496691,
            52.1879819
          ]
        ]
      },
      "id": "way/493322855"
    },
    {
      "type": "Feature",
      "properties": {
        "@id": "way/493322883",
        "bicycle": "designated",
        "crossing": "traffic_signals",
        "crossing:markings": "dots",
        "cycleway": "crossing",
        "highway": "cycleway",
        "lit": "yes",
        "smoothness": "excellent",
        "surface": "asphalt"
      },
      "geometry": {
        "type": "LineString",
        "coordinates": [
          [
            21.0490942,
            52.1877836
          ],
          [
            21.0491354,
            52.1877527
          ],
          [
            21.0491709,
            52.1877261
          ]
        ]
      },
      "id": "way/493322883"
    },
    {
      "type": "Feature",
      "properties": {
        "@id": "way/493322884",
        "highway": "cycleway",
        "surface": "asphalt"
      },
      "geometry": {
        "type": "LineString",
        "coordinates": [
          [
            21.0475936,
            52.1891879
          ],
          [
            21.0477885,
            52.1890022
          ],
          [
            21.0488938,
            52.1879497
          ],
          [
            21.0489386,
            52.1879071
          ],
          [
            21.0489912,
            52.1878607
          ]
        ]
      },
      "id": "way/493322884"
    },
    {
      "type": "Feature",
      "properties": {
        "@id": "way/493453146",
        "highway": "living_street"
      },
      "geometry": {
        "type": "LineString",
        "coordinates": [
          [
            21.0547664,
            52.1899916
          ],
          [
            21.0547617,
            52.189967
          ],
          [
            21.0547571,
            52.1899345
          ],
          [
            21.0547557,
            52.1898902
          ]
        ]
      },
      "id": "way/493453146"
    },
    {
      "type": "Feature",
      "properties": {
        "@id": "way/493453150",
        "highway": "living_street"
      },
      "geometry": {
        "type": "LineString",
        "coordinates": [
          [
            21.0540368,
            52.1897303
          ],
          [
            21.0539901,
            52.1897794
          ],
          [
            21.0539664,
            52.1898043
          ],
          [
            21.0539599,
            52.1898094
          ]
        ]
      },
      "id": "way/493453150"
    },
    {
      "type": "Feature",
      "properties": {
        "@id": "way/493453161",
        "access": "private",
        "highway": "living_street"
      },
      "geometry": {
        "type": "LineString",
        "coordinates": [
          [
            21.0538957,
            52.1898666
          ],
          [
            21.0539302,
            52.1898812
          ],
          [
            21.0540497,
            52.1899147
          ],
          [
            21.0542182,
            52.1899788
          ],
          [
            21.0543565,
            52.1900286
          ],
          [
            21.0545375,
            52.1900937
          ],
          [
            21.0545803,
            52.1900937
          ],
          [
            21.0546449,
            52.1900864
          ],
          [
            21.0546806,
            52.1900756
          ],
          [
            21.0547499,
            52.190039
          ],
          [
            21.0547809,
            52.190021
          ]
        ]
      },
      "id": "way/493453161"
    },
    {
      "type": "Feature",
      "properties": {
        "@id": "way/493453172",
        "highway": "living_street"
      },
      "geometry": {
        "type": "LineString",
        "coordinates": [
          [
            21.0527177,
            52.1898734
          ],
          [
            21.0527605,
            52.1898829
          ],
          [
            21.052822,
            52.1898965
          ],
          [
            21.0532486,
            52.1899855
          ]
        ]
      },
      "id": "way/493453172"
    },
    {
      "type": "Feature",
      "properties": {
        "@id": "way/493453188",
        "highway": "living_street"
      },
      "geometry": {
        "type": "LineString",
        "coordinates": [
          [
            21.0527682,
            52.1897344
          ],
          [
            21.0527142,
            52.1897219
          ],
          [
            21.0522489,
            52.1896259
          ],
          [
            21.0522264,
            52.1896213
          ]
        ]
      },
      "id": "way/493453188"
    },
    {
      "type": "Feature",
      "properties": {
        "@id": "way/493453222",
        "bicycle": "designated",
        "foot": "designated",
        "highway": "path",
        "segregated": "no"
      },
      "geometry": {
        "type": "LineString",
        "coordinates": [
          [
            21.0529731,
            52.1917075
          ],
          [
            21.0530089,
            52.1917185
          ],
          [
            21.0530756,
            52.1917294
          ],
          [
            21.0531065,
            52.1917367
          ],
          [
            21.0532391,
            52.191784
          ],
          [
            21.0533591,
            52.191809
          ],
          [
            21.0534855,
            52.1918279
          ],
          [
            21.0536327,
            52.1918406
          ],
          [
            21.0549728,
            52.1919558
          ],
          [
            21.0551572,
            52.1919716
          ],
          [
            21.056492,
            52.1920525
          ],
          [
            21.0566282,
            52.1920548
          ],
          [
            21.056668,
            52.1920413
          ],
          [
            21.0567431,
            52.1920159
          ],
          [
            21.0567855,
            52.1920015
          ]
        ]
      },
      "id": "way/493453222"
    },
    {
      "type": "Feature",
      "properties": {
        "@id": "way/493967947",
        "highway": "cycleway",
        "surface": "asphalt"
      },
      "geometry": {
        "type": "LineString",
        "coordinates": [
          [
            21.0638274,
            52.187108
          ],
          [
            21.0638649,
            52.187128
          ],
          [
            21.0639547,
            52.1871808
          ],
          [
            21.0639903,
            52.1872081
          ],
          [
            21.0640914,
            52.187309
          ]
        ]
      },
      "id": "way/493967947"
    },
    {
      "type": "Feature",
      "properties": {
        "@id": "way/496594850",
        "highway": "cycleway",
        "surface": "asphalt"
      },
      "geometry": {
        "type": "LineString",
        "coordinates": [
          [
            21.0562449,
            52.1928379
          ],
          [
            21.0562803,
            52.1928102
          ],
          [
            21.0565436,
            52.1926121
          ],
          [
            21.0565839,
            52.1925818
          ],
          [
            21.0566387,
            52.1925376
          ],
          [
            21.0566699,
            52.1924937
          ],
          [
            21.0568338,
            52.1923666
          ],
          [
            21.056862,
            52.1923406
          ],
          [
            21.0569318,
            52.1922835
          ],
          [
            21.0569853,
            52.1922478
          ],
          [
            21.0572224,
            52.1920621
          ],
          [
            21.0572414,
            52.1920515
          ],
          [
            21.0573138,
            52.1920112
          ],
          [
            21.0575238,
            52.1918439
          ],
          [
            21.0575436,
            52.1918248
          ]
        ]
      },
      "id": "way/496594850"
    },
    {
      "type": "Feature",
      "properties": {
        "@id": "way/496594853",
        "highway": "cycleway",
        "oneway": "yes",
        "surface": "asphalt"
      },
      "geometry": {
        "type": "LineString",
        "coordinates": [
          [
            21.0559945,
            52.1930341
          ],
          [
            21.0559271,
            52.1929922
          ],
          [
            21.0558153,
            52.1929283
          ],
          [
            21.0556419,
            52.1928625
          ]
        ]
      },
      "id": "way/496594853"
    },
    {
      "type": "Feature",
      "properties": {
        "@id": "way/496594855",
        "highway": "cycleway",
        "oneway": "yes",
        "surface": "asphalt"
      },
      "geometry": {
        "type": "LineString",
        "coordinates": [
          [
            21.0558515,
            52.1928813
          ],
          [
            21.0559888,
            52.1928219
          ],
          [
            21.05605,
            52.1928059
          ],
          [
            21.0561041,
            52.1927989
          ],
          [
            21.0561558,
            52.1927971
          ],
          [
            21.056197,
            52.1927985
          ],
          [
            21.0562803,
            52.1928102
          ]
        ]
      },
      "id": "way/496594855"
    },
    {
      "type": "Feature",
      "properties": {
        "@id": "way/496594856",
        "cycleway": "crossing",
        "highway": "cycleway",
        "surface": "asphalt"
      },
      "geometry": {
        "type": "LineString",
        "coordinates": [
          [
            21.0560625,
            52.1930692
          ],
          [
            21.0561422,
            52.193105
          ],
          [
            21.0562367,
            52.1931473
          ]
        ]
      },
      "id": "way/496594856"
    },
    {
      "type": "Feature",
      "properties": {
        "@id": "way/496594858",
        "highway": "cycleway",
        "lit": "yes",
        "oneway": "yes",
        "surface": "asphalt",
        "width": "1"
      },
      "geometry": {
        "type": "LineString",
        "coordinates": [
          [
            21.057068,
            52.1926201
          ],
          [
            21.0570798,
            52.1926948
          ],
          [
            21.0570738,
            52.1927246
          ],
          [
            21.0570661,
            52.192741
          ],
          [
            21.0570548,
            52.1927582
          ],
          [
            21.057041,
            52.1927722
          ],
          [
            21.0570193,
            52.1927885
          ],
          [
            21.0569984,
            52.1928033
          ],
          [
            21.0569724,
            52.1928148
          ]
        ]
      },
      "id": "way/496594858"
    },
    {
      "type": "Feature",
      "properties": {
        "@id": "way/496594859",
        "cycleway": "crossing",
        "highway": "cycleway",
        "lit": "yes",
        "surface": "asphalt",
        "width": "2.7"
      },
      "geometry": {
        "type": "LineString",
        "coordinates": [
          [
            21.0566203,
            52.1926483
          ],
          [
            21.0566818,
            52.1926774
          ],
          [
            21.0567386,
            52.1927042
          ]
        ]
      },
      "id": "way/496594859"
    },
    {
      "type": "Feature",
      "properties": {
        "@id": "way/496594861",
        "highway": "cycleway",
        "oneway": "yes",
        "surface": "asphalt"
      },
      "geometry": {
        "type": "LineString",
        "coordinates": [
          [
            21.0569807,
            52.1928603
          ],
          [
            21.0570227,
            52.1928869
          ],
          [
            21.0570435,
            52.1929035
          ],
          [
            21.0570572,
            52.1929224
          ],
          [
            21.0570792,
            52.1929385
          ],
          [
            21.0571753,
            52.1929914
          ]
        ]
      },
      "id": "way/496594861"
    },
    {
      "type": "Feature",
      "properties": {
        "@id": "way/496608963",
        "highway": "cycleway",
        "surface": "asphalt"
      },
      "geometry": {
        "type": "LineString",
        "coordinates": [
          [
            21.0597152,
            52.1900393
          ],
          [
            21.0597924,
            52.1899771
          ],
          [
            21.0604866,
            52.1894176
          ],
          [
            21.0605551,
            52.1893852
          ],
          [
            21.0606105,
            52.1893548
          ],
          [
            21.0606557,
            52.1893235
          ],
          [
            21.0606985,
            52.189288
          ],
          [
            21.0611126,
            52.188945
          ],
          [
            21.0611491,
            52.1889166
          ],
          [
            21.0611907,
            52.1888843
          ],
          [
            21.0617266,
            52.1883932
          ],
          [
            21.0617423,
            52.1883784
          ],
          [
            21.0617651,
            52.1883568
          ],
          [
            21.0617912,
            52.1883321
          ],
          [
            21.0628079,
            52.1874048
          ],
          [
            21.0629223,
            52.1873187
          ],
          [
            21.0629385,
            52.1873045
          ],
          [
            21.0633069,
            52.1869807
          ],
          [
            21.0633407,
            52.1869508
          ],
          [
            21.0633614,
            52.1869223
          ],
          [
            21.0634614,
            52.1867344
          ],
          [
            21.0635219,
            52.1866907
          ]
        ]
      },
      "id": "way/496608963"
    },
    {
      "type": "Feature",
      "properties": {
        "@id": "way/496608967",
        "cycleway": "crossing",
        "highway": "cycleway",
        "surface": "asphalt"
      },
      "geometry": {
        "type": "LineString",
        "coordinates": [
          [
            21.0658657,
            52.1847277
          ],
          [
            21.0659295,
            52.1847545
          ],
          [
            21.0660245,
            52.1847942
          ]
        ]
      },
      "id": "way/496608967"
    },
    {
      "type": "Feature",
      "properties": {
        "@id": "way/496608969",
        "highway": "cycleway",
        "surface": "asphalt"
      },
      "geometry": {
        "type": "LineString",
        "coordinates": [
          [
            21.0649736,
            52.1855133
          ],
          [
            21.0648855,
            52.1854327
          ],
          [
            21.0648751,
            52.1854158
          ],
          [
            21.0648703,
            52.185395
          ],
          [
            21.0648665,
            52.1853582
          ]
        ]
      },
      "id": "way/496608969"
    },
    {
      "type": "Feature",
      "properties": {
        "@id": "way/496608971",
        "highway": "cycleway",
        "oneway": "yes",
        "surface": "asphalt"
      },
      "geometry": {
        "type": "LineString",
        "coordinates": [
          [
            21.0634614,
            52.1867344
          ],
          [
            21.0634015,
            52.1866967
          ],
          [
            21.0633869,
            52.1866866
          ],
          [
            21.0633629,
            52.1866679
          ],
          [
            21.0633571,
            52.1866526
          ],
          [
            21.0633369,
            52.1865404
          ]
        ]
      },
      "id": "way/496608971"
    },
    {
      "type": "Feature",
      "properties": {
        "@id": "way/496608974",
        "highway": "cycleway",
        "lit": "yes",
        "oneway": "yes",
        "surface": "asphalt",
        "width": "1.5"
      },
      "geometry": {
        "type": "LineString",
        "coordinates": [
          [
            21.0633978,
            52.186455
          ],
          [
            21.0634887,
            52.1864669
          ],
          [
            21.063699,
            52.1865104
          ],
          [
            21.0637439,
            52.1865298
          ]
        ]
      },
      "id": "way/496608974"
    },
    {
      "type": "Feature",
      "properties": {
        "@id": "way/496608975",
        "cycleway": "crossing",
        "highway": "cycleway",
        "surface": "asphalt"
      },
      "geometry": {
        "type": "LineString",
        "coordinates": [
          [
            21.063403,
            52.1869779
          ],
          [
            21.0634656,
            52.1870038
          ],
          [
            21.0635651,
            52.1870451
          ]
        ]
      },
      "id": "way/496608975"
    },
    {
      "type": "Feature",
      "properties": {
        "@id": "way/496608976",
        "highway": "cycleway",
        "surface": "asphalt"
      },
      "geometry": {
        "type": "LineString",
        "coordinates": [
          [
            21.0640387,
            52.18694
          ],
          [
            21.0640668,
            52.1869153
          ],
          [
            21.0640854,
            52.1868974
          ],
          [
            21.0641014,
            52.1868784
          ],
          [
            21.0641133,
            52.1868617
          ],
          [
            21.064127,
            52.1868292
          ],
          [
            21.064146,
            52.1867979
          ],
          [
            21.0641745,
            52.1867646
          ],
          [
            21.0642136,
            52.1867253
          ],
          [
            21.064246,
            52.186696
          ],
          [
            21.0644158,
            52.1865399
          ],
          [
            21.0644318,
            52.1865309
          ],
          [
            21.0644485,
            52.1865276
          ],
          [
            21.0644664,
            52.186531
          ],
          [
            21.064515,
            52.186556
          ]
        ]
      },
      "id": "way/496608976"
    },
    {
      "type": "Feature",
      "properties": {
        "@id": "way/496608977",
        "cycleway": "crossing",
        "highway": "cycleway",
        "surface": "asphalt"
      },
      "geometry": {
        "type": "LineString",
        "coordinates": [
          [
            21.0638468,
            52.1865726
          ],
          [
            21.0639131,
            52.1866003
          ],
          [
            21.0639694,
            52.1866237
          ]
        ]
      },
      "id": "way/496608977"
    },
    {
      "type": "Feature",
      "properties": {
        "@id": "way/496610323",
        "highway": "cycleway",
        "surface": "asphalt"
      },
      "geometry": {
        "type": "LineString",
        "coordinates": [
          [
            21.0686547,
            52.182012
          ],
          [
            21.0686924,
            52.1820273
          ],
          [
            21.0687263,
            52.182041
          ]
        ]
      },
      "id": "way/496610323"
    },
    {
      "type": "Feature",
      "properties": {
        "@id": "way/507661578",
        "bicycle": "designated",
        "foot": "designated",
        "highway": "path",
        "segregated": "no",
        "surface": "asphalt"
      },
      "geometry": {
        "type": "LineString",
        "coordinates": [
          [
            21.0499077,
            52.1948155
          ],
          [
            21.0496524,
            52.1944149
          ],
          [
            21.0492387,
            52.1937632
          ],
          [
            21.0488736,
            52.1931818
          ],
          [
            21.0487082,
            52.1929214
          ],
          [
            21.0486414,
            52.1928163
          ]
        ]
      },
      "id": "way/507661578"
    },
    {
      "type": "Feature",
      "properties": {
        "@id": "way/507661583",
        "highway": "cycleway",
        "surface": "paving_stones"
      },
      "geometry": {
        "type": "LineString",
        "coordinates": [
          [
            21.0526577,
            52.1976405
          ],
          [
            21.0528243,
            52.1977905
          ],
          [
            21.0531033,
            52.1980513
          ],
          [
            21.0531932,
            52.1981377
          ],
          [
            21.0534146,
            52.1983253
          ],
          [
            21.0536599,
            52.1985223
          ],
          [
            21.0538411,
            52.198655
          ],
          [
            21.0540245,
            52.1987883
          ],
          [
            21.0542266,
            52.1989171
          ],
          [
            21.0543433,
            52.1989519
          ],
          [
            21.0543972,
            52.1989815
          ],
          [
            21.0544093,
            52.1990129
          ],
          [
            21.0544256,
            52.1990437
          ],
          [
            21.0544283,
            52.1990514
          ],
          [
            21.0545814,
            52.1991372
          ],
          [
            21.0546166,
            52.199157
          ],
          [
            21.0546396,
            52.1991707
          ],
          [
            21.0548171,
            52.1992884
          ],
          [
            21.0550218,
            52.199398
          ],
          [
            21.0554497,
            52.1996304
          ],
          [
            21.0560007,
            52.199915
          ],
          [
            21.0563519,
            52.2000816
          ],
          [
            21.0567259,
            52.2002343
          ],
          [
            21.056749,
            52.2002438
          ],
          [
            21.0579186,
            52.2007385
          ],
          [
            21.0581468,
            52.2008208
          ],
          [
            21.0581733,
            52.2008304
          ],
          [
            21.0589521,
            52.2010916
          ],
          [
            21.0595174,
            52.2012608
          ],
          [
            21.0600902,
            52.2014216
          ],
          [
            21.0602079,
            52.2014462
          ],
          [
            21.0603211,
            52.2014637
          ],
          [
            21.0606116,
            52.2015162
          ],
          [
            21.0610298,
            52.2016096
          ],
          [
            21.061425,
            52.2017293
          ],
          [
            21.0616713,
            52.2017812
          ],
          [
            21.06223,
            52.2018831
          ],
          [
            21.0630335,
            52.2020055
          ],
          [
            21.0640314,
            52.2021436
          ],
          [
            21.0648713,
            52.2022591
          ],
          [
            21.0655737,
            52.2023499
          ],
          [
            21.0660599,
            52.2024192
          ],
          [
            21.0664083,
            52.2024578
          ],
          [
            21.0666447,
            52.2024733
          ],
          [
            21.0668734,
            52.2024816
          ],
          [
            21.0671055,
            52.2024775
          ],
          [
            21.0673706,
            52.2024925
          ],
          [
            21.067626,
            52.202514
          ],
          [
            21.0683183,
            52.2025558
          ],
          [
            21.0683725,
            52.2025591
          ],
          [
            21.0684478,
            52.2025682
          ],
          [
            21.0684906,
            52.2025682
          ],
          [
            21.0685308,
            52.20256
          ],
          [
            21.0685681,
            52.2025501
          ],
          [
            21.0685968,
            52.2025326
          ],
          [
            21.0686631,
            52.2025443
          ],
          [
            21.0687705,
            52.2025634
          ],
          [
            21.0688154,
            52.2025749
          ],
          [
            21.0689442,
            52.202608
          ],
          [
            21.0690255,
            52.2026299
          ],
          [
            21.0690948,
            52.2026485
          ],
          [
            21.0691275,
            52.2026581
          ],
          [
            21.0691843,
            52.2026697
          ],
          [
            21.0692048,
            52.2026673
          ],
          [
            21.0692463,
            52.2026632
          ],
          [
            21.0692789,
            52.2026585
          ],
          [
            21.0693512,
            52.2026499
          ],
          [
            21.0693913,
            52.2026861
          ],
          [
            21.0694409,
            52.2027084
          ],
          [
            21.0695439,
            52.202737
          ],
          [
            21.0697081,
            52.2027524
          ],
          [
            21.0698551,
            52.2027588
          ],
          [
            21.0698909,
            52.2027647
          ],
          [
            21.0705592,
            52.2028824
          ],
          [
            21.0705903,
            52.2028888
          ],
          [
            21.0708809,
            52.2029566
          ],
          [
            21.0723899,
            52.2031734
          ],
          [
            21.0732799,
            52.2033447
          ],
          [
            21.0745288,
            52.2035154
          ],
          [
            21.0745578,
            52.2035194
          ]
        ]
      },
      "id": "way/507661583"
    },
    {
      "type": "Feature",
      "properties": {
        "@id": "way/520781925",
        "highway": "residential",
        "lanes": "2",
        "maxspeed": "30",
        "noname": "yes",
        "sidewalk:left": "no",
        "sidewalk:right": "separate",
        "source:maxspeed": "sign",
        "surface": "paving_stones",
        "width": "3"
      },
      "geometry": {
        "type": "LineString",
        "coordinates": [
          [
            21.0341522,
            52.2016264
          ],
          [
            21.0341926,
            52.2015616
          ],
          [
            21.0342213,
            52.2015157
          ],
          [
            21.0343109,
            52.201372
          ],
          [
            21.0343909,
            52.2012438
          ]
        ]
      },
      "id": "way/520781925"
    },
    {
      "type": "Feature",
      "properties": {
        "@id": "way/521601767",
        "cycleway": "crossing",
        "highway": "cycleway",
        "surface": "asphalt",
        "width": "3"
      },
      "geometry": {
        "type": "LineString",
        "coordinates": [
          [
            21.0494217,
            52.2023074
          ],
          [
            21.0494139,
            52.2023595
          ],
          [
            21.0494052,
            52.2024066
          ]
        ]
      },
      "id": "way/521601767"
    },
    {
      "type": "Feature",
      "properties": {
        "@id": "way/521777249",
        "foot": "no",
        "highway": "residential",
        "lanes": "2",
        "lanes:backward": "1",
        "lanes:forward": "1",
        "lit": "yes",
        "maxspeed": "30",
        "name": "Białego Dębu",
        "oneway": "no",
        "sidewalk": "separate",
        "source:maxspeed": "PL:zone",
        "surface": "asphalt"
      },
      "geometry": {
        "type": "LineString",
        "coordinates": [
          [
            21.0427397,
            52.1841195
          ],
          [
            21.0425996,
            52.1841077
          ],
          [
            21.0423281,
            52.1840797
          ],
          [
            21.0421868,
            52.1840459
          ],
          [
            21.0420609,
            52.1840018
          ],
          [
            21.0418406,
            52.183876
          ],
          [
            21.0414294,
            52.1836412
          ],
          [
            21.0412606,
            52.1835444
          ],
          [
            21.0410268,
            52.1834138
          ],
          [
            21.0407977,
            52.1832838
          ],
          [
            21.0406185,
            52.1831821
          ],
          [
            21.0403421,
            52.1830206
          ],
          [
            21.0398124,
            52.1827192
          ],
          [
            21.0395586,
            52.1825736
          ],
          [
            21.0393101,
            52.1824337
          ],
          [
            21.0392149,
            52.182379
          ],
          [
            21.0390562,
            52.1822896
          ],
          [
            21.0388523,
            52.1821577
          ],
          [
            21.0385159,
            52.1819667
          ],
          [
            21.0379197,
            52.1816213
          ]
        ]
      },
      "id": "way/521777249"
    },
    {
      "type": "Feature",
      "properties": {
        "@id": "way/550933396",
        "bicycle": "designated",
        "cycleway:surface": "asphalt",
        "foot": "designated",
        "footway:surface": "paving_stones",
        "highway": "path",
        "segregated": "yes",
        "surface": "paved"
      },
      "geometry": {
        "type": "LineString",
        "coordinates": [
          [
            21.0633219,
            52.209205
          ],
          [
            21.0633136,
            52.2092423
          ]
        ]
      },
      "id": "way/550933396"
    },
    {
      "type": "Feature",
      "properties": {
        "@id": "way/550933397",
        "bicycle": "designated",
        "cycleway": "crossing",
        "foot": "designated",
        "highway": "path",
        "segregated": "yes",
        "surface": "asphalt"
      },
      "geometry": {
        "type": "LineString",
        "coordinates": [
          [
            21.0633377,
            52.2091418
          ],
          [
            21.0633301,
            52.209172
          ],
          [
            21.0633219,
            52.209205
          ]
        ]
      },
      "id": "way/550933397"
    },
    {
      "type": "Feature",
      "properties": {
        "@id": "way/550933422",
        "bicycle": "designated",
        "check_date:surface": "2025-07-10",
        "cycleway:surface": "paving_stones",
        "foot": "designated",
        "footway:surface": "paving_stones",
        "highway": "path",
        "lit": "yes",
        "segregated": "yes",
        "surface": "paving_stones"
      },
      "geometry": {
        "type": "LineString",
        "coordinates": [
          [
            21.0635502,
            52.2084172
          ],
          [
            21.0635564,
            52.2083952
          ]
        ]
      },
      "id": "way/550933422"
    },
    {
      "type": "Feature",
      "properties": {
        "@id": "way/550933423",
        "bicycle": "designated",
        "check_date:surface": "2025-07-10",
        "cycleway": "crossing",
        "cycleway:surface": "asphalt",
        "foot": "designated",
        "footway:surface": "asphalt",
        "highway": "path",
        "lit": "yes",
        "segregated": "yes",
        "surface": "asphalt"
      },
      "geometry": {
        "type": "LineString",
        "coordinates": [
          [
            21.0635502,
            52.2084172
          ],
          [
            21.0635435,
            52.2084417
          ],
          [
            21.0635361,
            52.2084689
          ]
        ]
      },
      "id": "way/550933423"
    },
    {
      "type": "Feature",
      "properties": {
        "@id": "way/563087140",
        "bicycle": "designated",
        "cycleway": "crossing",
        "cycleway:surface": "asphalt",
        "cycleway:width": "3",
        "foot": "designated",
        "footway": "crossing",
        "footway:surface": "asphalt",
        "highway": "path",
        "lit": "yes",
        "path": "crossing",
        "segregated": "yes",
        "surface": "asphalt"
      },
      "geometry": {
        "type": "LineString",
        "coordinates": [
          [
            21.0588303,
            52.2080264
          ],
          [
            21.0588265,
            52.2079771
          ],
          [
            21.0588248,
            52.207933
          ]
        ]
      },
      "id": "way/563087140"
    },
    {
      "type": "Feature",
      "properties": {
        "@id": "way/563087142",
        "bicycle": "designated",
        "cycleway": "crossing",
        "cycleway:surface": "asphalt",
        "foot": "designated",
        "footway": "crossing",
        "footway:surface": "asphalt",
        "highway": "path",
        "lit": "yes",
        "path": "crossing",
        "segregated": "yes",
        "surface": "asphalt"
      },
      "geometry": {
        "type": "LineString",
        "coordinates": [
          [
            21.0546628,
            52.2075742
          ],
          [
            21.0546521,
            52.2076119
          ],
          [
            21.0546439,
            52.207641
          ]
        ]
      },
      "id": "way/563087142"
    },
    {
      "type": "Feature",
      "properties": {
        "@id": "way/563087146",
        "bicycle": "designated",
        "cycleway:surface": "asphalt",
        "cycleway:width": "2.7",
        "foot": "designated",
        "footway:surface": "paving_stones",
        "highway": "path",
        "lit": "yes",
        "path": "sidewalk",
        "segregated": "yes",
        "surface": "paved"
      },
      "geometry": {
        "type": "LineString",
        "coordinates": [
          [
            21.0613389,
            52.2073944
          ],
          [
            21.0613667,
            52.207412
          ],
          [
            21.0614006,
            52.2074336
          ]
        ]
      },
      "id": "way/563087146"
    },
    {
      "type": "Feature",
      "properties": {
        "@id": "way/563087148",
        "bicycle": "designated",
        "cycleway": "crossing",
        "cycleway:surface": "asphalt",
        "cycleway:width": "3",
        "foot": "designated",
        "footway": "crossing",
        "footway:surface": "asphalt",
        "highway": "path",
        "lit": "yes",
        "path": "crossing",
        "segregated": "yes",
        "surface": "asphalt",
        "width": "3"
      },
      "geometry": {
        "type": "LineString",
        "coordinates": [
          [
            21.0592533,
            52.2080126
          ],
          [
            21.0592643,
            52.2080411
          ],
          [
            21.0592702,
            52.2080568
          ],
          [
            21.0592768,
            52.2080729
          ]
        ]
      },
      "id": "way/563087148"
    },
    {
      "type": "Feature",
      "properties": {
        "@id": "way/563087150",
        "bicycle": "designated",
        "cycleway:surface": "asphalt",
        "cycleway:width": "2.7",
        "foot": "designated",
        "footway:surface": "paving_stones",
        "highway": "path",
        "lit": "yes",
        "path": "sidewalk",
        "segregated": "yes",
        "surface": "paved"
      },
      "geometry": {
        "type": "LineString",
        "coordinates": [
          [
            21.0613389,
            52.2073944
          ],
          [
            21.0613159,
            52.2074058
          ],
          [
            21.0608811,
            52.2076771
          ],
          [
            21.060676,
            52.2078054
          ],
          [
            21.0605169,
            52.2078976
          ],
          [
            21.060372,
            52.2079673
          ],
          [
            21.0602136,
            52.208029
          ],
          [
            21.0600607,
            52.2080794
          ],
          [
            21.0599126,
            52.2081238
          ],
          [
            21.059675,
            52.2081829
          ],
          [
            21.0594151,
            52.2082324
          ],
          [
            21.0593418,
            52.2082426
          ],
          [
            21.0591885,
            52.2082618
          ],
          [
            21.0591529,
            52.2082659
          ]
        ]
      },
      "id": "way/563087150"
    },
    {
      "type": "Feature",
      "properties": {
        "@id": "way/563087151",
        "bicycle": "designated",
        "cycleway:surface": "asphalt",
        "foot": "designated",
        "footway:surface": "paving_stones",
        "highway": "path",
        "lit": "yes",
        "segregated": "yes",
        "surface": "paved"
      },
      "geometry": {
        "type": "LineString",
        "coordinates": [
          [
            21.0512975,
            52.2073333
          ],
          [
            21.0512801,
            52.2074045
          ],
          [
            21.0512744,
            52.2074278
          ]
        ]
      },
      "id": "way/563087151"
    },
    {
      "type": "Feature",
      "properties": {
        "@id": "way/563087153",
        "highway": "cycleway",
        "surface": "asphalt"
      },
      "geometry": {
        "type": "LineString",
        "coordinates": [
          [
            21.0511111,
            52.2071101
          ],
          [
            21.0511592,
            52.2070985
          ],
          [
            21.0511965,
            52.2070754
          ],
          [
            21.0512121,
            52.2070434
          ]
        ]
      },
      "id": "way/563087153"
    },
    {
      "type": "Feature",
      "properties": {
        "@id": "way/563112126",
        "highway": "cycleway",
        "surface": "asphalt"
      },
      "geometry": {
        "type": "LineString",
        "coordinates": [
          [
            21.0685968,
            52.2025326
          ],
          [
            21.0686343,
            52.2025006
          ],
          [
            21.0687008,
            52.2024402
          ],
          [
            21.0687229,
            52.2024201
          ],
          [
            21.0688367,
            52.2023167
          ],
          [
            21.0690249,
            52.2021469
          ],
          [
            21.069133,
            52.2020531
          ],
          [
            21.0692322,
            52.201977
          ],
          [
            21.069303,
            52.2019257
          ],
          [
            21.06935,
            52.2018917
          ],
          [
            21.0694056,
            52.2018498
          ],
          [
            21.0697269,
            52.201608
          ],
          [
            21.0699427,
            52.2014442
          ],
          [
            21.0700182,
            52.2013793
          ],
          [
            21.0701325,
            52.2012768
          ],
          [
            21.0703351,
            52.2010912
          ],
          [
            21.070414,
            52.2010226
          ],
          [
            21.0704486,
            52.2009875
          ],
          [
            21.0704981,
            52.2009103
          ],
          [
            21.07053,
            52.2008756
          ],
          [
            21.070569,
            52.2008402
          ],
          [
            21.0706119,
            52.2008043
          ],
          [
            21.0706222,
            52.2007911
          ],
          [
            21.0706271,
            52.2007774
          ],
          [
            21.0706278,
            52.2007664
          ],
          [
            21.07062,
            52.2007464
          ]
        ]
      },
      "id": "way/563112126"
    },
    {
      "type": "Feature",
      "properties": {
        "@id": "way/563112133",
        "bicycle": "designated",
        "cycleway": "crossing",
        "cycleway:surface": "asphalt",
        "cycleway:width": "3",
        "foot": "designated",
        "footway": "crossing",
        "footway:surface": "asphalt",
        "highway": "path",
        "lit": "yes",
        "path": "crossing",
        "segregated": "yes",
        "surface": "asphalt",
        "width": "3"
      },
      "geometry": {
        "type": "LineString",
        "coordinates": [
          [
            21.0636746,
            52.2057745
          ],
          [
            21.0637331,
            52.20581
          ],
          [
            21.0637854,
            52.2058434
          ]
        ]
      },
      "id": "way/563112133"
    },
    {
      "type": "Feature",
      "properties": {
        "@id": "way/563112135",
        "bicycle": "designated",
        "cycleway:surface": "asphalt",
        "cycleway:width": "2.7",
        "foot": "designated",
        "footway:surface": "paving_stones",
        "highway": "path",
        "lit": "yes",
        "segregated": "yes",
        "surface": "paved"
      },
      "geometry": {
        "type": "LineString",
        "coordinates": [
          [
            21.0683891,
            52.2035412
          ],
          [
            21.0683724,
            52.2035576
          ],
          [
            21.0682455,
            52.2036794
          ],
          [
            21.068156,
            52.2037615
          ],
          [
            21.0680629,
            52.2038388
          ],
          [
            21.0679674,
            52.2039094
          ],
          [
            21.0678999,
            52.2039572
          ],
          [
            21.0677837,
            52.2040356
          ],
          [
            21.0676728,
            52.2041033
          ],
          [
            21.0676392,
            52.2041227
          ],
          [
            21.0675415,
            52.2041786
          ],
          [
            21.0674407,
            52.2042292
          ],
          [
            21.0673358,
            52.2042779
          ],
          [
            21.0672971,
            52.2042941
          ],
          [
            21.0672541,
            52.2043121
          ],
          [
            21.0671652,
            52.2043424
          ],
          [
            21.0669316,
            52.2044134
          ],
          [
            21.0664423,
            52.2045694
          ],
          [
            21.0660576,
            52.2046891
          ],
          [
            21.0658248,
            52.2047729
          ],
          [
            21.0656542,
            52.2048398
          ],
          [
            21.0655352,
            52.2048882
          ],
          [
            21.0654067,
            52.2049449
          ],
          [
            21.0652787,
            52.2050053
          ],
          [
            21.0651337,
            52.2050789
          ],
          [
            21.0649639,
            52.2051711
          ],
          [
            21.0649426,
            52.2051838
          ],
          [
            21.0648511,
            52.2052364
          ],
          [
            21.0647189,
            52.2053181
          ],
          [
            21.0645884,
            52.2054003
          ],
          [
            21.0644642,
            52.2054835
          ],
          [
            21.0638929,
            52.2058521
          ],
          [
            21.0638417,
            52.2058819
          ],
          [
            21.0638296,
            52.2058964
          ],
          [
            21.0638228,
            52.2059105
          ],
          [
            21.0638119,
            52.2059318
          ],
          [
            21.0637833,
            52.2059578
          ]
        ]
      },
      "id": "way/563112135"
    },
    {
      "type": "Feature",
      "properties": {
        "@id": "way/563112141",
        "bicycle": "designated",
        "cycleway:surface": "asphalt",
        "cycleway:width": "2.7",
        "foot": "designated",
        "footway:surface": "paving_stones",
        "highway": "path",
        "lit": "yes",
        "segregated": "yes",
        "surface": "paved"
      },
      "geometry": {
        "type": "LineString",
        "coordinates": [
          [
            21.0632688,
            52.2056648
          ],
          [
            21.063281,
            52.2056573
          ],
          [
            21.0633051,
            52.2056482
          ],
          [
            21.0633273,
            52.2056428
          ],
          [
            21.0633504,
            52.2056394
          ],
          [
            21.0633703,
            52.2056338
          ],
          [
            21.0633883,
            52.2056244
          ],
          [
            21.0634053,
            52.2056131
          ],
          [
            21.0634648,
            52.2055764
          ],
          [
            21.063484,
            52.2055646
          ],
          [
            21.0637731,
            52.2053836
          ],
          [
            21.064056,
            52.2052088
          ],
          [
            21.0641745,
            52.205139
          ],
          [
            21.0642655,
            52.2050905
          ],
          [
            21.0644073,
            52.2050152
          ],
          [
            21.0644713,
            52.2049834
          ],
          [
            21.064549,
            52.2049422
          ],
          [
            21.0647232,
            52.2048514
          ],
          [
            21.0648827,
            52.2047752
          ],
          [
            21.0649564,
            52.2047397
          ],
          [
            21.0651853,
            52.2046416
          ],
          [
            21.0653382,
            52.2045815
          ],
          [
            21.0654983,
            52.2045204
          ],
          [
            21.0656357,
            52.2044731
          ],
          [
            21.0658693,
            52.2044005
          ],
          [
            21.0660156,
            52.204355
          ],
          [
            21.0662823,
            52.2042718
          ],
          [
            21.066443,
            52.204218
          ],
          [
            21.0665088,
            52.2041934
          ],
          [
            21.0665783,
            52.2041622
          ],
          [
            21.0667513,
            52.2040714
          ],
          [
            21.0669655,
            52.2039593
          ],
          [
            21.0670626,
            52.2039074
          ],
          [
            21.0671589,
            52.2038497
          ],
          [
            21.067243,
            52.2037971
          ],
          [
            21.0673079,
            52.203755
          ],
          [
            21.0673887,
            52.2036951
          ],
          [
            21.0674592,
            52.2036386
          ],
          [
            21.067588,
            52.203527
          ],
          [
            21.0676154,
            52.2035032
          ],
          [
            21.0676556,
            52.2034666
          ],
          [
            21.0676729,
            52.2034472
          ],
          [
            21.0676818,
            52.2034311
          ],
          [
            21.0676889,
            52.2034007
          ],
          [
            21.0676882,
            52.2033835
          ],
          [
            21.0676865,
            52.2033736
          ]
        ]
      },
      "id": "way/563112141"
    },
    {
      "type": "Feature",
      "properties": {
        "@id": "way/563112145",
        "bicycle": "designated",
        "cycleway": "crossing",
        "cycleway:surface": "asphalt",
        "cycleway:width": "3",
        "foot": "designated",
        "footway": "crossing",
        "footway:surface": "asphalt",
        "highway": "path",
        "lit": "yes",
        "path": "crossing",
        "segregated": "yes",
        "surface": "asphalt"
      },
      "geometry": {
        "type": "LineString",
        "coordinates": [
          [
            21.0632771,
            52.2061457
          ],
          [
            21.0632348,
            52.2061197
          ],
          [
            21.0631977,
            52.2060971
          ]
        ]
      },
      "id": "way/563112145"
    },
    {
      "type": "Feature",
      "properties": {
        "@id": "way/563442298",
        "bicycle": "designated",
        "cycleway": "crossing",
        "cycleway:surface": "asphalt",
        "foot": "designated",
        "footway": "crossing",
        "footway:surface": "asphalt",
        "highway": "path",
        "lit": "yes",
        "path": "crossing",
        "segregated": "yes",
        "surface": "asphalt"
      },
      "geometry": {
        "type": "LineString",
        "coordinates": [
          [
            21.0539524,
            52.2077802
          ],
          [
            21.0539599,
            52.2077512
          ],
          [
            21.0539683,
            52.2077184
          ]
        ]
      },
      "id": "way/563442298"
    },
    {
      "type": "Feature",
      "properties": {
        "@id": "way/568713907",
        "foot": "no",
        "highway": "residential",
        "lanes": "2",
        "maxspeed": "30",
        "name": "Kwitnących Jabłoni",
        "oneway": "no",
        "sidewalk": "separate",
        "source:maxspeed": "PL:zone",
        "surface": "asphalt"
      },
      "geometry": {
        "type": "LineString",
        "coordinates": [
          [
            21.0392149,
            52.182379
          ],
          [
            21.0393189,
            52.1823156
          ],
          [
            21.0395093,
            52.1821965
          ],
          [
            21.0396109,
            52.1821348
          ],
          [
            21.039742,
            52.1820501
          ],
          [
            21.0399274,
            52.1819299
          ],
          [
            21.0400196,
            52.1818664
          ],
          [
            21.040078,
            52.1818293
          ],
          [
            21.0404039,
            52.1816207
          ],
          [
            21.0406627,
            52.181461
          ],
          [
            21.0407558,
            52.1814049
          ],
          [
            21.0408428,
            52.18135
          ],
          [
            21.0413948,
            52.1809984
          ],
          [
            21.0414888,
            52.1809393
          ],
          [
            21.0415803,
            52.1808832
          ],
          [
            21.0416598,
            52.1808329
          ]
        ]
      },
      "id": "way/568713907"
    },
    {
      "type": "Feature",
      "properties": {
        "@id": "way/583160225",
        "highway": "living_street"
      },
      "geometry": {
        "type": "LineString",
        "coordinates": [
          [
            21.0563791,
            52.1806139
          ],
          [
            21.0561606,
            52.1807978
          ],
          [
            21.0561043,
            52.1808452
          ]
        ]
      },
      "id": "way/583160225"
    },
    {
      "type": "Feature",
      "properties": {
        "@id": "way/583160226",
        "highway": "living_street",
        "oneway": "yes"
      },
      "geometry": {
        "type": "LineString",
        "coordinates": [
          [
            21.054474,
            52.1803927
          ],
          [
            21.054543,
            52.1803527
          ],
          [
            21.0546759,
            52.1802757
          ],
          [
            21.0549482,
            52.180118
          ],
          [
            21.0561043,
            52.1808452
          ]
        ]
      },
      "id": "way/583160226"
    },
    {
      "type": "Feature",
      "properties": {
        "@id": "way/594562106",
        "highway": "cycleway",
        "lit": "yes",
        "oneway": "no",
        "surface": "asphalt"
      },
      "geometry": {
        "type": "LineString",
        "coordinates": [
          [
            21.0425464,
            52.1855612
          ],
          [
            21.0425519,
            52.1855326
          ],
          [
            21.0425484,
            52.1855165
          ],
          [
            21.0426306,
            52.1852122
          ],
          [
            21.0427983,
            52.1845251
          ],
          [
            21.0427983,
            52.1845013
          ],
          [
            21.0427956,
            52.1844792
          ],
          [
            21.0427906,
            52.1844581
          ],
          [
            21.0427802,
            52.1844369
          ],
          [
            21.0427782,
            52.1844202
          ],
          [
            21.0427862,
            52.1843802
          ],
          [
            21.0428189,
            52.1842573
          ],
          [
            21.0428534,
            52.1841276
          ],
          [
            21.0429033,
            52.1839404
          ],
          [
            21.0429775,
            52.183675
          ],
          [
            21.0429998,
            52.1836261
          ],
          [
            21.0430546,
            52.1833989
          ],
          [
            21.043122,
            52.1831274
          ],
          [
            21.0431898,
            52.1828674
          ],
          [
            21.043229,
            52.1827219
          ],
          [
            21.04345,
            52.1818655
          ],
          [
            21.0434756,
            52.1817678
          ]
        ]
      },
      "id": "way/594562106"
    },
    {
      "type": "Feature",
      "properties": {
        "@id": "way/594566730",
        "bicycle": "yes",
        "foot": "yes",
        "highway": "living_street",
        "lanes": "2",
        "lit": "yes",
        "maxspeed": "20",
        "motor_vehicle": "permissive",
        "name": "Dzikich Jabłoni",
        "oneway": "no",
        "source:maxspeed": "PL:zone",
        "surface": "paving_stones"
      },
      "geometry": {
        "type": "LineString",
        "coordinates": [
          [
            21.0427867,
            52.183417
          ],
          [
            21.0427512,
            52.183409
          ],
          [
            21.0427271,
            52.1833988
          ],
          [
            21.0422674,
            52.1831418
          ],
          [
            21.0420654,
            52.1830289
          ],
          [
            21.0418186,
            52.1828909
          ],
          [
            21.041567,
            52.1827503
          ],
          [
            21.0415436,
            52.1827372
          ],
          [
            21.0410899,
            52.1824787
          ],
          [
            21.0407009,
            52.182257
          ],
          [
            21.0404516,
            52.182115
          ],
          [
            21.040333,
            52.1820459
          ],
          [
            21.0401418,
            52.1819362
          ]
        ]
      },
      "id": "way/594566730"
    },
    {
      "type": "Feature",
      "properties": {
        "@id": "way/601744612",
        "highway": "residential",
        "lanes": "2",
        "maxspeed": "30",
        "name": "Eugeniusza Ajewskiego",
        "sidewalk": "separate",
        "surface": "asphalt"
      },
      "geometry": {
        "type": "LineString",
        "coordinates": [
          [
            21.0544763,
            52.2069242
          ],
          [
            21.0545362,
            52.2066513
          ],
          [
            21.0545822,
            52.2064398
          ],
          [
            21.0547187,
            52.2058651
          ],
          [
            21.0547803,
            52.2054579
          ],
          [
            21.0547879,
            52.2053883
          ],
          [
            21.0547876,
            52.2053712
          ],
          [
            21.0547834,
            52.2053572
          ],
          [
            21.0547712,
            52.2053341
          ],
          [
            21.0547428,
            52.2053046
          ],
          [
            21.0547026,
            52.2052815
          ],
          [
            21.0546515,
            52.2052682
          ],
          [
            21.0545073,
            52.2052434
          ],
          [
            21.0538571,
            52.2051793
          ],
          [
            21.0532626,
            52.2051258
          ],
          [
            21.0527686,
            52.2050814
          ],
          [
            21.0522512,
            52.2050348
          ],
          [
            21.0521139,
            52.2050238
          ]
        ]
      },
      "id": "way/601744612"
    },
    {
      "type": "Feature",
      "properties": {
        "@id": "way/620038156",
        "highway": "living_street",
        "maxweightrating:hgv": "12",
        "maxweightrating:hgv:conditional": "none @ marked",
        "name": "Inspektowa",
        "note:maxweightrating:hgv": "Nie dotyczy służb komunalnych",
        "source:maxweightrating:hgv": "PL:sign_B-5",
        "surface": "asphalt"
      },
      "geometry": {
        "type": "LineString",
        "coordinates": [
          [
            21.0349439,
            52.1865146
          ],
          [
            21.0350489,
            52.1864911
          ],
          [
            21.0357627,
            52.1865099
          ],
          [
            21.0358117,
            52.1864901
          ],
          [
            21.0358431,
            52.1864675
          ],
          [
            21.0358607,
            52.1864443
          ],
          [
            21.0358847,
            52.1863957
          ],
          [
            21.0359117,
            52.1863584
          ],
          [
            21.0359453,
            52.1863428
          ],
          [
            21.0359895,
            52.1863337
          ],
          [
            21.0360435,
            52.1863322
          ],
          [
            21.0361588,
            52.1863348
          ],
          [
            21.0362622,
            52.1863406
          ],
          [
            21.0363077,
            52.1863456
          ],
          [
            21.0363613,
            52.1863559
          ],
          [
            21.0364475,
            52.1863818
          ],
          [
            21.0365661,
            52.1864224
          ],
          [
            21.0366753,
            52.1864503
          ],
          [
            21.0368332,
            52.186467
          ],
          [
            21.0371454,
            52.1864798
          ],
          [
            21.0372682,
            52.1864915
          ],
          [
            21.0374672,
            52.1865074
          ],
          [
            21.0377945,
            52.186447
          ],
          [
            21.0379418,
            52.1864296
          ],
          [
            21.0380804,
            52.1864382
          ],
          [
            21.0384134,
            52.1865105
          ],
          [
            21.0388301,
            52.1866074
          ],
          [
            21.0390356,
            52.18666
          ],
          [
            21.0390784,
            52.1866712
          ]
        ]
      },
      "id": "way/620038156"
    },
    {
      "type": "Feature",
      "properties": {
        "@id": "way/620038165",
        "bicycle": "designated",
        "cycleway:surface": "asphalt",
        "foot": "designated",
        "footway:surface": "paving_stones",
        "highway": "path",
        "segregated": "yes",
        "surface": "paved"
      },
      "geometry": {
        "type": "LineString",
        "coordinates": [
          [
            21.0372901,
            52.183149
          ],
          [
            21.0372884,
            52.1832192
          ],
          [
            21.037278,
            52.183739
          ],
          [
            21.0372693,
            52.184287
          ]
        ]
      },
      "id": "way/620038165"
    },
    {
      "type": "Feature",
      "properties": {
        "@id": "way/621795381",
        "foot": "no",
        "highway": "residential",
        "lanes": "2",
        "maxspeed": "30",
        "name": "Plac Jaśminowy Zakątek",
        "oneway": "no",
        "sidewalk": "separate",
        "surface": "asphalt"
      },
      "geometry": {
        "type": "LineString",
        "coordinates": [
          [
            21.0417984,
            52.1843936
          ],
          [
            21.0418257,
            52.1843915
          ],
          [
            21.0418469,
            52.1843855
          ],
          [
            21.0418926,
            52.1843634
          ],
          [
            21.0419174,
            52.1843446
          ],
          [
            21.0419336,
            52.1843243
          ],
          [
            21.0419422,
            52.1842895
          ],
          [
            21.0419395,
            52.1842229
          ],
          [
            21.0419316,
            52.1841873
          ],
          [
            21.0419285,
            52.1841627
          ],
          [
            21.0419317,
            52.1841391
          ],
          [
            21.0419454,
            52.1841149
          ],
          [
            21.0419796,
            52.1840725
          ],
          [
            21.0420609,
            52.1840018
          ]
        ]
      },
      "id": "way/621795381"
    },
    {
      "type": "Feature",
      "properties": {
        "@id": "way/623943823",
        "bicycle": "designated",
        "foot": "designated",
        "highway": "path",
        "segregated": "no",
        "surface": "asphalt"
      },
      "geometry": {
        "type": "LineString",
        "coordinates": [
          [
            21.0690214,
            52.1811021
          ],
          [
            21.0690464,
            52.1810803
          ],
          [
            21.0690678,
            52.181077
          ],
          [
            21.0690906,
            52.1810807
          ],
          [
            21.0693672,
            52.1811936
          ],
          [
            21.0694404,
            52.181213
          ],
          [
            21.0694868,
            52.1812254
          ]
        ]
      },
      "id": "way/623943823"
    },
    {
      "type": "Feature",
      "properties": {
        "@id": "way/626280243",
        "foot": "no",
        "highway": "residential",
        "lanes": "2",
        "maxspeed": "30",
        "name": "Leśnej Jeżyny",
        "oneway": "no",
        "source:maxspeed": "PL:zone",
        "surface": "asphalt"
      },
      "geometry": {
        "type": "LineString",
        "coordinates": [
          [
            21.0439078,
            52.1857015
          ],
          [
            21.0434285,
            52.1856445
          ],
          [
            21.0430634,
            52.1856267
          ],
          [
            21.0426066,
            52.185643
          ],
          [
            21.0424114,
            52.1856522
          ],
          [
            21.0422042,
            52.1856676
          ],
          [
            21.0421315,
            52.1856726
          ]
        ]
      },
      "id": "way/626280243"
    },
    {
      "type": "Feature",
      "properties": {
        "@id": "way/653451749",
        "highway": "cycleway",
        "surface": "asphalt"
      },
      "geometry": {
        "type": "LineString",
        "coordinates": [
          [
            21.0519126,
            52.2072553
          ],
          [
            21.0518288,
            52.2072602
          ],
          [
            21.0513379,
            52.2071898
          ],
          [
            21.0512275,
            52.2071746
          ],
          [
            21.0511919,
            52.2071642
          ],
          [
            21.0511614,
            52.2071509
          ],
          [
            21.0511363,
            52.207134
          ],
          [
            21.0511111,
            52.2071101
          ],
          [
            21.0510769,
            52.2070959
          ],
          [
            21.0510276,
            52.2070872
          ],
          [
            21.050986,
            52.2070826
          ],
          [
            21.0508951,
            52.2070819
          ],
          [
            21.0505523,
            52.2070792
          ],
          [
            21.0504882,
            52.2070765
          ],
          [
            21.0493744,
            52.2069687
          ],
          [
            21.0490626,
            52.2069369
          ],
          [
            21.04901,
            52.2069332
          ]
        ]
      },
      "id": "way/653451749"
    },
    {
      "type": "Feature",
      "properties": {
        "@id": "way/653451752",
        "bicycle": "designated",
        "cycleway:surface": "asphalt",
        "foot": "designated",
        "footway:surface": "paving_stones",
        "highway": "path",
        "lit": "yes",
        "path": "sidewalk",
        "segregated": "yes",
        "surface": "paved"
      },
      "geometry": {
        "type": "LineString",
        "coordinates": [
          [
            21.0541948,
            52.2078493
          ],
          [
            21.0541573,
            52.2078456
          ],
          [
            21.053939,
            52.2078258
          ],
          [
            21.0529787,
            52.2077349
          ],
          [
            21.0527005,
            52.2077051
          ],
          [
            21.0524369,
            52.2076836
          ],
          [
            21.0522978,
            52.2076753
          ],
          [
            21.0521799,
            52.2076721
          ],
          [
            21.0520145,
            52.2076702
          ],
          [
            21.0518792,
            52.2076662
          ],
          [
            21.0517366,
            52.2076526
          ],
          [
            21.0512611,
            52.2076075
          ],
          [
            21.0512322,
            52.2076091
          ],
          [
            21.0511886,
            52.2076174
          ],
          [
            21.0511687,
            52.2076192
          ],
          [
            21.0511529,
            52.2076206
          ],
          [
            21.0511194,
            52.2076232
          ],
          [
            21.0510791,
            52.20762
          ]
        ]
      },
      "id": "way/653451752"
    },
    {
      "type": "Feature",
      "properties": {
        "@id": "way/661289052",
        "foot": "no",
        "highway": "residential",
        "lanes": "2",
        "lit": "yes",
        "maxspeed": "30",
        "maxspeed:type": "PL:zone30",
        "name": "Andrzeja Mostowskiego",
        "oneway": "no",
        "sidewalk": "separate",
        "smoothness": "excellent",
        "surface": "asphalt"
      },
      "geometry": {
        "type": "LineString",
        "coordinates": [
          [
            21.0430025,
            52.183116
          ],
          [
            21.043122,
            52.1831274
          ],
          [
            21.0431546,
            52.18313
          ],
          [
            21.0435316,
            52.1831678
          ],
          [
            21.0444276,
            52.1832583
          ],
          [
            21.0445104,
            52.1832661
          ]
        ]
      },
      "id": "way/661289052"
    },
    {
      "type": "Feature",
      "properties": {
        "@id": "way/665342389",
        "foot": "no",
        "highway": "residential",
        "lanes": "2",
        "lit": "yes",
        "maxspeed": "30",
        "name": "Ukryty Raj",
        "oneway": "no",
        "sidewalk": "separate",
        "smoothness": "excellent",
        "source:maxspeed": "PL:zone",
        "surface": "asphalt"
      },
      "geometry": {
        "type": "LineString",
        "coordinates": [
          [
            21.0395586,
            52.1825736
          ],
          [
            21.0394563,
            52.1826443
          ],
          [
            21.0392951,
            52.1827542
          ],
          [
            21.0392083,
            52.1828232
          ],
          [
            21.0391879,
            52.1828653
          ],
          [
            21.0391643,
            52.182924
          ],
          [
            21.0391496,
            52.1829825
          ],
          [
            21.0391436,
            52.183024
          ],
          [
            21.0391429,
            52.1830444
          ],
          [
            21.0391432,
            52.1831526
          ],
          [
            21.0391408,
            52.1832406
          ],
          [
            21.0391366,
            52.1833989
          ],
          [
            21.0391266,
            52.1837538
          ],
          [
            21.0391263,
            52.1838433
          ],
          [
            21.0391257,
            52.1839998
          ],
          [
            21.0391199,
            52.1841766
          ]
        ]
      },
      "id": "way/665342389"
    },
    {
      "type": "Feature",
      "properties": {
        "@id": "way/666932022",
        "highway": "residential",
        "lanes": "2",
        "maxspeed": "30",
        "name": "Batalionu AK „Bałtyk”",
        "source:maxspeed": "PL:zone30",
        "surface": "paving_stones",
        "traffic_calming": "table",
        "wikidata": "Q111674817"
      },
      "geometry": {
        "type": "LineString",
        "coordinates": [
          [
            21.0626178,
            52.2053858
          ],
          [
            21.0625905,
            52.2053705
          ],
          [
            21.0624709,
            52.2053037
          ]
        ]
      },
      "id": "way/666932022"
    },
    {
      "type": "Feature",
      "properties": {
        "@id": "way/701418679",
        "highway": "living_street",
        "surface": "paving_stones",
        "tunnel": "building_passage"
      },
      "geometry": {
        "type": "LineString",
        "coordinates": [
          [
            21.0445144,
            52.1974854
          ],
          [
            21.0445633,
            52.1973923
          ]
        ]
      },
      "id": "way/701418679"
    },
    {
      "type": "Feature",
      "properties": {
        "@id": "way/701418680",
        "highway": "living_street",
        "surface": "paving_stones"
      },
      "geometry": {
        "type": "LineString",
        "coordinates": [
          [
            21.0445633,
            52.1973923
          ],
          [
            21.0446076,
            52.1973083
          ]
        ]
      },
      "id": "way/701418680"
    },
    {
      "type": "Feature",
      "properties": {
        "@id": "way/701978764",
        "foot": "no",
        "highway": "residential",
        "lanes": "2",
        "maxspeed": "30",
        "name": "Kwiatu Pomarańczy",
        "oneway": "no",
        "sidewalk": "separate",
        "surface": "asphalt"
      },
      "geometry": {
        "type": "LineString",
        "coordinates": [
          [
            21.0342937,
            52.1823844
          ],
          [
            21.0344149,
            52.1823858
          ],
          [
            21.0347752,
            52.1823867
          ],
          [
            21.0354933,
            52.1823923
          ],
          [
            21.0356354,
            52.1823931
          ],
          [
            21.0357671,
            52.1823938
          ],
          [
            21.03716,
            52.1824038
          ],
          [
            21.0373276,
            52.1824073
          ],
          [
            21.0382805,
            52.1824094
          ],
          [
            21.0383455,
            52.1824127
          ],
          [
            21.0383901,
            52.1824174
          ],
          [
            21.0384352,
            52.1824281
          ],
          [
            21.0384882,
            52.1824451
          ],
          [
            21.0385228,
            52.1824598
          ],
          [
            21.0387037,
            52.1825606
          ],
          [
            21.0390363,
            52.1827467
          ],
          [
            21.0391037,
            52.1827782
          ],
          [
            21.0392083,
            52.1828232
          ]
        ]
      },
      "id": "way/701978764"
    },
    {
      "type": "Feature",
      "properties": {
        "@id": "way/710145335",
        "highway": "living_street",
        "parking:lane:both": "diagonal"
      },
      "geometry": {
        "type": "LineString",
        "coordinates": [
          [
            21.0538736,
            52.1945972
          ],
          [
            21.0532571,
            52.1951565
          ]
        ]
      },
      "id": "way/710145335"
    },
    {
      "type": "Feature",
      "properties": {
        "@id": "way/710145336",
        "highway": "living_street",
        "parking:lane:left": "perpendicular",
        "parking:lane:right": "diagonal"
      },
      "geometry": {
        "type": "LineString",
        "coordinates": [
          [
            21.0539353,
            52.1945405
          ],
          [
            21.0538736,
            52.1945972
          ]
        ]
      },
      "id": "way/710145336"
    },
    {
      "type": "Feature",
      "properties": {
        "@id": "way/710145337",
        "highway": "living_street",
        "parking:lane:both": "perpendicular",
        "surface": "asphalt"
      },
      "geometry": {
        "type": "LineString",
        "coordinates": [
          [
            21.0529007,
            52.1954729
          ],
          [
            21.0528917,
            52.1955374
          ],
          [
            21.05287,
            52.1955874
          ],
          [
            21.0528362,
            52.1956249
          ],
          [
            21.0524816,
            52.195931
          ],
          [
            21.0524331,
            52.1959729
          ],
          [
            21.0521859,
            52.1961981
          ]
        ]
      },
      "id": "way/710145337"
    },
    {
      "type": "Feature",
      "properties": {
        "@id": "way/710145338",
        "highway": "living_street",
        "name": "Heleny Kozłowskiej",
        "old_name": "Grażyny Gęsickiej",
        "oneway": "yes",
        "parking:lane:left": "perpendicular",
        "source": "II SA/Wa 2090/17 - Wyrok WSA z 30.05.2018 utrzyany przez NSA z 07.12.2018"
      },
      "geometry": {
        "type": "LineString",
        "coordinates": [
          [
            21.0524331,
            52.1959729
          ],
          [
            21.0520125,
            52.1959341
          ],
          [
            21.0517836,
            52.195913
          ],
          [
            21.0515035,
            52.1958871
          ],
          [
            21.0511071,
            52.1958505
          ]
        ]
      },
      "id": "way/710145338"
    },
    {
      "type": "Feature",
      "properties": {
        "@id": "way/710145339",
        "highway": "living_street",
        "oneway": "yes",
        "parking:lane:both": "perpendicular"
      },
      "geometry": {
        "type": "LineString",
        "coordinates": [
          [
            21.0504472,
            52.1952456
          ],
          [
            21.0504258,
            52.1952167
          ],
          [
            21.0503138,
            52.1950648
          ],
          [
            21.0501597,
            52.1948945
          ],
          [
            21.050143,
            52.194872
          ]
        ]
      },
      "id": "way/710145339"
    },
    {
      "type": "Feature",
      "properties": {
        "@id": "way/710145340",
        "highway": "living_street",
        "oneway": "yes",
        "parking:lane:right": "perpendicular"
      },
      "geometry": {
        "type": "LineString",
        "coordinates": [
          [
            21.0505276,
            52.1953668
          ],
          [
            21.0504472,
            52.1952456
          ]
        ]
      },
      "id": "way/710145340"
    },
    {
      "type": "Feature",
      "properties": {
        "@id": "way/710145341",
        "highway": "living_street",
        "parking:lane:both": "perpendicular",
        "surface": "asphalt"
      },
      "geometry": {
        "type": "LineString",
        "coordinates": [
          [
            21.0490509,
            52.193
          ],
          [
            21.0490284,
            52.1931041
          ],
          [
            21.0490377,
            52.1931391
          ],
          [
            21.049068,
            52.1932529
          ],
          [
            21.0491375,
            52.1933586
          ],
          [
            21.0492504,
            52.1935302
          ],
          [
            21.0494994,
            52.1939057
          ],
          [
            21.0497712,
            52.194327
          ],
          [
            21.0498751,
            52.1944867
          ],
          [
            21.049978,
            52.1946449
          ],
          [
            21.0500489,
            52.1947538
          ],
          [
            21.050143,
            52.194872
          ]
        ]
      },
      "id": "way/710145341"
    },
    {
      "type": "Feature",
      "properties": {
        "@id": "way/710145342",
        "check_date:surface": "2024-10-19",
        "highway": "living_street",
        "parking:lane:both": "perpendicular",
        "surface": "asphalt"
      },
      "geometry": {
        "type": "LineString",
        "coordinates": [
          [
            21.0526735,
            52.1928561
          ],
          [
            21.052929,
            52.1928771
          ],
          [
            21.0529515,
            52.192879
          ],
          [
            21.0540271,
            52.1929664
          ]
        ]
      },
      "id": "way/710145342"
    },
    {
      "type": "Feature",
      "properties": {
        "@id": "way/710145352",
        "highway": "living_street"
      },
      "geometry": {
        "type": "LineString",
        "coordinates": [
          [
            21.0528226,
            52.1934714
          ],
          [
            21.0522343,
            52.1934185
          ],
          [
            21.0520433,
            52.1934013
          ]
        ]
      },
      "id": "way/710145352"
    },
    {
      "type": "Feature",
      "properties": {
        "@id": "way/710381248",
        "highway": "cycleway",
        "lit": "yes",
        "smoothness": "good",
        "source:width": "ARCore",
        "surface": "asphalt",
        "width": "2"
      },
      "geometry": {
        "type": "LineString",
        "coordinates": [
          [
            21.0462822,
            52.1903586
          ],
          [
            21.0462666,
            52.1903293
          ],
          [
            21.0462576,
            52.1903124
          ],
          [
            21.046039,
            52.1898285
          ],
          [
            21.0460262,
            52.189757
          ]
        ]
      },
      "id": "way/710381248"
    },
    {
      "type": "Feature",
      "properties": {
        "@id": "way/711540795",
        "highway": "cycleway",
        "surface": "asphalt"
      },
      "geometry": {
        "type": "LineString",
        "coordinates": [
          [
            21.0428534,
            52.1841276
          ],
          [
            21.0427397,
            52.1841195
          ]
        ]
      },
      "id": "way/711540795"
    },
    {
      "type": "Feature",
      "properties": {
        "@id": "way/711540796",
        "highway": "cycleway",
        "lit": "yes",
        "surface": "asphalt"
      },
      "geometry": {
        "type": "LineString",
        "coordinates": [
          [
            21.0455621,
            52.1857067
          ],
          [
            21.0455149,
            52.1857213
          ],
          [
            21.0454435,
            52.1857458
          ],
          [
            21.0453886,
            52.1857555
          ],
          [
            21.0448396,
            52.185791
          ],
          [
            21.0446339,
            52.1857911
          ],
          [
            21.0445707,
            52.1857888
          ],
          [
            21.0442513,
            52.1857207
          ],
          [
            21.0440944,
            52.1856872
          ],
          [
            21.0440731,
            52.1856756
          ],
          [
            21.0440585,
            52.1856643
          ],
          [
            21.0440419,
            52.1856527
          ],
          [
            21.0440226,
            52.1856443
          ],
          [
            21.0439718,
            52.185635
          ]
        ]
      },
      "id": "way/711540796"
    },
    {
      "type": "Feature",
      "properties": {
        "@id": "way/729750974",
        "highway": "living_street",
        "motor_vehicle": "no"
      },
      "geometry": {
        "type": "LineString",
        "coordinates": [
          [
            21.0490853,
            52.2096445
          ],
          [
            21.0488463,
            52.2096198
          ],
          [
            21.0487858,
            52.2098393
          ],
          [
            21.0490248,
            52.2098641
          ]
        ]
      },
      "id": "way/729750974"
    },
    {
      "type": "Feature",
      "properties": {
        "@id": "way/729753025",
        "highway": "living_street",
        "name": "Podchorążych",
        "wikidata": "Q106872132"
      },
      "geometry": {
        "type": "LineString",
        "coordinates": [
          [
            21.0509477,
            52.207931
          ],
          [
            21.0505473,
            52.207894
          ],
          [
            21.0493697,
            52.2077851
          ],
          [
            21.0492779,
            52.2078729
          ]
        ]
      },
      "id": "way/729753025"
    },
    {
      "type": "Feature",
      "properties": {
        "@id": "way/732578082",
        "highway": "living_street",
        "noname": "yes",
        "surface": "paving_stones"
      },
      "geometry": {
        "type": "LineString",
        "coordinates": [
          [
            21.0303996,
            52.200793
          ],
          [
            21.030434,
            52.2007303
          ],
          [
            21.030611,
            52.2004072
          ],
          [
            21.030632,
            52.2003688
          ]
        ]
      },
      "id": "way/732578082"
    },
    {
      "type": "Feature",
      "properties": {
        "@id": "way/762953135",
        "highway": "residential",
        "lane_markings": "yes",
        "lanes": "2",
        "lit": "yes",
        "maxspeed": "30",
        "name": "Dywizjonu AK „Jeleń”",
        "sidewalk:both": "separate",
        "smoothness": "excellent",
        "source:maxspeed": "PL:zone30",
        "surface": "paving_stones",
        "traffic_calming": "table"
      },
      "geometry": {
        "type": "LineString",
        "coordinates": [
          [
            21.0694805,
            52.206125
          ],
          [
            21.0695556,
            52.2061461
          ],
          [
            21.0696457,
            52.2061754
          ]
        ]
      },
      "id": "way/762953135"
    },
    {
      "type": "Feature",
      "properties": {
        "@id": "way/769466085",
        "bicycle": "designated",
        "cycleway:surface": "asphalt",
        "cycleway:width": "3",
        "foot": "designated",
        "footway:surface": "paving_stones",
        "highway": "path",
        "lit": "yes",
        "segregated": "yes",
        "surface": "paved"
      },
      "geometry": {
        "type": "LineString",
        "coordinates": [
          [
            21.0637034,
            52.2060056
          ],
          [
            21.0636634,
            52.2060295
          ],
          [
            21.0636383,
            52.2060446
          ],
          [
            21.0636195,
            52.2060558
          ],
          [
            21.0635889,
            52.2060741
          ]
        ]
      },
      "id": "way/769466085"
    },
    {
      "type": "Feature",
      "properties": {
        "@id": "way/769466086",
        "bicycle": "designated",
        "cycleway": "crossing",
        "cycleway:surface": "asphalt",
        "cycleway:width": "3",
        "foot": "designated",
        "footway": "crossing",
        "footway:surface": "asphalt",
        "highway": "path",
        "lit": "yes",
        "path": "crossing",
        "segregated": "yes",
        "surface": "asphalt"
      },
      "geometry": {
        "type": "LineString",
        "coordinates": [
          [
            21.0637833,
            52.2059578
          ],
          [
            21.0637421,
            52.2059825
          ],
          [
            21.0637034,
            52.2060056
          ]
        ]
      },
      "id": "way/769466086"
    },
    {
      "type": "Feature",
      "properties": {
        "@id": "way/769466087",
        "bicycle": "designated",
        "cycleway:surface": "asphalt",
        "cycleway:width": "3",
        "foot": "designated",
        "footway:surface": "paving_stones",
        "highway": "path",
        "lit": "yes",
        "segregated": "yes",
        "surface": "paved",
        "width": "3"
      },
      "geometry": {
        "type": "LineString",
        "coordinates": [
          [
            21.063649,
            52.205759
          ],
          [
            21.0636746,
            52.2057745
          ]
        ]
      },
      "id": "way/769466087"
    },
    {
      "type": "Feature",
      "properties": {
        "@id": "way/769466088",
        "bicycle": "designated",
        "cycleway": "crossing",
        "cycleway:surface": "asphalt",
        "cycleway:width": "3",
        "foot": "designated",
        "footway": "crossing",
        "footway:surface": "asphalt",
        "highway": "path",
        "lit": "yes",
        "path": "crossing",
        "segregated": "yes",
        "surface": "asphalt",
        "width": "3"
      },
      "geometry": {
        "type": "LineString",
        "coordinates": [
          [
            21.063583,
            52.2057189
          ],
          [
            21.0636167,
            52.2057394
          ],
          [
            21.063649,
            52.205759
          ]
        ]
      },
      "id": "way/769466088"
    },
    {
      "type": "Feature",
      "properties": {
        "@id": "way/769466089",
        "bicycle": "designated",
        "cycleway:surface": "asphalt",
        "cycleway:width": "3",
        "foot": "designated",
        "footway:surface": "paving_stones",
        "highway": "path",
        "lit": "yes",
        "segregated": "yes",
        "surface": "paved",
        "width": "3"
      },
      "geometry": {
        "type": "LineString",
        "coordinates": [
          [
            21.0635478,
            52.2056976
          ],
          [
            21.0635656,
            52.2057084
          ],
          [
            21.063583,
            52.2057189
          ]
        ]
      },
      "id": "way/769466089"
    },
    {
      "type": "Feature",
      "properties": {
        "@id": "way/769466090",
        "bicycle": "designated",
        "cycleway": "crossing",
        "cycleway:surface": "asphalt",
        "cycleway:width": "3",
        "foot": "designated",
        "footway": "crossing",
        "footway:surface": "asphalt",
        "highway": "path",
        "lit": "yes",
        "path": "crossing",
        "segregated": "yes",
        "surface": "asphalt",
        "width": "3"
      },
      "geometry": {
        "type": "LineString",
        "coordinates": [
          [
            21.0634698,
            52.2056503
          ],
          [
            21.0635101,
            52.2056747
          ],
          [
            21.0635478,
            52.2056976
          ]
        ]
      },
      "id": "way/769466090"
    },
    {
      "type": "Feature",
      "properties": {
        "@id": "way/769466097",
        "bicycle": "designated",
        "cycleway:surface": "asphalt",
        "cycleway:width": "3",
        "foot": "designated",
        "footway:surface": "paving_stones",
        "highway": "path",
        "lit": "yes",
        "segregated": "yes",
        "surface": "paved",
        "width": "3"
      },
      "geometry": {
        "type": "LineString",
        "coordinates": [
          [
            21.0631253,
            52.2057524
          ],
          [
            21.0631928,
            52.2057136
          ]
        ]
      },
      "id": "way/769466097"
    },
    {
      "type": "Feature",
      "properties": {
        "@id": "way/769466098",
        "bicycle": "designated",
        "cycleway": "crossing",
        "cycleway:surface": "asphalt",
        "cycleway:width": "3",
        "foot": "designated",
        "footway": "crossing",
        "footway:surface": "asphalt",
        "highway": "path",
        "lit": "yes",
        "path": "crossing",
        "segregated": "yes",
        "surface": "asphalt",
        "width": "3"
      },
      "geometry": {
        "type": "LineString",
        "coordinates": [
          [
            21.0630584,
            52.2057906
          ],
          [
            21.0630895,
            52.2057725
          ],
          [
            21.0631253,
            52.2057524
          ]
        ]
      },
      "id": "way/769466098"
    },
    {
      "type": "Feature",
      "properties": {
        "@id": "way/769466099",
        "bicycle": "designated",
        "cycleway:surface": "asphalt",
        "cycleway:width": "3",
        "foot": "designated",
        "footway:surface": "paving_stones",
        "highway": "path",
        "lit": "yes",
        "segregated": "yes",
        "surface": "paved",
        "width": "3"
      },
      "geometry": {
        "type": "LineString",
        "coordinates": [
          [
            21.0631977,
            52.2060971
          ],
          [
            21.0631836,
            52.2060881
          ],
          [
            21.0631659,
            52.2060767
          ]
        ]
      },
      "id": "way/769466099"
    },
    {
      "type": "Feature",
      "properties": {
        "@id": "way/769466100",
        "bicycle": "designated",
        "cycleway": "crossing",
        "cycleway:surface": "asphalt",
        "cycleway:width": "3",
        "foot": "designated",
        "footway": "crossing",
        "footway:surface": "asphalt",
        "highway": "path",
        "lit": "yes",
        "path": "crossing",
        "segregated": "yes",
        "surface": "asphalt",
        "width": "3"
      },
      "geometry": {
        "type": "LineString",
        "coordinates": [
          [
            21.0631659,
            52.2060767
          ],
          [
            21.0631298,
            52.2060536
          ],
          [
            21.0630959,
            52.2060342
          ]
        ]
      },
      "id": "way/769466100"
    },
    {
      "type": "Feature",
      "properties": {
        "@id": "way/769466101",
        "bicycle": "designated",
        "cycleway:surface": "asphalt",
        "cycleway:width": "3",
        "foot": "designated",
        "footway:surface": "paving_stones",
        "highway": "path",
        "lit": "yes",
        "segregated": "yes",
        "surface": "paved",
        "width": "3"
      },
      "geometry": {
        "type": "LineString",
        "coordinates": [
          [
            21.0630959,
            52.2060342
          ],
          [
            21.0630697,
            52.2060182
          ]
        ]
      },
      "id": "way/769466101"
    },
    {
      "type": "Feature",
      "properties": {
        "@id": "way/769466102",
        "bicycle": "designated",
        "cycleway": "crossing",
        "cycleway:surface": "asphalt",
        "cycleway:width": "3",
        "foot": "designated",
        "footway": "crossing",
        "footway:surface": "asphalt",
        "highway": "path",
        "lit": "yes",
        "path": "crossing",
        "segregated": "yes",
        "surface": "asphalt",
        "width": "3"
      },
      "geometry": {
        "type": "LineString",
        "coordinates": [
          [
            21.0630697,
            52.2060182
          ],
          [
            21.0630169,
            52.2059861
          ],
          [
            21.0629632,
            52.2059527
          ]
        ]
      },
      "id": "way/769466102"
    },
    {
      "type": "Feature",
      "properties": {
        "@id": "way/769466110",
        "bicycle": "designated",
        "cycleway": "crossing",
        "cycleway:surface": "asphalt",
        "cycleway:width": "3",
        "foot": "designated",
        "footway": "crossing",
        "footway:surface": "asphalt",
        "highway": "path",
        "lit": "yes",
        "path": "crossing",
        "segregated": "yes",
        "surface": "asphalt"
      },
      "geometry": {
        "type": "LineString",
        "coordinates": [
          [
            21.0635889,
            52.2060741
          ],
          [
            21.0635378,
            52.2061043
          ],
          [
            21.0634845,
            52.2061366
          ]
        ]
      },
      "id": "way/769466110"
    },
    {
      "type": "Feature",
      "properties": {
        "@id": "way/769466111",
        "bicycle": "designated",
        "cycleway:surface": "asphalt",
        "cycleway:width": "2.7",
        "foot": "designated",
        "footway:surface": "paving_stones",
        "highway": "path",
        "lit": "yes",
        "segregated": "yes",
        "surface": "paved"
      },
      "geometry": {
        "type": "LineString",
        "coordinates": [
          [
            21.0634845,
            52.2061366
          ],
          [
            21.0634196,
            52.2061661
          ],
          [
            21.0633991,
            52.2061653
          ],
          [
            21.0633722,
            52.2061694
          ],
          [
            21.0633562,
            52.206174
          ],
          [
            21.0633398,
            52.2061831
          ],
          [
            21.0633003,
            52.2062083
          ],
          [
            21.0632061,
            52.2062676
          ]
        ]
      },
      "id": "way/769466111"
    },
    {
      "type": "Feature",
      "properties": {
        "@id": "way/769466114",
        "bicycle": "designated",
        "cycleway:surface": "asphalt",
        "cycleway:width": "3",
        "foot": "designated",
        "footway:surface": "paving_stones",
        "highway": "path",
        "lit": "yes",
        "segregated": "yes",
        "surface": "paved",
        "width": "3"
      },
      "geometry": {
        "type": "LineString",
        "coordinates": [
          [
            21.0630144,
            52.2058354
          ],
          [
            21.0630584,
            52.2057906
          ]
        ]
      },
      "id": "way/769466114"
    },
    {
      "type": "Feature",
      "properties": {
        "@id": "way/769466115",
        "bicycle": "designated",
        "cycleway": "crossing",
        "cycleway:surface": "asphalt",
        "cycleway:width": "3",
        "foot": "designated",
        "footway": "crossing",
        "footway:surface": "asphalt",
        "highway": "path",
        "lit": "yes",
        "path": "crossing",
        "segregated": "yes",
        "surface": "asphalt",
        "width": "3"
      },
      "geometry": {
        "type": "LineString",
        "coordinates": [
          [
            21.0631928,
            52.2057136
          ],
          [
            21.0632302,
            52.2056896
          ],
          [
            21.0632688,
            52.2056648
          ]
        ]
      },
      "id": "way/769466115"
    },
    {
      "type": "Feature",
      "properties": {
        "@id": "way/769466118",
        "bicycle": "designated",
        "cycleway:surface": "asphalt",
        "cycleway:width": "3",
        "foot": "designated",
        "footway:surface": "paving_stones",
        "highway": "path",
        "lit": "yes",
        "segregated": "yes",
        "surface": "paved",
        "width": "3"
      },
      "geometry": {
        "type": "LineString",
        "coordinates": [
          [
            21.0637854,
            52.2058434
          ],
          [
            21.0638417,
            52.2058819
          ]
        ]
      },
      "id": "way/769466118"
    },
    {
      "type": "Feature",
      "properties": {
        "@id": "way/769466119",
        "bicycle": "designated",
        "cycleway:surface": "asphalt",
        "cycleway:width": "3",
        "foot": "designated",
        "footway:surface": "paving_stones",
        "highway": "path",
        "lit": "yes",
        "segregated": "yes",
        "surface": "paved",
        "width": "3"
      },
      "geometry": {
        "type": "LineString",
        "coordinates": [
          [
            21.0634053,
            52.2056131
          ],
          [
            21.0634698,
            52.2056503
          ]
        ]
      },
      "id": "way/769466119"
    },
    {
      "type": "Feature",
      "properties": {
        "@id": "way/769466124",
        "bicycle": "designated",
        "cycleway:surface": "asphalt",
        "cycleway:width": "3",
        "foot": "designated",
        "footway:surface": "paving_stones",
        "highway": "path",
        "lit": "yes",
        "segregated": "yes",
        "surface": "paved",
        "width": "3"
      },
      "geometry": {
        "type": "LineString",
        "coordinates": [
          [
            21.0629632,
            52.2059527
          ],
          [
            21.0629034,
            52.2059175
          ]
        ]
      },
      "id": "way/769466124"
    },
    {
      "type": "Feature",
      "properties": {
        "@id": "way/769466125",
        "bicycle": "designated",
        "cycleway:surface": "asphalt",
        "cycleway:width": "3",
        "foot": "designated",
        "footway:surface": "paving_stones",
        "highway": "path",
        "lit": "yes",
        "segregated": "yes",
        "surface": "paved",
        "width": "3"
      },
      "geometry": {
        "type": "LineString",
        "coordinates": [
          [
            21.0633398,
            52.2061831
          ],
          [
            21.0632771,
            52.2061457
          ]
        ]
      },
      "id": "way/769466125"
    },
    {
      "type": "Feature",
      "properties": {
        "@id": "way/769466134",
        "bicycle": "designated",
        "cycleway:surface": "asphalt",
        "cycleway:width": "3",
        "foot": "designated",
        "footway:surface": "paving_stones",
        "highway": "path",
        "lit": "yes",
        "segregated": "yes",
        "surface": "paved",
        "width": "3"
      },
      "geometry": {
        "type": "LineString",
        "coordinates": [
          [
            21.059189,
            52.2078398
          ],
          [
            21.0592097,
            52.2078956
          ]
        ]
      },
      "id": "way/769466134"
    },
    {
      "type": "Feature",
      "properties": {
        "@id": "way/769466135",
        "bicycle": "designated",
        "cycleway:surface": "asphalt",
        "cycleway:width": "3",
        "foot": "designated",
        "footway:surface": "paving_stones",
        "highway": "path",
        "lit": "yes",
        "segregated": "yes",
        "surface": "paved"
      },
      "geometry": {
        "type": "LineString",
        "coordinates": [
          [
            21.0592335,
            52.2079599
          ],
          [
            21.0592431,
            52.2079885
          ],
          [
            21.0592533,
            52.2080126
          ]
        ]
      },
      "id": "way/769466135"
    },
    {
      "type": "Feature",
      "properties": {
        "@id": "way/769466136",
        "bicycle": "designated",
        "cycleway": "crossing",
        "cycleway:surface": "asphalt",
        "cycleway:width": "3",
        "foot": "designated",
        "footway": "crossing",
        "footway:surface": "asphalt",
        "highway": "path",
        "lit": "yes",
        "path": "crossing",
        "segregated": "yes",
        "surface": "asphalt"
      },
      "geometry": {
        "type": "LineString",
        "coordinates": [
          [
            21.0592097,
            52.2078956
          ],
          [
            21.0592231,
            52.2079313
          ],
          [
            21.0592335,
            52.2079599
          ]
        ]
      },
      "id": "way/769466136"
    },
    {
      "type": "Feature",
      "properties": {
        "@id": "way/769466137",
        "bicycle": "designated",
        "cycleway:surface": "asphalt",
        "cycleway:width": "3",
        "foot": "designated",
        "footway:surface": "paving_stones",
        "highway": "path",
        "lit": "yes",
        "segregated": "yes",
        "surface": "paved",
        "width": "3"
      },
      "geometry": {
        "type": "LineString",
        "coordinates": [
          [
            21.0592768,
            52.2080729
          ],
          [
            21.0592866,
            52.2080995
          ]
        ]
      },
      "id": "way/769466137"
    },
    {
      "type": "Feature",
      "properties": {
        "@id": "way/769466138",
        "bicycle": "designated",
        "cycleway": "crossing",
        "cycleway:surface": "asphalt",
        "cycleway:width": "3",
        "foot": "designated",
        "footway": "crossing",
        "footway:surface": "asphalt",
        "highway": "path",
        "lit": "yes",
        "path": "crossing",
        "segregated": "yes",
        "surface": "asphalt",
        "width": "3"
      },
      "geometry": {
        "type": "LineString",
        "coordinates": [
          [
            21.0592866,
            52.2080995
          ],
          [
            21.0592989,
            52.2081366
          ],
          [
            21.0593184,
            52.2081894
          ]
        ]
      },
      "id": "way/769466138"
    },
    {
      "type": "Feature",
      "properties": {
        "@id": "way/769466139",
        "bicycle": "designated",
        "cycleway:surface": "asphalt",
        "cycleway:width": "3",
        "foot": "designated",
        "footway:surface": "paving_stones",
        "highway": "path",
        "lit": "yes",
        "segregated": "yes",
        "surface": "paved",
        "width": "3"
      },
      "geometry": {
        "type": "LineString",
        "coordinates": [
          [
            21.0593184,
            52.2081894
          ],
          [
            21.0593249,
            52.2082025
          ],
          [
            21.0593418,
            52.2082426
          ]
        ]
      },
      "id": "way/769466139"
    },
    {
      "type": "Feature",
      "properties": {
        "@id": "way/769466146",
        "bicycle": "designated",
        "cycleway:surface": "asphalt",
        "cycleway:width": "3",
        "foot": "designated",
        "footway:surface": "paving_stones",
        "highway": "path",
        "lit": "yes",
        "segregated": "yes",
        "surface": "paved"
      },
      "geometry": {
        "type": "LineString",
        "coordinates": [
          [
            21.0588248,
            52.207933
          ],
          [
            21.0588218,
            52.2078746
          ]
        ]
      },
      "id": "way/769466146"
    },
    {
      "type": "Feature",
      "properties": {
        "@id": "way/769466147",
        "bicycle": "designated",
        "cycleway:surface": "asphalt",
        "cycleway:width": "3",
        "foot": "designated",
        "footway:surface": "paving_stones",
        "highway": "path",
        "lit": "yes",
        "segregated": "yes",
        "surface": "paved"
      },
      "geometry": {
        "type": "LineString",
        "coordinates": [
          [
            21.0588302,
            52.208049
          ],
          [
            21.0588303,
            52.2080264
          ]
        ]
      },
      "id": "way/769466147"
    },
    {
      "type": "Feature",
      "properties": {
        "@id": "way/769466148",
        "bicycle": "designated",
        "cycleway": "crossing",
        "cycleway:surface": "asphalt",
        "cycleway:width": "3",
        "foot": "designated",
        "footway": "crossing",
        "footway:surface": "asphalt",
        "highway": "path",
        "lit": "yes",
        "path": "crossing",
        "segregated": "yes",
        "surface": "asphalt"
      },
      "geometry": {
        "type": "LineString",
        "coordinates": [
          [
            21.0588363,
            52.2081117
          ],
          [
            21.0588353,
            52.2080951
          ],
          [
            21.0588334,
            52.208078
          ],
          [
            21.0588322,
            52.2080654
          ],
          [
            21.0588302,
            52.208049
          ]
        ]
      },
      "id": "way/769466148"
    },
    {
      "type": "Feature",
      "properties": {
        "@id": "way/769466149",
        "bicycle": "designated",
        "cycleway:surface": "asphalt",
        "cycleway:width": "3",
        "foot": "designated",
        "footway:surface": "paving_stones",
        "highway": "path",
        "lit": "yes",
        "segregated": "yes",
        "surface": "paved"
      },
      "geometry": {
        "type": "LineString",
        "coordinates": [
          [
            21.0588382,
            52.2081437
          ],
          [
            21.0588372,
            52.2081288
          ],
          [
            21.0588363,
            52.2081117
          ]
        ]
      },
      "id": "way/769466149"
    },
    {
      "type": "Feature",
      "properties": {
        "@id": "way/769466150",
        "bicycle": "designated",
        "cycleway": "crossing",
        "cycleway:surface": "asphalt",
        "cycleway:width": "3",
        "foot": "designated",
        "footway": "crossing",
        "footway:surface": "asphalt",
        "highway": "path",
        "lit": "yes",
        "path": "crossing",
        "segregated": "yes",
        "surface": "asphalt"
      },
      "geometry": {
        "type": "LineString",
        "coordinates": [
          [
            21.0588427,
            52.2082085
          ],
          [
            21.0588401,
            52.2081778
          ],
          [
            21.0588382,
            52.2081437
          ]
        ]
      },
      "id": "way/769466150"
    },
    {
      "type": "Feature",
      "properties": {
        "@id": "way/769466151",
        "bicycle": "designated",
        "cycleway:surface": "asphalt",
        "cycleway:width": "3",
        "foot": "designated",
        "footway:surface": "paving_stones",
        "highway": "path",
        "lit": "yes",
        "segregated": "yes",
        "surface": "paved"
      },
      "geometry": {
        "type": "LineString",
        "coordinates": [
          [
            21.0588457,
            52.2082956
          ],
          [
            21.0588445,
            52.2082436
          ],
          [
            21.0588427,
            52.2082085
          ]
        ]
      },
      "id": "way/769466151"
    },
    {
      "type": "Feature",
      "properties": {
        "@id": "way/769466152",
        "bicycle": "designated",
        "cycleway": "crossing",
        "cycleway:surface": "asphalt",
        "cycleway:width": "3",
        "foot": "designated",
        "footway": "crossing",
        "footway:surface": "asphalt",
        "highway": "path",
        "lit": "yes",
        "path": "crossing",
        "segregated": "yes",
        "surface": "asphalt",
        "width": "3"
      },
      "geometry": {
        "type": "LineString",
        "coordinates": [
          [
            21.0591529,
            52.2082659
          ],
          [
            21.0590902,
            52.2082713
          ],
          [
            21.0590364,
            52.2082765
          ]
        ]
      },
      "id": "way/769466152"
    },
    {
      "type": "Feature",
      "properties": {
        "@id": "way/769466153",
        "bicycle": "designated",
        "cycleway:surface": "asphalt",
        "cycleway:width": "2.5",
        "foot": "designated",
        "footway:surface": "paving_stones",
        "highway": "path",
        "lit": "yes",
        "path": "sidewalk",
        "segregated": "yes",
        "source:width": "ARCore",
        "surface": "paved"
      },
      "geometry": {
        "type": "LineString",
        "coordinates": [
          [
            21.0589825,
            52.2082872
          ],
          [
            21.0589213,
            52.2082961
          ],
          [
            21.0588457,
            52.2082956
          ],
          [
            21.0587041,
            52.2082892
          ],
          [
            21.0585666,
            52.2082752
          ],
          [
            21.0584959,
            52.2082667
          ],
          [
            21.0583909,
            52.208256
          ],
          [
            21.0581442,
            52.2082375
          ],
          [
            21.0579951,
            52.2082238
          ],
          [
            21.0577149,
            52.2081919
          ],
          [
            21.0573764,
            52.2081443
          ],
          [
            21.0571121,
            52.2081053
          ],
          [
            21.0568461,
            52.2080739
          ],
          [
            21.0565754,
            52.208046
          ],
          [
            21.0562636,
            52.2080136
          ],
          [
            21.0560429,
            52.2079958
          ],
          [
            21.0557653,
            52.2079799
          ],
          [
            21.0554259,
            52.2079558
          ],
          [
            21.0549227,
            52.2079149
          ],
          [
            21.054584,
            52.2078894
          ],
          [
            21.0543455,
            52.2078643
          ]
        ]
      },
      "id": "way/769466153"
    },
    {
      "type": "Feature",
      "properties": {
        "@id": "way/769466161",
        "bicycle": "designated",
        "cycleway:surface": "asphalt",
        "foot": "designated",
        "footway:surface": "paving_stones",
        "highway": "path",
        "path": "sidewalk",
        "segregated": "yes",
        "surface": "paved"
      },
      "geometry": {
        "type": "LineString",
        "coordinates": [
          [
            21.0584771,
            52.2114866
          ],
          [
            21.0584781,
            52.2114314
          ],
          [
            21.0584838,
            52.2112518
          ],
          [
            21.0584868,
            52.2110917
          ],
          [
            21.0584882,
            52.2110214
          ],
          [
            21.0584943,
            52.2107818
          ],
          [
            21.0584992,
            52.2105374
          ],
          [
            21.0585048,
            52.2104686
          ],
          [
            21.0585147,
            52.2103309
          ],
          [
            21.0585175,
            52.2102868
          ],
          [
            21.0585309,
            52.2101994
          ],
          [
            21.0586949,
            52.2095313
          ],
          [
            21.0588793,
            52.2087979
          ],
          [
            21.0588718,
            52.2087541
          ],
          [
            21.0588756,
            52.208741
          ]
        ]
      },
      "id": "way/769466161"
    },
    {
      "type": "Feature",
      "properties": {
        "@id": "way/769466162",
        "bicycle": "designated",
        "cycleway:surface": "asphalt",
        "foot": "designated",
        "footway:surface": "paving_stones",
        "highway": "path",
        "segregated": "yes"
      },
      "geometry": {
        "type": "LineString",
        "coordinates": [
          [
            21.0589459,
            52.2088027
          ],
          [
            21.0589005,
            52.2087994
          ],
          [
            21.0588793,
            52.2087979
          ]
        ]
      },
      "id": "way/769466162"
    },
    {
      "type": "Feature",
      "properties": {
        "@id": "way/769466163",
        "bicycle": "designated",
        "cycleway:surface": "asphalt",
        "foot": "designated",
        "footway:surface": "paving_stones",
        "highway": "path",
        "segregated": "yes"
      },
      "geometry": {
        "type": "LineString",
        "coordinates": [
          [
            21.0591139,
            52.2088157
          ],
          [
            21.0590424,
            52.2088119
          ]
        ]
      },
      "id": "way/769466163"
    },
    {
      "type": "Feature",
      "properties": {
        "@id": "way/802625162",
        "highway": "cycleway",
        "lit": "yes",
        "smoothness": "excellent",
        "surface": "asphalt",
        "width": "2.5"
      },
      "geometry": {
        "type": "LineString",
        "coordinates": [
          [
            21.0314796,
            52.2067908
          ],
          [
            21.0315156,
            52.2067496
          ],
          [
            21.031484,
            52.2067395
          ],
          [
            21.0314563,
            52.2067293
          ],
          [
            21.0314341,
            52.2067196
          ],
          [
            21.0314133,
            52.2067095
          ],
          [
            21.0313939,
            52.2066992
          ],
          [
            21.0313754,
            52.2066877
          ],
          [
            21.0313599,
            52.2066771
          ],
          [
            21.0313433,
            52.2066643
          ],
          [
            21.0313288,
            52.2066535
          ],
          [
            21.0313112,
            52.2066436
          ],
          [
            21.0312985,
            52.2066395
          ],
          [
            21.0312841,
            52.2066363
          ],
          [
            21.0312677,
            52.2066339
          ]
        ]
      },
      "id": "way/802625162"
    },
    {
      "type": "Feature",
      "properties": {
        "@id": "way/825157732",
        "highway": "cycleway",
        "lit": "yes",
        "surface": "asphalt",
        "width": "2.5"
      },
      "geometry": {
        "type": "LineString",
        "coordinates": [
          [
            21.0640855,
            52.2065471
          ],
          [
            21.064072,
            52.2065568
          ],
          [
            21.0640612,
            52.2065631
          ],
          [
            21.064036,
            52.2065788
          ]
        ]
      },
      "id": "way/825157732"
    },
    {
      "type": "Feature",
      "properties": {
        "@id": "way/825157736",
        "highway": "cycleway",
        "lit": "yes",
        "segregated": "yes",
        "surface": "asphalt",
        "width": "2.5"
      },
      "geometry": {
        "type": "LineString",
        "coordinates": [
          [
            21.0667835,
            52.2090264
          ],
          [
            21.0667961,
            52.2089872
          ],
          [
            21.0668217,
            52.2089013
          ],
          [
            21.0668425,
            52.2088015
          ],
          [
            21.0668645,
            52.2086755
          ],
          [
            21.066871,
            52.208555
          ],
          [
            21.0668508,
            52.2083329
          ],
          [
            21.0668128,
            52.2081807
          ],
          [
            21.0667581,
            52.2080518
          ],
          [
            21.0667106,
            52.2079352
          ],
          [
            21.0666878,
            52.2078986
          ],
          [
            21.0666575,
            52.2078509
          ],
          [
            21.0666271,
            52.2078022
          ],
          [
            21.0666143,
            52.2077816
          ],
          [
            21.0665489,
            52.2077146
          ],
          [
            21.0664942,
            52.2076611
          ],
          [
            21.0664396,
            52.2076075
          ],
          [
            21.0662701,
            52.2074719
          ],
          [
            21.0662288,
            52.2074558
          ]
        ]
      },
      "id": "way/825157736"
    },
    {
      "type": "Feature",
      "properties": {
        "@id": "way/825157737",
        "highway": "cycleway",
        "lit": "yes",
        "oneway": "yes",
        "surface": "asphalt",
        "width": "1.5"
      },
      "geometry": {
        "type": "LineString",
        "coordinates": [
          [
            21.0667835,
            52.2090264
          ],
          [
            21.0667903,
            52.2090475
          ],
          [
            21.0668117,
            52.2090658
          ],
          [
            21.0669649,
            52.2091238
          ],
          [
            21.0671204,
            52.2091775
          ]
        ]
      },
      "id": "way/825157737"
    },
    {
      "type": "Feature",
      "properties": {
        "@id": "way/825157738",
        "bicycle": "designated",
        "check_date:surface": "2025-07-10",
        "cycleway": "crossing",
        "cycleway:surface": "asphalt",
        "cycleway:width": "3",
        "foot": "designated",
        "footway:surface": "asphalt",
        "highway": "path",
        "lit": "yes",
        "segregated": "yes",
        "surface": "asphalt"
      },
      "geometry": {
        "type": "LineString",
        "coordinates": [
          [
            21.0664788,
            52.2089903
          ],
          [
            21.0665298,
            52.2089961
          ],
          [
            21.0665727,
            52.2090009
          ]
        ]
      },
      "id": "way/825157738"
    },
    {
      "type": "Feature",
      "properties": {
        "@id": "way/825157739",
        "bicycle": "designated",
        "cycleway:surface": "asphalt",
        "cycleway:width": "2.5",
        "foot": "designated",
        "footway:surface": "paving_stones",
        "highway": "path",
        "lit": "yes",
        "segregated": "yes",
        "surface": "paved"
      },
      "geometry": {
        "type": "LineString",
        "coordinates": [
          [
            21.0651172,
            52.2070867
          ],
          [
            21.0650198,
            52.2070308
          ],
          [
            21.0649818,
            52.2070057
          ],
          [
            21.0649423,
            52.206982
          ],
          [
            21.0643607,
            52.2066532
          ],
          [
            21.0643345,
            52.2066396
          ],
          [
            21.0643128,
            52.2066335
          ],
          [
            21.0642925,
            52.206632
          ],
          [
            21.0642599,
            52.2066281
          ],
          [
            21.0642195,
            52.2066199
          ],
          [
            21.0641967,
            52.2066137
          ],
          [
            21.0641764,
            52.2066032
          ],
          [
            21.0641464,
            52.2065882
          ],
          [
            21.0641164,
            52.2065732
          ],
          [
            21.0640855,
            52.2065471
          ],
          [
            21.0640392,
            52.2065083
          ],
          [
            21.063973,
            52.2064568
          ],
          [
            21.0639145,
            52.2064231
          ],
          [
            21.0637406,
            52.2063283
          ],
          [
            21.0636132,
            52.2062648
          ],
          [
            21.0635676,
            52.2062439
          ],
          [
            21.063471,
            52.2061919
          ],
          [
            21.0634479,
            52.2061787
          ],
          [
            21.0634353,
            52.2061716
          ],
          [
            21.0634196,
            52.2061661
          ]
        ]
      },
      "id": "way/825157739"
    },
    {
      "type": "Feature",
      "properties": {
        "@id": "way/832016012",
        "highway": "living_street",
        "name": "Kaszubska",
        "name:etymology:wikidata": "Q147804",
        "surface": "asphalt",
        "wikidata": "Q124341653"
      },
      "geometry": {
        "type": "LineString",
        "coordinates": [
          [
            21.0476663,
            52.2051982
          ],
          [
            21.0476893,
            52.2052
          ],
          [
            21.0477596,
            52.2052056
          ],
          [
            21.0481911,
            52.2052403
          ],
          [
            21.0485655,
            52.2052703
          ],
          [
            21.0485828,
            52.2052717
          ],
          [
            21.0486107,
            52.2052739
          ]
        ]
      },
      "id": "way/832016012"
    },
    {
      "type": "Feature",
      "properties": {
        "@id": "way/833391680",
        "highway": "cycleway",
        "oneway": "yes",
        "surface": "asphalt",
        "width": "1.7"
      },
      "geometry": {
        "type": "LineString",
        "coordinates": [
          [
            21.0490138,
            52.2023424
          ],
          [
            21.0491484,
            52.202295
          ],
          [
            21.0492821,
            52.202272
          ],
          [
            21.0493672,
            52.2022627
          ],
          [
            21.0494368,
            52.2022567
          ]
        ]
      },
      "id": "way/833391680"
    },
    {
      "type": "Feature",
      "properties": {
        "@id": "way/834617689",
        "highway": "cycleway",
        "name": "Zapachu Bzu",
        "oneway": "no",
        "surface": "paved"
      },
      "geometry": {
        "type": "LineString",
        "coordinates": [
          [
            21.0354683,
            52.1824713
          ],
          [
            21.0354627,
            52.1825004
          ],
          [
            21.0354601,
            52.1826658
          ],
          [
            21.0354599,
            52.1828278
          ],
          [
            21.0354751,
            52.1828715
          ],
          [
            21.0354987,
            52.1829068
          ],
          [
            21.0355381,
            52.1829454
          ],
          [
            21.0357647,
            52.1830922
          ],
          [
            21.0357844,
            52.1830953
          ],
          [
            21.0358003,
            52.1830884
          ]
        ]
      },
      "id": "way/834617689"
    },
    {
      "type": "Feature",
      "properties": {
        "@id": "way/834891789",
        "highway": "living_street",
        "lit": "no",
        "name": "Kuracyjna",
        "oneway": "yes",
        "surface": "paving_stones"
      },
      "geometry": {
        "type": "LineString",
        "coordinates": [
          [
            21.0704658,
            52.1889835
          ],
          [
            21.0702916,
            52.1894553
          ],
          [
            21.0702273,
            52.189641
          ],
          [
            21.0699537,
            52.1897912
          ],
          [
            21.0696894,
            52.1899628
          ]
        ]
      },
      "id": "way/834891789"
    },
    {
      "type": "Feature",
      "properties": {
        "@id": "way/834893681",
        "highway": "living_street",
        "lit": "no",
        "name": "Kuracyjna",
        "surface": "gravel"
      },
      "geometry": {
        "type": "LineString",
        "coordinates": [
          [
            21.0708292,
            52.1885494
          ],
          [
            21.0709514,
            52.1881769
          ]
        ]
      },
      "id": "way/834893681"
    },
    {
      "type": "Feature",
      "properties": {
        "@id": "way/842114217",
        "highway": "living_street",
        "lanes": "1",
        "maxspeed": "20",
        "name": "Figowa",
        "surface": "asphalt"
      },
      "geometry": {
        "type": "LineString",
        "coordinates": [
          [
            21.0691979,
            52.2094233
          ],
          [
            21.0691847,
            52.2094611
          ],
          [
            21.0691093,
            52.2097061
          ],
          [
            21.0688909,
            52.210411
          ],
          [
            21.0688756,
            52.2104614
          ],
          [
            21.0684816,
            52.211597
          ],
          [
            21.0682926,
            52.2122593
          ],
          [
            21.0682651,
            52.2123557
          ],
          [
            21.0682496,
            52.2123948
          ]
        ]
      },
      "id": "way/842114217"
    },
    {
      "type": "Feature",
      "properties": {
        "@id": "way/857656378",
        "highway": "cycleway",
        "lit": "yes",
        "oneway": "yes",
        "smoothness": "excellent",
        "surface": "asphalt"
      },
      "geometry": {
        "type": "LineString",
        "coordinates": [
          [
            21.0359657,
            52.2019462
          ],
          [
            21.0358687,
            52.2019698
          ],
          [
            21.0358436,
            52.2019705
          ],
          [
            21.0357981,
            52.2019657
          ],
          [
            21.035776,
            52.2019653
          ],
          [
            21.0357549,
            52.2019677
          ],
          [
            21.0356426,
            52.2019805
          ],
          [
            21.0356224,
            52.201982
          ],
          [
            21.0356035,
            52.2019822
          ],
          [
            21.0355505,
            52.2019772
          ],
          [
            21.0354768,
            52.2019697
          ]
        ]
      },
      "id": "way/857656378"
    },
    {
      "type": "Feature",
      "properties": {
        "@id": "way/865448100",
        "bicycle": "designated",
        "cycleway:surface": "asphalt",
        "foot": "designated",
        "footway:surface": "paving_stones",
        "highway": "path",
        "lit": "yes",
        "segregated": "yes",
        "surface": "paved"
      },
      "geometry": {
        "type": "LineString",
        "coordinates": [
          [
            21.0677365,
            52.2058611
          ],
          [
            21.0677404,
            52.2058691
          ],
          [
            21.0677363,
            52.2058898
          ],
          [
            21.0677308,
            52.2059126
          ],
          [
            21.0677231,
            52.2059441
          ],
          [
            21.0677216,
            52.2059512
          ],
          [
            21.0677091,
            52.2059601
          ],
          [
            21.067693,
            52.2059649
          ],
          [
            21.0676724,
            52.2059734
          ],
          [
            21.0676625,
            52.2059816
          ],
          [
            21.0676582,
            52.2059968
          ],
          [
            21.0675803,
            52.206252
          ],
          [
            21.0675739,
            52.2062729
          ],
          [
            21.0675669,
            52.2062928
          ],
          [
            21.0675575,
            52.2063194
          ],
          [
            21.0674252,
            52.2067532
          ],
          [
            21.0674241,
            52.2067711
          ],
          [
            21.0674369,
            52.2067871
          ],
          [
            21.0674481,
            52.206805
          ],
          [
            21.0674497,
            52.2068093
          ],
          [
            21.0674514,
            52.2068217
          ],
          [
            21.0674434,
            52.20685
          ],
          [
            21.0674363,
            52.2068761
          ],
          [
            21.0674191,
            52.2068905
          ],
          [
            21.0673791,
            52.206924
          ],
          [
            21.0673747,
            52.2069306
          ],
          [
            21.0673723,
            52.2069347
          ],
          [
            21.0673633,
            52.2069771
          ],
          [
            21.0672131,
            52.207546
          ],
          [
            21.0671776,
            52.2076803
          ],
          [
            21.0671741,
            52.2076936
          ],
          [
            21.0671554,
            52.2077252
          ],
          [
            21.0671219,
            52.2077682
          ],
          [
            21.0670738,
            52.2078119
          ],
          [
            21.0670058,
            52.2078515
          ],
          [
            21.0669373,
            52.2078775
          ],
          [
            21.0668154,
            52.2079132
          ],
          [
            21.0667694,
            52.2079267
          ]
        ]
      },
      "id": "way/865448100"
    },
    {
      "type": "Feature",
      "properties": {
        "@id": "way/865448105",
        "highway": "cycleway",
        "lit": "yes",
        "oneway": "yes",
        "surface": "asphalt",
        "width": "1.5"
      },
      "geometry": {
        "type": "LineString",
        "coordinates": [
          [
            21.0666342,
            52.2091886
          ],
          [
            21.0665024,
            52.2092449
          ],
          [
            21.0664848,
            52.2092519
          ],
          [
            21.066346,
            52.2092825
          ],
          [
            21.0663097,
            52.209289
          ],
          [
            21.0662415,
            52.2093027
          ]
        ]
      },
      "id": "way/865448105"
    },
    {
      "type": "Feature",
      "properties": {
        "@id": "way/868415133",
        "cycleway": "crossing",
        "highway": "cycleway",
        "lit": "yes",
        "smoothness": "good",
        "surface": "asphalt"
      },
      "geometry": {
        "type": "LineString",
        "coordinates": [
          [
            21.0332977,
            52.2040179
          ],
          [
            21.0333203,
            52.2040254
          ],
          [
            21.0333428,
            52.2040329
          ],
          [
            21.0333653,
            52.2040404
          ],
          [
            21.0333879,
            52.2040479
          ]
        ]
      },
      "id": "way/868415133"
    },
    {
      "type": "Feature",
      "properties": {
        "@id": "way/868415134",
        "highway": "cycleway",
        "lit": "yes",
        "smoothness": "excellent",
        "surface": "asphalt"
      },
      "geometry": {
        "type": "LineString",
        "coordinates": [
          [
            21.0335159,
            52.2040905
          ],
          [
            21.0335273,
            52.2040926
          ],
          [
            21.0335407,
            52.2040926
          ],
          [
            21.0335875,
            52.2040855
          ],
          [
            21.0336212,
            52.204079
          ],
          [
            21.0336399,
            52.2040779
          ],
          [
            21.0336609,
            52.2040787
          ],
          [
            21.0336858,
            52.2040807
          ],
          [
            21.0337112,
            52.2040856
          ],
          [
            21.0337329,
            52.2040897
          ],
          [
            21.0337576,
            52.2040908
          ],
          [
            21.0337963,
            52.2040902
          ]
        ]
      },
      "id": "way/868415134"
    },
    {
      "type": "Feature",
      "properties": {
        "@id": "way/891023911",
        "highway": "living_street",
        "surface": "paving_stones"
      },
      "geometry": {
        "type": "LineString",
        "coordinates": [
          [
            21.0402641,
            52.1890865
          ],
          [
            21.0400163,
            52.1893469
          ],
          [
            21.03999,
            52.1893758
          ],
          [
            21.0399565,
            52.1893955
          ],
          [
            21.0398908,
            52.1894112
          ],
          [
            21.0397386,
            52.1894232
          ]
        ]
      },
      "id": "way/891023911"
    },
    {
      "type": "Feature",
      "properties": {
        "@id": "way/891673142",
        "cycleway": "crossing",
        "highway": "cycleway",
        "surface": "asphalt"
      },
      "geometry": {
        "type": "LineString",
        "coordinates": [
          [
            21.0687263,
            52.182041
          ],
          [
            21.06879,
            52.1820668
          ],
          [
            21.0688485,
            52.1820906
          ]
        ]
      },
      "id": "way/891673142"
    },
    {
      "type": "Feature",
      "properties": {
        "@id": "way/891673143",
        "cycleway": "crossing",
        "highway": "cycleway",
        "surface": "asphalt"
      },
      "geometry": {
        "type": "LineString",
        "coordinates": [
          [
            21.0689195,
            52.1821193
          ],
          [
            21.068983,
            52.182145
          ],
          [
            21.0690422,
            52.1821689
          ]
        ]
      },
      "id": "way/891673143"
    },
    {
      "type": "Feature",
      "properties": {
        "@id": "way/891673144",
        "highway": "cycleway",
        "surface": "asphalt"
      },
      "geometry": {
        "type": "LineString",
        "coordinates": [
          [
            21.0688485,
            52.1820906
          ],
          [
            21.0689195,
            52.1821193
          ]
        ]
      },
      "id": "way/891673144"
    },
    {
      "type": "Feature",
      "properties": {
        "@id": "way/891673145",
        "highway": "cycleway",
        "oneway": "yes",
        "surface": "asphalt"
      },
      "geometry": {
        "type": "LineString",
        "coordinates": [
          [
            21.0691023,
            52.1820301
          ],
          [
            21.0691266,
            52.1821314
          ],
          [
            21.0691218,
            52.1821449
          ],
          [
            21.0691097,
            52.1821585
          ],
          [
            21.0690796,
            52.182185
          ]
        ]
      },
      "id": "way/891673145"
    },
    {
      "type": "Feature",
      "properties": {
        "@id": "way/891673146",
        "highway": "cycleway",
        "surface": "asphalt"
      },
      "geometry": {
        "type": "LineString",
        "coordinates": [
          [
            21.0690422,
            52.1821689
          ],
          [
            21.0690796,
            52.182185
          ],
          [
            21.0690886,
            52.1822158
          ],
          [
            21.0691004,
            52.1822341
          ],
          [
            21.0691165,
            52.182252
          ],
          [
            21.0691139,
            52.1822841
          ]
        ]
      },
      "id": "way/891673146"
    },
    {
      "type": "Feature",
      "properties": {
        "@id": "way/891673148",
        "cycleway": "crossing",
        "highway": "cycleway",
        "surface": "asphalt"
      },
      "geometry": {
        "type": "LineString",
        "coordinates": [
          [
            21.0687014,
            52.1819251
          ],
          [
            21.0687339,
            52.1818923
          ],
          [
            21.0687659,
            52.18186
          ]
        ]
      },
      "id": "way/891673148"
    },
    {
      "type": "Feature",
      "properties": {
        "@id": "way/891673151",
        "highway": "cycleway",
        "surface": "asphalt"
      },
      "geometry": {
        "type": "LineString",
        "coordinates": [
          [
            21.0687659,
            52.18186
          ],
          [
            21.0688108,
            52.1818293
          ],
          [
            21.0688336,
            52.1818137
          ],
          [
            21.0691053,
            52.1815545
          ],
          [
            21.0692502,
            52.1814162
          ],
          [
            21.0693013,
            52.181379
          ],
          [
            21.0693323,
            52.1813601
          ],
          [
            21.0694025,
            52.1813172
          ]
        ]
      },
      "id": "way/891673151"
    },
    {
      "type": "Feature",
      "properties": {
        "@id": "way/891673153",
        "cycleway": "crossing",
        "highway": "cycleway",
        "surface": "asphalt"
      },
      "geometry": {
        "type": "LineString",
        "coordinates": [
          [
            21.0694025,
            52.1813172
          ],
          [
            21.0694327,
            52.1812855
          ],
          [
            21.0694693,
            52.1812471
          ]
        ]
      },
      "id": "way/891673153"
    },
    {
      "type": "Feature",
      "properties": {
        "@id": "way/891673157",
        "highway": "cycleway",
        "surface": "asphalt"
      },
      "geometry": {
        "type": "LineString",
        "coordinates": [
          [
            21.0694693,
            52.1812471
          ],
          [
            21.0694868,
            52.1812254
          ],
          [
            21.0695142,
            52.1811914
          ],
          [
            21.0695384,
            52.1811676
          ],
          [
            21.0696182,
            52.181104
          ],
          [
            21.071456,
            52.179387
          ],
          [
            21.071504,
            52.1793436
          ],
          [
            21.071577,
            52.1792772
          ],
          [
            21.0716216,
            52.179252
          ],
          [
            21.0716608,
            52.1792261
          ],
          [
            21.0716977,
            52.1791948
          ]
        ]
      },
      "id": "way/891673157"
    },
    {
      "type": "Feature",
      "properties": {
        "@id": "way/891679940",
        "cycleway": "crossing",
        "highway": "cycleway",
        "surface": "asphalt"
      },
      "geometry": {
        "type": "LineString",
        "coordinates": [
          [
            21.0658749,
            52.184619
          ],
          [
            21.0659383,
            52.1845599
          ],
          [
            21.0660025,
            52.1845
          ]
        ]
      },
      "id": "way/891679940"
    },
    {
      "type": "Feature",
      "properties": {
        "@id": "way/891679941",
        "cycleway": "crossing",
        "highway": "cycleway",
        "surface": "asphalt"
      },
      "geometry": {
        "type": "LineString",
        "coordinates": [
          [
            21.0660622,
            52.18481
          ],
          [
            21.0661204,
            52.1848344
          ],
          [
            21.0661889,
            52.1848631
          ]
        ]
      },
      "id": "way/891679941"
    },
    {
      "type": "Feature",
      "properties": {
        "@id": "way/891679942",
        "highway": "cycleway",
        "surface": "asphalt"
      },
      "geometry": {
        "type": "LineString",
        "coordinates": [
          [
            21.0660245,
            52.1847942
          ],
          [
            21.0660622,
            52.18481
          ]
        ]
      },
      "id": "way/891679942"
    },
    {
      "type": "Feature",
      "properties": {
        "@id": "way/891679943",
        "highway": "cycleway",
        "surface": "asphalt"
      },
      "geometry": {
        "type": "LineString",
        "coordinates": [
          [
            21.0657956,
            52.1846983
          ],
          [
            21.0658657,
            52.1847277
          ]
        ]
      },
      "id": "way/891679943"
    },
    {
      "type": "Feature",
      "properties": {
        "@id": "way/891679944",
        "highway": "cycleway",
        "surface": "asphalt"
      },
      "geometry": {
        "type": "LineString",
        "coordinates": [
          [
            21.0661889,
            52.1848631
          ],
          [
            21.0662128,
            52.1848717
          ],
          [
            21.0662302,
            52.1848715
          ],
          [
            21.0662447,
            52.1848667
          ],
          [
            21.0662649,
            52.1848558
          ],
          [
            21.0664097,
            52.1847579
          ]
        ]
      },
      "id": "way/891679944"
    },
    {
      "type": "Feature",
      "properties": {
        "@id": "way/891679945",
        "cycleway": "crossing",
        "highway": "cycleway",
        "surface": "asphalt"
      },
      "geometry": {
        "type": "LineString",
        "coordinates": [
          [
            21.0665142,
            52.1846603
          ],
          [
            21.0665348,
            52.184641
          ],
          [
            21.0665692,
            52.1846089
          ]
        ]
      },
      "id": "way/891679945"
    },
    {
      "type": "Feature",
      "properties": {
        "@id": "way/891679946",
        "highway": "cycleway",
        "surface": "asphalt"
      },
      "geometry": {
        "type": "LineString",
        "coordinates": [
          [
            21.0664626,
            52.1847085
          ],
          [
            21.0665142,
            52.1846603
          ]
        ]
      },
      "id": "way/891679946"
    },
    {
      "type": "Feature",
      "properties": {
        "@id": "way/891679949",
        "cycleway": "crossing",
        "highway": "cycleway",
        "surface": "asphalt"
      },
      "geometry": {
        "type": "LineString",
        "coordinates": [
          [
            21.0664097,
            52.1847579
          ],
          [
            21.066438,
            52.1847314
          ],
          [
            21.0664626,
            52.1847085
          ]
        ]
      },
      "id": "way/891679949"
    },
    {
      "type": "Feature",
      "properties": {
        "@id": "way/891679951",
        "highway": "cycleway",
        "surface": "asphalt"
      },
      "geometry": {
        "type": "LineString",
        "coordinates": [
          [
            21.0665692,
            52.1846089
          ],
          [
            21.0665549,
            52.1845185
          ]
        ]
      },
      "id": "way/891679951"
    },
    {
      "type": "Feature",
      "properties": {
        "@id": "way/891679952",
        "highway": "cycleway",
        "surface": "asphalt"
      },
      "geometry": {
        "type": "LineString",
        "coordinates": [
          [
            21.0662291,
            52.1843852
          ],
          [
            21.0661568,
            52.1843556
          ]
        ]
      },
      "id": "way/891679952"
    },
    {
      "type": "Feature",
      "properties": {
        "@id": "way/891679953",
        "cycleway": "crossing",
        "highway": "cycleway",
        "surface": "asphalt"
      },
      "geometry": {
        "type": "LineString",
        "coordinates": [
          [
            21.0663551,
            52.1844368
          ],
          [
            21.0662934,
            52.1844115
          ],
          [
            21.0662291,
            52.1843852
          ]
        ]
      },
      "id": "way/891679953"
    },
    {
      "type": "Feature",
      "properties": {
        "@id": "way/891679954",
        "highway": "cycleway",
        "surface": "asphalt"
      },
      "geometry": {
        "type": "LineString",
        "coordinates": [
          [
            21.066395,
            52.1844531
          ],
          [
            21.0663551,
            52.1844368
          ]
        ]
      },
      "id": "way/891679954"
    },
    {
      "type": "Feature",
      "properties": {
        "@id": "way/891679961",
        "cycleway": "crossing",
        "highway": "cycleway",
        "surface": "asphalt"
      },
      "geometry": {
        "type": "LineString",
        "coordinates": [
          [
            21.0665549,
            52.1845185
          ],
          [
            21.0664894,
            52.1844917
          ],
          [
            21.066395,
            52.1844531
          ]
        ]
      },
      "id": "way/891679961"
    },
    {
      "type": "Feature",
      "properties": {
        "@id": "way/891679962",
        "highway": "cycleway",
        "surface": "asphalt"
      },
      "geometry": {
        "type": "LineString",
        "coordinates": [
          [
            21.0660025,
            52.1845
          ],
          [
            21.0661568,
            52.1843556
          ],
          [
            21.0661897,
            52.1843248
          ],
          [
            21.0668964,
            52.1836667
          ],
          [
            21.066942,
            52.1836315
          ],
          [
            21.0669935,
            52.1835917
          ],
          [
            21.0672929,
            52.183321
          ],
          [
            21.067656,
            52.182993
          ],
          [
            21.0686064,
            52.1820879
          ],
          [
            21.0686304,
            52.1820618
          ],
          [
            21.0686465,
            52.1820381
          ],
          [
            21.0686547,
            52.182012
          ],
          [
            21.0686619,
            52.1819758
          ],
          [
            21.0686703,
            52.1819616
          ],
          [
            21.0686746,
            52.1819543
          ],
          [
            21.0687014,
            52.1819251
          ]
        ]
      },
      "id": "way/891679962"
    },
    {
      "type": "Feature",
      "properties": {
        "@id": "way/891695447",
        "cycleway": "crossing",
        "highway": "cycleway",
        "surface": "asphalt"
      },
      "geometry": {
        "type": "LineString",
        "coordinates": [
          [
            21.0635992,
            52.1870592
          ],
          [
            21.0636599,
            52.1870844
          ],
          [
            21.063726,
            52.1871118
          ]
        ]
      },
      "id": "way/891695447"
    },
    {
      "type": "Feature",
      "properties": {
        "@id": "way/891695448",
        "highway": "cycleway",
        "surface": "asphalt"
      },
      "geometry": {
        "type": "LineString",
        "coordinates": [
          [
            21.0635651,
            52.1870451
          ],
          [
            21.0635992,
            52.1870592
          ]
        ]
      },
      "id": "way/891695448"
    },
    {
      "type": "Feature",
      "properties": {
        "@id": "way/891695449",
        "highway": "cycleway",
        "surface": "asphalt"
      },
      "geometry": {
        "type": "LineString",
        "coordinates": [
          [
            21.0633407,
            52.1869508
          ],
          [
            21.063403,
            52.1869779
          ]
        ]
      },
      "id": "way/891695449"
    },
    {
      "type": "Feature",
      "properties": {
        "@id": "way/891695450",
        "cycleway": "crossing",
        "highway": "cycleway",
        "surface": "asphalt"
      },
      "geometry": {
        "type": "LineString",
        "coordinates": [
          [
            21.0639894,
            52.1869794
          ],
          [
            21.064012,
            52.1869614
          ],
          [
            21.0640387,
            52.18694
          ]
        ]
      },
      "id": "way/891695450"
    },
    {
      "type": "Feature",
      "properties": {
        "@id": "way/891695451",
        "highway": "cycleway",
        "surface": "asphalt"
      },
      "geometry": {
        "type": "LineString",
        "coordinates": [
          [
            21.0639608,
            52.1870022
          ],
          [
            21.0639894,
            52.1869794
          ]
        ]
      },
      "id": "way/891695451"
    },
    {
      "type": "Feature",
      "properties": {
        "@id": "way/891695452",
        "highway": "cycleway",
        "surface": "asphalt"
      },
      "geometry": {
        "type": "LineString",
        "coordinates": [
          [
            21.063726,
            52.1871118
          ],
          [
            21.0637592,
            52.1871174
          ],
          [
            21.0637948,
            52.1871163
          ],
          [
            21.0638274,
            52.187108
          ],
          [
            21.0638712,
            52.1870739
          ]
        ]
      },
      "id": "way/891695452"
    },
    {
      "type": "Feature",
      "properties": {
        "@id": "way/891695453",
        "cycleway": "crossing",
        "highway": "cycleway",
        "surface": "asphalt"
      },
      "geometry": {
        "type": "LineString",
        "coordinates": [
          [
            21.0638712,
            52.1870739
          ],
          [
            21.063925,
            52.1870309
          ],
          [
            21.0639608,
            52.1870022
          ]
        ]
      },
      "id": "way/891695453"
    },
    {
      "type": "Feature",
      "properties": {
        "@id": "way/891695458",
        "highway": "cycleway",
        "lit": "yes",
        "surface": "asphalt",
        "width": "3"
      },
      "geometry": {
        "type": "LineString",
        "coordinates": [
          [
            21.0637439,
            52.1865298
          ],
          [
            21.0638468,
            52.1865726
          ]
        ]
      },
      "id": "way/891695458"
    },
    {
      "type": "Feature",
      "properties": {
        "@id": "way/891695459",
        "highway": "cycleway",
        "surface": "asphalt"
      },
      "geometry": {
        "type": "LineString",
        "coordinates": [
          [
            21.0641664,
            52.1867057
          ],
          [
            21.0642136,
            52.1867253
          ]
        ]
      },
      "id": "way/891695459"
    },
    {
      "type": "Feature",
      "properties": {
        "@id": "way/891695460",
        "cycleway": "crossing",
        "highway": "cycleway",
        "surface": "asphalt"
      },
      "geometry": {
        "type": "LineString",
        "coordinates": [
          [
            21.0640106,
            52.1866408
          ],
          [
            21.0641061,
            52.1866806
          ],
          [
            21.0641664,
            52.1867057
          ]
        ]
      },
      "id": "way/891695460"
    },
    {
      "type": "Feature",
      "properties": {
        "@id": "way/891695461",
        "highway": "cycleway",
        "surface": "asphalt"
      },
      "geometry": {
        "type": "LineString",
        "coordinates": [
          [
            21.0639694,
            52.1866237
          ],
          [
            21.0640106,
            52.1866408
          ]
        ]
      },
      "id": "way/891695461"
    },
    {
      "type": "Feature",
      "properties": {
        "@id": "way/891695462",
        "cycleway": "crossing",
        "highway": "cycleway",
        "surface": "asphalt"
      },
      "geometry": {
        "type": "LineString",
        "coordinates": [
          [
            21.0636052,
            52.186635
          ],
          [
            21.0636399,
            52.1866117
          ],
          [
            21.0636844,
            52.186582
          ]
        ]
      },
      "id": "way/891695462"
    },
    {
      "type": "Feature",
      "properties": {
        "@id": "way/891695463",
        "highway": "cycleway",
        "surface": "asphalt"
      },
      "geometry": {
        "type": "LineString",
        "coordinates": [
          [
            21.063566,
            52.1866613
          ],
          [
            21.0636052,
            52.186635
          ]
        ]
      },
      "id": "way/891695463"
    },
    {
      "type": "Feature",
      "properties": {
        "@id": "way/891695464",
        "cycleway": "crossing",
        "highway": "cycleway",
        "surface": "asphalt"
      },
      "geometry": {
        "type": "LineString",
        "coordinates": [
          [
            21.0635219,
            52.1866907
          ],
          [
            21.0635447,
            52.1866756
          ],
          [
            21.063566,
            52.1866613
          ]
        ]
      },
      "id": "way/891695464"
    },
    {
      "type": "Feature",
      "properties": {
        "@id": "way/891695466",
        "highway": "cycleway",
        "surface": "asphalt"
      },
      "geometry": {
        "type": "LineString",
        "coordinates": [
          [
            21.0636844,
            52.186582
          ],
          [
            21.0637206,
            52.1865597
          ],
          [
            21.0637439,
            52.1865298
          ],
          [
            21.0637601,
            52.1865086
          ],
          [
            21.0637782,
            52.1864852
          ],
          [
            21.0637924,
            52.1864683
          ],
          [
            21.0639981,
            52.186282
          ],
          [
            21.064736,
            52.1856141
          ],
          [
            21.0647564,
            52.1856036
          ],
          [
            21.0649736,
            52.1855133
          ],
          [
            21.0649999,
            52.1855032
          ],
          [
            21.0650239,
            52.1854862
          ],
          [
            21.0651566,
            52.1853618
          ],
          [
            21.0651704,
            52.1853473
          ],
          [
            21.0651775,
            52.1853294
          ],
          [
            21.0651817,
            52.1853127
          ],
          [
            21.0651835,
            52.1852864
          ],
          [
            21.0651912,
            52.1852613
          ],
          [
            21.0652041,
            52.1852373
          ],
          [
            21.0653106,
            52.1851402
          ],
          [
            21.0657396,
            52.1847542
          ],
          [
            21.0657636,
            52.1847302
          ],
          [
            21.0657956,
            52.1846983
          ],
          [
            21.0658749,
            52.184619
          ]
        ]
      },
      "id": "way/891695466"
    },
    {
      "type": "Feature",
      "properties": {
        "@id": "way/892844039",
        "highway": "cycleway",
        "lit": "yes",
        "surface": "asphalt"
      },
      "geometry": {
        "type": "LineString",
        "coordinates": [
          [
            21.0564128,
            52.1932263
          ],
          [
            21.0564605,
            52.1932477
          ]
        ]
      },
      "id": "way/892844039"
    },
    {
      "type": "Feature",
      "properties": {
        "@id": "way/892844040",
        "highway": "cycleway",
        "surface": "asphalt"
      },
      "geometry": {
        "type": "LineString",
        "coordinates": [
          [
            21.0559945,
            52.1930341
          ],
          [
            21.0560625,
            52.1930692
          ]
        ]
      },
      "id": "way/892844040"
    },
    {
      "type": "Feature",
      "properties": {
        "@id": "way/892844041",
        "cycleway": "crossing",
        "highway": "cycleway",
        "surface": "asphalt"
      },
      "geometry": {
        "type": "LineString",
        "coordinates": [
          [
            21.0562875,
            52.1931701
          ],
          [
            21.0563486,
            52.1931975
          ],
          [
            21.0564128,
            52.1932263
          ]
        ]
      },
      "id": "way/892844041"
    },
    {
      "type": "Feature",
      "properties": {
        "@id": "way/892844042",
        "highway": "cycleway",
        "lit": "yes",
        "surface": "asphalt"
      },
      "geometry": {
        "type": "LineString",
        "coordinates": [
          [
            21.0562367,
            52.1931473
          ],
          [
            21.0562875,
            52.1931701
          ]
        ]
      },
      "id": "way/892844042"
    },
    {
      "type": "Feature",
      "properties": {
        "@id": "way/892844044",
        "cycleway": "crossing",
        "highway": "cycleway",
        "surface": "asphalt"
      },
      "geometry": {
        "type": "LineString",
        "coordinates": [
          [
            21.0560405,
            52.1929873
          ],
          [
            21.0561503,
            52.192907
          ],
          [
            21.0562449,
            52.1928379
          ]
        ]
      },
      "id": "way/892844044"
    },
    {
      "type": "Feature",
      "properties": {
        "@id": "way/892844045",
        "highway": "cycleway",
        "surface": "asphalt"
      },
      "geometry": {
        "type": "LineString",
        "coordinates": [
          [
            21.0535229,
            52.1952291
          ],
          [
            21.0535832,
            52.1951798
          ],
          [
            21.0546471,
            52.1942413
          ],
          [
            21.0548617,
            52.1940946
          ],
          [
            21.054924,
            52.1940426
          ],
          [
            21.0553251,
            52.1936242
          ],
          [
            21.0559579,
            52.1930754
          ],
          [
            21.0559945,
            52.1930341
          ],
          [
            21.0560227,
            52.1930015
          ],
          [
            21.0560405,
            52.1929873
          ]
        ]
      },
      "id": "way/892844045"
    },
    {
      "type": "Feature",
      "properties": {
        "@id": "way/892844046",
        "cycleway": "crossing",
        "highway": "cycleway",
        "surface": "asphalt"
      },
      "geometry": {
        "type": "LineString",
        "coordinates": [
          [
            21.056763,
            52.1930343
          ],
          [
            21.0568477,
            52.192967
          ],
          [
            21.0569419,
            52.1928922
          ]
        ]
      },
      "id": "way/892844046"
    },
    {
      "type": "Feature",
      "properties": {
        "@id": "way/892844051",
        "highway": "cycleway",
        "surface": "asphalt"
      },
      "geometry": {
        "type": "LineString",
        "coordinates": [
          [
            21.0569419,
            52.1928922
          ],
          [
            21.0569651,
            52.1928754
          ],
          [
            21.0569807,
            52.1928603
          ],
          [
            21.0569853,
            52.1928452
          ],
          [
            21.0569817,
            52.1928281
          ],
          [
            21.0569724,
            52.1928148
          ],
          [
            21.0569432,
            52.192801
          ]
        ]
      },
      "id": "way/892844051"
    },
    {
      "type": "Feature",
      "properties": {
        "@id": "way/892844052",
        "cycleway": "crossing",
        "highway": "cycleway",
        "lit": "yes",
        "source:width": "ARCore",
        "surface": "asphalt",
        "width": "2.7"
      },
      "geometry": {
        "type": "LineString",
        "coordinates": [
          [
            21.056787,
            52.1927271
          ],
          [
            21.0568797,
            52.1927709
          ],
          [
            21.0569432,
            52.192801
          ]
        ]
      },
      "id": "way/892844052"
    },
    {
      "type": "Feature",
      "properties": {
        "@id": "way/892844053",
        "highway": "cycleway",
        "lit": "yes",
        "surface": "asphalt",
        "width": "2.7"
      },
      "geometry": {
        "type": "LineString",
        "coordinates": [
          [
            21.0567386,
            52.1927042
          ],
          [
            21.056787,
            52.1927271
          ]
        ]
      },
      "id": "way/892844053"
    },
    {
      "type": "Feature",
      "properties": {
        "@id": "way/892844054",
        "highway": "cycleway",
        "lit": "yes",
        "surface": "asphalt",
        "width": "2.7"
      },
      "geometry": {
        "type": "LineString",
        "coordinates": [
          [
            21.0565436,
            52.1926121
          ],
          [
            21.0566203,
            52.1926483
          ]
        ]
      },
      "id": "way/892844054"
    },
    {
      "type": "Feature",
      "properties": {
        "@id": "way/892844062",
        "cycleway": "crossing",
        "highway": "cycleway",
        "surface": "asphalt"
      },
      "geometry": {
        "type": "LineString",
        "coordinates": [
          [
            21.0596224,
            52.1901125
          ],
          [
            21.0596702,
            52.1900748
          ],
          [
            21.0597152,
            52.1900393
          ]
        ]
      },
      "id": "way/892844062"
    },
    {
      "type": "Feature",
      "properties": {
        "@id": "way/892844063",
        "highway": "cycleway",
        "surface": "asphalt",
        "width": "2.5"
      },
      "geometry": {
        "type": "LineString",
        "coordinates": [
          [
            21.0590669,
            52.1906288
          ],
          [
            21.0590867,
            52.1906033
          ],
          [
            21.0594028,
            52.190337
          ],
          [
            21.0594279,
            52.1903126
          ],
          [
            21.0594349,
            52.1902905
          ],
          [
            21.0594364,
            52.1902666
          ],
          [
            21.0594343,
            52.190249
          ],
          [
            21.059437,
            52.1902369
          ],
          [
            21.0594454,
            52.1902263
          ],
          [
            21.059464,
            52.1902173
          ],
          [
            21.0594866,
            52.190212
          ],
          [
            21.0595065,
            52.1902026
          ],
          [
            21.0595912,
            52.1901371
          ],
          [
            21.0596224,
            52.1901125
          ]
        ]
      },
      "id": "way/892844063"
    },
    {
      "type": "Feature",
      "properties": {
        "@id": "way/892862335",
        "highway": "cycleway",
        "surface": "asphalt",
        "width": "2.1"
      },
      "geometry": {
        "type": "LineString",
        "coordinates": [
          [
            21.0546911,
            52.1949793
          ],
          [
            21.0547101,
            52.1949749
          ],
          [
            21.0547334,
            52.1949537
          ]
        ]
      },
      "id": "way/892862335"
    },
    {
      "type": "Feature",
      "properties": {
        "@id": "way/892862336",
        "highway": "cycleway",
        "surface": "asphalt",
        "width": "2"
      },
      "geometry": {
        "type": "LineString",
        "coordinates": [
          [
            21.0546435,
            52.1949654
          ],
          [
            21.0546707,
            52.1949766
          ],
          [
            21.0546911,
            52.1949793
          ]
        ]
      },
      "id": "way/892862336"
    },
    {
      "type": "Feature",
      "properties": {
        "@id": "way/892862339",
        "cycleway": "crossing",
        "highway": "cycleway",
        "surface": "paved"
      },
      "geometry": {
        "type": "LineString",
        "coordinates": [
          [
            21.0550441,
            52.1945848
          ],
          [
            21.0550722,
            52.1945591
          ],
          [
            21.0550991,
            52.1945345
          ]
        ]
      },
      "id": "way/892862339"
    },
    {
      "type": "Feature",
      "properties": {
        "@id": "way/892862340",
        "highway": "cycleway",
        "surface": "asphalt"
      },
      "geometry": {
        "type": "LineString",
        "coordinates": [
          [
            21.0538739,
            52.1956932
          ],
          [
            21.0541104,
            52.1953915
          ],
          [
            21.0541462,
            52.1953519
          ],
          [
            21.0541854,
            52.1953166
          ],
          [
            21.0544612,
            52.1950805
          ],
          [
            21.0545199,
            52.1950536
          ],
          [
            21.0545785,
            52.1950249
          ],
          [
            21.0546435,
            52.1949654
          ],
          [
            21.0546807,
            52.1949314
          ],
          [
            21.0550031,
            52.1946365
          ],
          [
            21.0550441,
            52.1945848
          ]
        ]
      },
      "id": "way/892862340"
    },
    {
      "type": "Feature",
      "properties": {
        "@id": "way/892862345",
        "cycleway": "crossing",
        "highway": "cycleway",
        "surface": "asphalt"
      },
      "geometry": {
        "type": "LineString",
        "coordinates": [
          [
            21.0538087,
            52.1957584
          ],
          [
            21.053841,
            52.1957261
          ],
          [
            21.0538739,
            52.1956932
          ]
        ]
      },
      "id": "way/892862345"
    },
    {
      "type": "Feature",
      "properties": {
        "@id": "way/892862346",
        "highway": "cycleway",
        "surface": "asphalt"
      },
      "geometry": {
        "type": "LineString",
        "coordinates": [
          [
            21.0536798,
            52.1958928
          ],
          [
            21.0538087,
            52.1957584
          ]
        ]
      },
      "id": "way/892862346"
    },
    {
      "type": "Feature",
      "properties": {
        "@id": "way/892862347",
        "cycleway": "crossing",
        "highway": "cycleway",
        "surface": "asphalt"
      },
      "geometry": {
        "type": "LineString",
        "coordinates": [
          [
            21.0536257,
            52.1959543
          ],
          [
            21.0536571,
            52.1959185
          ],
          [
            21.0536798,
            52.1958928
          ]
        ]
      },
      "id": "way/892862347"
    },
    {
      "type": "Feature",
      "properties": {
        "@id": "way/892862348",
        "highway": "cycleway",
        "surface": "asphalt"
      },
      "geometry": {
        "type": "LineString",
        "coordinates": [
          [
            21.05248,
            52.1975877
          ],
          [
            21.0524932,
            52.1975678
          ],
          [
            21.0525227,
            52.1975337
          ],
          [
            21.0525439,
            52.1975092
          ],
          [
            21.0525697,
            52.197472
          ],
          [
            21.0531498,
            52.1966256
          ],
          [
            21.0531919,
            52.196577
          ],
          [
            21.0533238,
            52.1964617
          ],
          [
            21.0533672,
            52.1964147
          ],
          [
            21.0534018,
            52.1963647
          ],
          [
            21.0535412,
            52.1960854
          ],
          [
            21.0535847,
            52.1960148
          ],
          [
            21.0536257,
            52.1959543
          ]
        ]
      },
      "id": "way/892862348"
    },
    {
      "type": "Feature",
      "properties": {
        "@id": "way/892862349",
        "highway": "cycleway",
        "surface": "asphalt"
      },
      "geometry": {
        "type": "LineString",
        "coordinates": [
          [
            21.0524835,
            52.1974888
          ],
          [
            21.0525021,
            52.1975081
          ],
          [
            21.0525227,
            52.1975337
          ],
          [
            21.0525416,
            52.1975572
          ],
          [
            21.0525636,
            52.1975735
          ],
          [
            21.0526164,
            52.1976105
          ],
          [
            21.0526577,
            52.1976405
          ]
        ]
      },
      "id": "way/892862349"
    },
    {
      "type": "Feature",
      "properties": {
        "@id": "way/892862350",
        "cycleway": "crossing",
        "highway": "cycleway",
        "surface": "asphalt"
      },
      "geometry": {
        "type": "LineString",
        "coordinates": [
          [
            21.0524075,
            52.1976994
          ],
          [
            21.0524415,
            52.197647
          ],
          [
            21.05248,
            52.1975877
          ]
        ]
      },
      "id": "way/892862350"
    },
    {
      "type": "Feature",
      "properties": {
        "@id": "way/892862351",
        "highway": "cycleway",
        "lit": "no",
        "surface": "asphalt"
      },
      "geometry": {
        "type": "LineString",
        "coordinates": [
          [
            21.0520195,
            52.1981971
          ],
          [
            21.0524075,
            52.1976994
          ]
        ]
      },
      "id": "way/892862351"
    },
    {
      "type": "Feature",
      "properties": {
        "@id": "way/892862355",
        "cycleway": "crossing",
        "highway": "cycleway",
        "surface": "asphalt"
      },
      "geometry": {
        "type": "LineString",
        "coordinates": [
          [
            21.0523154,
            52.1973266
          ],
          [
            21.0524012,
            52.1974094
          ],
          [
            21.0524835,
            52.1974888
          ]
        ]
      },
      "id": "way/892862355"
    },
    {
      "type": "Feature",
      "properties": {
        "@id": "way/892862356",
        "highway": "cycleway",
        "surface": "asphalt"
      },
      "geometry": {
        "type": "LineString",
        "coordinates": [
          [
            21.0519465,
            52.1968267
          ],
          [
            21.0519876,
            52.196867
          ],
          [
            21.0520642,
            52.1969537
          ],
          [
            21.0521479,
            52.197056
          ],
          [
            21.0521669,
            52.197087
          ],
          [
            21.0522544,
            52.1972593
          ],
          [
            21.0522804,
            52.197295
          ],
          [
            21.0523154,
            52.1973266
          ]
        ]
      },
      "id": "way/892862356"
    },
    {
      "type": "Feature",
      "properties": {
        "@id": "way/892862359",
        "cycleway": "crossing",
        "highway": "cycleway",
        "surface": "asphalt"
      },
      "geometry": {
        "type": "LineString",
        "coordinates": [
          [
            21.0518707,
            52.1967751
          ],
          [
            21.0519078,
            52.1968001
          ],
          [
            21.0519465,
            52.1968267
          ]
        ]
      },
      "id": "way/892862359"
    },
    {
      "type": "Feature",
      "properties": {
        "@id": "way/892862361",
        "cycleway": "crossing",
        "highway": "cycleway",
        "surface": "asphalt"
      },
      "geometry": {
        "type": "LineString",
        "coordinates": [
          [
            21.0515274,
            52.1968712
          ],
          [
            21.0515801,
            52.1968321
          ],
          [
            21.0516354,
            52.1967911
          ],
          [
            21.0516652,
            52.196769
          ]
        ]
      },
      "id": "way/892862361"
    },
    {
      "type": "Feature",
      "properties": {
        "@id": "way/892862364",
        "highway": "cycleway",
        "surface": "asphalt"
      },
      "geometry": {
        "type": "LineString",
        "coordinates": [
          [
            21.0515681,
            52.1965964
          ],
          [
            21.0516393,
            52.1966649
          ],
          [
            21.0516842,
            52.1966901
          ],
          [
            21.0517453,
            52.1967107
          ],
          [
            21.0518707,
            52.1967751
          ]
        ]
      },
      "id": "way/892862364"
    },
    {
      "type": "Feature",
      "properties": {
        "@id": "way/892862366",
        "cycleway": "crossing",
        "highway": "cycleway",
        "surface": "asphalt"
      },
      "geometry": {
        "type": "LineString",
        "coordinates": [
          [
            21.0534386,
            52.1953025
          ],
          [
            21.053457,
            52.1952864
          ],
          [
            21.0535066,
            52.1952433
          ],
          [
            21.0535229,
            52.1952291
          ]
        ]
      },
      "id": "way/892862366"
    },
    {
      "type": "Feature",
      "properties": {
        "@id": "way/892862368",
        "highway": "cycleway",
        "surface": "asphalt"
      },
      "geometry": {
        "type": "LineString",
        "coordinates": [
          [
            21.0516652,
            52.196769
          ],
          [
            21.0517453,
            52.1967107
          ],
          [
            21.0518245,
            52.1966684
          ],
          [
            21.0518758,
            52.1966387
          ],
          [
            21.0519156,
            52.1966059
          ],
          [
            21.0522989,
            52.1962595
          ],
          [
            21.0523749,
            52.1961969
          ],
          [
            21.0525512,
            52.1960389
          ],
          [
            21.0526063,
            52.1960057
          ],
          [
            21.0526791,
            52.195962
          ],
          [
            21.0534052,
            52.1953282
          ],
          [
            21.0534386,
            52.1953025
          ]
        ]
      },
      "id": "way/892862368"
    },
    {
      "type": "Feature",
      "properties": {
        "@id": "way/893002209",
        "highway": "residential",
        "maxspeed": "30",
        "maxspeed:type": "sign",
        "name": "Morszyńska",
        "oneway": "yes",
        "oneway:bicycle": "no",
        "surface": "paving_stones",
        "wikidata": "Q106961333"
      },
      "geometry": {
        "type": "LineString",
        "coordinates": [
          [
            21.0684605,
            52.1816636
          ],
          [
            21.0684203,
            52.1816293
          ],
          [
            21.0683195,
            52.1815497
          ],
          [
            21.0679703,
            52.1813416
          ],
          [
            21.0678467,
            52.1812756
          ],
          [
            21.067693,
            52.1812089
          ],
          [
            21.0666182,
            52.1808831
          ]
        ]
      },
      "id": "way/893002209"
    },
    {
      "type": "Feature",
      "properties": {
        "@id": "way/893162291",
        "cycleway": "crossing",
        "highway": "cycleway",
        "surface": "asphalt"
      },
      "geometry": {
        "type": "LineString",
        "coordinates": [
          [
            21.0510578,
            52.1974659
          ],
          [
            21.0511061,
            52.1974322
          ],
          [
            21.0511414,
            52.1974075
          ]
        ]
      },
      "id": "way/893162291"
    },
    {
      "type": "Feature",
      "properties": {
        "@id": "way/893162299",
        "highway": "cycleway",
        "surface": "asphalt"
      },
      "geometry": {
        "type": "LineString",
        "coordinates": [
          [
            21.050883,
            52.1974442
          ],
          [
            21.050926,
            52.197507
          ],
          [
            21.0509734,
            52.1975748
          ],
          [
            21.0509934,
            52.1976035
          ],
          [
            21.0510161,
            52.1976232
          ]
        ]
      },
      "id": "way/893162299"
    },
    {
      "type": "Feature",
      "properties": {
        "@id": "way/893162300",
        "highway": "cycleway",
        "surface": "asphalt"
      },
      "geometry": {
        "type": "LineString",
        "coordinates": [
          [
            21.050926,
            52.197507
          ],
          [
            21.0510124,
            52.1974833
          ],
          [
            21.0510578,
            52.1974659
          ]
        ]
      },
      "id": "way/893162300"
    },
    {
      "type": "Feature",
      "properties": {
        "@id": "way/893162302",
        "cycleway": "crossing",
        "highway": "cycleway",
        "surface": "asphalt"
      },
      "geometry": {
        "type": "LineString",
        "coordinates": [
          [
            21.0510161,
            52.1976232
          ],
          [
            21.0511357,
            52.1976897
          ],
          [
            21.0512556,
            52.1977564
          ]
        ]
      },
      "id": "way/893162302"
    },
    {
      "type": "Feature",
      "properties": {
        "@id": "way/893162304",
        "highway": "cycleway",
        "surface": "asphalt"
      },
      "geometry": {
        "type": "LineString",
        "coordinates": [
          [
            21.0512556,
            52.1977564
          ],
          [
            21.0515068,
            52.1979236
          ],
          [
            21.0516856,
            52.1980839
          ],
          [
            21.0517872,
            52.1981795
          ]
        ]
      },
      "id": "way/893162304"
    },
    {
      "type": "Feature",
      "properties": {
        "@id": "way/893162305",
        "highway": "cycleway",
        "lit": "yes",
        "surface": "asphalt"
      },
      "geometry": {
        "type": "LineString",
        "coordinates": [
          [
            21.0517862,
            52.1986379
          ],
          [
            21.051848,
            52.1986458
          ],
          [
            21.0518904,
            52.1986546
          ],
          [
            21.0519257,
            52.1986702
          ],
          [
            21.0519561,
            52.1986902
          ]
        ]
      },
      "id": "way/893162305"
    },
    {
      "type": "Feature",
      "properties": {
        "@id": "way/893162308",
        "highway": "cycleway",
        "lit": "yes",
        "surface": "asphalt"
      },
      "geometry": {
        "type": "LineString",
        "coordinates": [
          [
            21.0519081,
            52.1984185
          ],
          [
            21.051898,
            52.1984445
          ],
          [
            21.0517985,
            52.1986083
          ],
          [
            21.0517862,
            52.1986379
          ],
          [
            21.0517659,
            52.1987027
          ],
          [
            21.0517581,
            52.1987286
          ],
          [
            21.0514808,
            52.1991519
          ],
          [
            21.0512873,
            52.1994439
          ],
          [
            21.0511281,
            52.1996881
          ]
        ]
      },
      "id": "way/893162308"
    },
    {
      "type": "Feature",
      "properties": {
        "@id": "way/893162310",
        "highway": "cycleway",
        "surface": "asphalt"
      },
      "geometry": {
        "type": "LineString",
        "coordinates": [
          [
            21.0519604,
            52.1982705
          ],
          [
            21.0519424,
            52.1982923
          ],
          [
            21.0519241,
            52.1983149
          ],
          [
            21.0519165,
            52.1983281
          ],
          [
            21.0519102,
            52.1983456
          ]
        ]
      },
      "id": "way/893162310"
    },
    {
      "type": "Feature",
      "properties": {
        "@id": "way/893162311",
        "highway": "cycleway",
        "surface": "asphalt"
      },
      "geometry": {
        "type": "LineString",
        "coordinates": [
          [
            21.0519102,
            52.1982693
          ],
          [
            21.0519424,
            52.1982923
          ]
        ]
      },
      "id": "way/893162311"
    },
    {
      "type": "Feature",
      "properties": {
        "@id": "way/893162314",
        "cycleway": "crossing",
        "highway": "cycleway",
        "lit": "yes",
        "surface": "asphalt"
      },
      "geometry": {
        "type": "LineString",
        "coordinates": [
          [
            21.0519102,
            52.1983456
          ],
          [
            21.0519091,
            52.198382
          ],
          [
            21.0519081,
            52.1984185
          ]
        ]
      },
      "id": "way/893162314"
    },
    {
      "type": "Feature",
      "properties": {
        "@id": "way/893162315",
        "cycleway": "crossing",
        "highway": "cycleway",
        "surface": "asphalt"
      },
      "geometry": {
        "type": "LineString",
        "coordinates": [
          [
            21.0517872,
            52.1981795
          ],
          [
            21.051843,
            52.1982202
          ],
          [
            21.0518976,
            52.1982601
          ],
          [
            21.0519102,
            52.1982693
          ]
        ]
      },
      "id": "way/893162315"
    },
    {
      "type": "Feature",
      "properties": {
        "@id": "way/893162316",
        "cycleway": "crossing",
        "highway": "cycleway",
        "lit": "yes",
        "surface": "asphalt"
      },
      "geometry": {
        "type": "LineString",
        "coordinates": [
          [
            21.0519604,
            52.1982705
          ],
          [
            21.0519932,
            52.1982295
          ],
          [
            21.0520195,
            52.1981971
          ]
        ]
      },
      "id": "way/893162316"
    },
    {
      "type": "Feature",
      "properties": {
        "@id": "way/893175792",
        "highway": "cycleway",
        "smoothness": "excellent",
        "surface": "asphalt"
      },
      "geometry": {
        "type": "LineString",
        "coordinates": [
          [
            21.0473865,
            52.1902502
          ],
          [
            21.0474175,
            52.1902937
          ],
          [
            21.0474343,
            52.1903173
          ],
          [
            21.0474514,
            52.1903435
          ],
          [
            21.0474602,
            52.1903622
          ],
          [
            21.0474678,
            52.190382
          ],
          [
            21.0474751,
            52.1904096
          ],
          [
            21.0474829,
            52.1904321
          ],
          [
            21.0475699,
            52.1906473
          ],
          [
            21.0475836,
            52.1906941
          ]
        ]
      },
      "id": "way/893175792"
    },
    {
      "type": "Feature",
      "properties": {
        "@id": "way/893175793",
        "bicycle": "designated",
        "foot": "designated",
        "highway": "path",
        "segregated": "no",
        "surface": "paving_stones"
      },
      "geometry": {
        "type": "LineString",
        "coordinates": [
          [
            21.0478143,
            52.1912774
          ],
          [
            21.0479548,
            52.1916178
          ],
          [
            21.0480169,
            52.1917594
          ],
          [
            21.0480832,
            52.1919107
          ]
        ]
      },
      "id": "way/893175793"
    },
    {
      "type": "Feature",
      "properties": {
        "@id": "way/893175794",
        "bicycle": "designated",
        "foot": "designated",
        "highway": "path",
        "path": "crossing",
        "segregated": "no",
        "surface": "asphalt"
      },
      "geometry": {
        "type": "LineString",
        "coordinates": [
          [
            21.0477911,
            52.191219
          ],
          [
            21.0478021,
            52.1912481
          ],
          [
            21.0478143,
            52.1912774
          ]
        ]
      },
      "id": "way/893175794"
    },
    {
      "type": "Feature",
      "properties": {
        "@id": "way/893175798",
        "highway": "cycleway",
        "surface": "paving_stones"
      },
      "geometry": {
        "type": "LineString",
        "coordinates": [
          [
            21.0500216,
            52.1949942
          ],
          [
            21.0500137,
            52.1950257
          ]
        ]
      },
      "id": "way/893175798"
    },
    {
      "type": "Feature",
      "properties": {
        "@id": "way/893175801",
        "highway": "cycleway",
        "surface": "paving_stones"
      },
      "geometry": {
        "type": "LineString",
        "coordinates": [
          [
            21.0499124,
            52.1949986
          ],
          [
            21.0500137,
            52.1950257
          ]
        ]
      },
      "id": "way/893175801"
    },
    {
      "type": "Feature",
      "properties": {
        "@id": "way/893416375",
        "crossing": "traffic_signals",
        "cycleway": "crossing",
        "highway": "cycleway",
        "surface": "asphalt"
      },
      "geometry": {
        "type": "LineString",
        "coordinates": [
          [
            21.04926,
            52.1953473
          ],
          [
            21.0492776,
            52.1953726
          ],
          [
            21.0492957,
            52.1953988
          ]
        ]
      },
      "id": "way/893416375"
    },
    {
      "type": "Feature",
      "properties": {
        "@id": "way/893416376",
        "cycleway": "traffic_island",
        "highway": "cycleway",
        "surface": "paving_stones"
      },
      "geometry": {
        "type": "LineString",
        "coordinates": [
          [
            21.0491995,
            52.1952587
          ],
          [
            21.04926,
            52.1953473
          ]
        ]
      },
      "id": "way/893416376"
    },
    {
      "type": "Feature",
      "properties": {
        "@id": "way/893416378",
        "crossing": "traffic_signals",
        "cycleway": "crossing",
        "highway": "cycleway",
        "surface": "asphalt"
      },
      "geometry": {
        "type": "LineString",
        "coordinates": [
          [
            21.0491365,
            52.1951602
          ],
          [
            21.0491487,
            52.1951793
          ],
          [
            21.0491788,
            52.1952264
          ],
          [
            21.0491995,
            52.1952587
          ]
        ]
      },
      "id": "way/893416378"
    },
    {
      "type": "Feature",
      "properties": {
        "@id": "way/893416381",
        "highway": "cycleway",
        "surface": "paving_stones"
      },
      "geometry": {
        "type": "LineString",
        "coordinates": [
          [
            21.0487007,
            52.1943279
          ],
          [
            21.0487126,
            52.1943459
          ],
          [
            21.0487449,
            52.1944663
          ],
          [
            21.0488782,
            52.194681
          ],
          [
            21.0490123,
            52.1948971
          ],
          [
            21.0491254,
            52.1950217
          ],
          [
            21.0491695,
            52.1950704
          ],
          [
            21.0491301,
            52.1951289
          ],
          [
            21.0491294,
            52.1951395
          ],
          [
            21.0491365,
            52.1951602
          ]
        ]
      },
      "id": "way/893416381"
    },
    {
      "type": "Feature",
      "properties": {
        "@id": "way/893416383",
        "cycleway": "crossing",
        "highway": "cycleway",
        "surface": "asphalt"
      },
      "geometry": {
        "type": "LineString",
        "coordinates": [
          [
            21.0492216,
            52.1950098
          ],
          [
            21.0492724,
            52.1949979
          ],
          [
            21.0493194,
            52.1949869
          ]
        ]
      },
      "id": "way/893416383"
    },
    {
      "type": "Feature",
      "properties": {
        "@id": "way/893416384",
        "highway": "cycleway",
        "surface": "paving_stones"
      },
      "geometry": {
        "type": "LineString",
        "coordinates": [
          [
            21.0491695,
            52.1950704
          ],
          [
            21.0491984,
            52.1950267
          ],
          [
            21.0492216,
            52.1950098
          ]
        ]
      },
      "id": "way/893416384"
    },
    {
      "type": "Feature",
      "properties": {
        "@id": "way/893416388",
        "cycleway": "crossing",
        "highway": "cycleway",
        "surface": "asphalt"
      },
      "geometry": {
        "type": "LineString",
        "coordinates": [
          [
            21.0498176,
            52.1950228
          ],
          [
            21.0498646,
            52.1950108
          ],
          [
            21.0499124,
            52.1949986
          ]
        ]
      },
      "id": "way/893416388"
    },
    {
      "type": "Feature",
      "properties": {
        "@id": "way/893800428",
        "cycleway": "crossing",
        "highway": "cycleway",
        "surface": "asphalt"
      },
      "geometry": {
        "type": "LineString",
        "coordinates": [
          [
            21.0507325,
            52.2004109
          ],
          [
            21.0507213,
            52.2004355
          ],
          [
            21.0507073,
            52.2004661
          ]
        ]
      },
      "id": "way/893800428"
    },
    {
      "type": "Feature",
      "properties": {
        "@id": "way/893800429",
        "highway": "cycleway",
        "surface": "asphalt"
      },
      "geometry": {
        "type": "LineString",
        "coordinates": [
          [
            21.0510978,
            52.1997343
          ],
          [
            21.0510114,
            52.1998645
          ],
          [
            21.0509839,
            52.1999052
          ],
          [
            21.0509554,
            52.1999391
          ],
          [
            21.0509436,
            52.1999578
          ],
          [
            21.0507325,
            52.2004109
          ]
        ]
      },
      "id": "way/893800429"
    },
    {
      "type": "Feature",
      "properties": {
        "@id": "way/893800430",
        "cycleway": "crossing",
        "highway": "cycleway",
        "surface": "asphalt"
      },
      "geometry": {
        "type": "LineString",
        "coordinates": [
          [
            21.0511281,
            52.1996881
          ],
          [
            21.0511125,
            52.1997121
          ],
          [
            21.0510978,
            52.1997343
          ]
        ]
      },
      "id": "way/893800430"
    },
    {
      "type": "Feature",
      "properties": {
        "@id": "way/893800436",
        "cycleway": "crossing",
        "highway": "cycleway",
        "surface": "asphalt"
      },
      "geometry": {
        "type": "LineString",
        "coordinates": [
          [
            21.0500799,
            52.2022888
          ],
          [
            21.0499992,
            52.2022799
          ],
          [
            21.0499054,
            52.2022709
          ]
        ]
      },
      "id": "way/893800436"
    },
    {
      "type": "Feature",
      "properties": {
        "@id": "way/893800438",
        "highway": "cycleway",
        "surface": "asphalt"
      },
      "geometry": {
        "type": "LineString",
        "coordinates": [
          [
            21.0499054,
            52.2022709
          ],
          [
            21.0497184,
            52.2022695
          ]
        ]
      },
      "id": "way/893800438"
    },
    {
      "type": "Feature",
      "properties": {
        "@id": "way/893800439",
        "cycleway": "crossing",
        "highway": "cycleway",
        "surface": "asphalt"
      },
      "geometry": {
        "type": "LineString",
        "coordinates": [
          [
            21.0497184,
            52.2022695
          ],
          [
            21.0496284,
            52.2022592
          ],
          [
            21.0495505,
            52.20225
          ]
        ]
      },
      "id": "way/893800439"
    },
    {
      "type": "Feature",
      "properties": {
        "@id": "way/893800442",
        "highway": "cycleway",
        "surface": "asphalt",
        "width": "3"
      },
      "geometry": {
        "type": "LineString",
        "coordinates": [
          [
            21.0493588,
            52.2025562
          ],
          [
            21.0493494,
            52.2025862
          ]
        ]
      },
      "id": "way/893800442"
    },
    {
      "type": "Feature",
      "properties": {
        "@id": "way/893800443",
        "highway": "cycleway",
        "surface": "asphalt",
        "width": "3"
      },
      "geometry": {
        "type": "LineString",
        "coordinates": [
          [
            21.0494052,
            52.2024066
          ],
          [
            21.0493817,
            52.2024889
          ]
        ]
      },
      "id": "way/893800443"
    },
    {
      "type": "Feature",
      "properties": {
        "@id": "way/893800444",
        "cycleway": "crossing",
        "highway": "cycleway",
        "surface": "asphalt",
        "width": "3"
      },
      "geometry": {
        "type": "LineString",
        "coordinates": [
          [
            21.0493817,
            52.2024889
          ],
          [
            21.0493707,
            52.2025212
          ],
          [
            21.0493588,
            52.2025562
          ]
        ]
      },
      "id": "way/893800444"
    },
    {
      "type": "Feature",
      "properties": {
        "@id": "way/893800446",
        "highway": "cycleway",
        "surface": "asphalt",
        "width": "3"
      },
      "geometry": {
        "type": "LineString",
        "coordinates": [
          [
            21.0495505,
            52.20225
          ],
          [
            21.0494954,
            52.2022505
          ],
          [
            21.0494368,
            52.2022567
          ],
          [
            21.0494217,
            52.2023074
          ]
        ]
      },
      "id": "way/893800446"
    },
    {
      "type": "Feature",
      "properties": {
        "@id": "way/893800447",
        "highway": "cycleway",
        "surface": "asphalt"
      },
      "geometry": {
        "type": "LineString",
        "coordinates": [
          [
            21.0502457,
            52.2023054
          ],
          [
            21.0501798,
            52.2022988
          ],
          [
            21.0500799,
            52.2022888
          ]
        ]
      },
      "id": "way/893800447"
    },
    {
      "type": "Feature",
      "properties": {
        "@id": "way/896312192",
        "description": "37KD(D)",
        "highway": "residential",
        "maxspeed": "30",
        "name": "Adama Borkiewicza",
        "source:maxspeed": "PL:zone30"
      },
      "geometry": {
        "type": "LineString",
        "coordinates": [
          [
            21.0638469,
            52.204449
          ],
          [
            21.0641104,
            52.2043146
          ],
          [
            21.0643087,
            52.2042135
          ],
          [
            21.0644654,
            52.2041245
          ],
          [
            21.0645893,
            52.2040379
          ],
          [
            21.0648416,
            52.2038323
          ],
          [
            21.0651029,
            52.203612
          ]
        ]
      },
      "id": "way/896312192"
    },
    {
      "type": "Feature",
      "properties": {
        "@id": "way/906329200",
        "highway": "living_street",
        "maxspeed": "20",
        "name": "Melomanów"
      },
      "geometry": {
        "type": "LineString",
        "coordinates": [
          [
            21.0522898,
            52.2058746
          ],
          [
            21.0522958,
            52.2058512
          ],
          [
            21.0523162,
            52.2057712
          ],
          [
            21.0523391,
            52.2057475
          ],
          [
            21.0523956,
            52.2057356
          ],
          [
            21.0537021,
            52.2058591
          ],
          [
            21.0537394,
            52.2058626
          ]
        ]
      },
      "id": "way/906329200"
    },
    {
      "type": "Feature",
      "properties": {
        "@id": "way/916904161",
        "highway": "cycleway",
        "surface": "asphalt"
      },
      "geometry": {
        "type": "LineString",
        "coordinates": [
          [
            21.0687784,
            52.1810262
          ],
          [
            21.0688479,
            52.1810734
          ],
          [
            21.0689869,
            52.1811327
          ],
          [
            21.0690214,
            52.1811021
          ]
        ]
      },
      "id": "way/916904161"
    },
    {
      "type": "Feature",
      "properties": {
        "@id": "way/932952618",
        "crossing": "traffic_signals",
        "crossing:markings": "dots",
        "cycleway": "crossing",
        "highway": "cycleway",
        "surface": "asphalt"
      },
      "geometry": {
        "type": "LineString",
        "coordinates": [
          [
            21.0489569,
            52.207195
          ],
          [
            21.0489424,
            52.2072578
          ],
          [
            21.048926,
            52.2073292
          ]
        ]
      },
      "id": "way/932952618"
    },
    {
      "type": "Feature",
      "properties": {
        "@id": "way/932952619",
        "highway": "cycleway",
        "surface": "asphalt"
      },
      "geometry": {
        "type": "LineString",
        "coordinates": [
          [
            21.0489749,
            52.2071119
          ],
          [
            21.0489569,
            52.207195
          ]
        ]
      },
      "id": "way/932952619"
    },
    {
      "type": "Feature",
      "properties": {
        "@id": "way/932952622",
        "crossing": "traffic_signals",
        "crossing:markings": "dots",
        "cycleway": "crossing",
        "highway": "cycleway",
        "surface": "asphalt"
      },
      "geometry": {
        "type": "LineString",
        "coordinates": [
          [
            21.0490028,
            52.2070112
          ],
          [
            21.0489867,
            52.2070693
          ],
          [
            21.0489749,
            52.2071119
          ]
        ]
      },
      "id": "way/932952622"
    },
    {
      "type": "Feature",
      "properties": {
        "@id": "way/932952636",
        "highway": "cycleway",
        "lit": "no",
        "surface": "asphalt",
        "width": "2"
      },
      "geometry": {
        "type": "LineString",
        "coordinates": [
          [
            21.0502457,
            52.2023054
          ],
          [
            21.0502281,
            52.2023651
          ],
          [
            21.0501779,
            52.2024105
          ],
          [
            21.0501366,
            52.2024483
          ],
          [
            21.0501187,
            52.2024716
          ],
          [
            21.0501073,
            52.2024954
          ],
          [
            21.0499518,
            52.2030575
          ],
          [
            21.0498694,
            52.2034118
          ],
          [
            21.0498648,
            52.2034565
          ],
          [
            21.0498615,
            52.2035146
          ],
          [
            21.0498596,
            52.2035364
          ],
          [
            21.0498527,
            52.203562
          ],
          [
            21.0498094,
            52.2037217
          ],
          [
            21.0497728,
            52.2038497
          ],
          [
            21.0497563,
            52.2038794
          ],
          [
            21.049727,
            52.2039069
          ],
          [
            21.0497094,
            52.203938
          ],
          [
            21.049187,
            52.2059065
          ],
          [
            21.0490935,
            52.206259
          ],
          [
            21.0490831,
            52.2062854
          ],
          [
            21.0490484,
            52.2063378
          ],
          [
            21.0490337,
            52.2063662
          ],
          [
            21.0490064,
            52.2064798
          ],
          [
            21.0490046,
            52.2065108
          ],
          [
            21.04901,
            52.2065519
          ],
          [
            21.0490084,
            52.2065859
          ],
          [
            21.0489616,
            52.2067845
          ],
          [
            21.0489615,
            52.2068157
          ],
          [
            21.0489839,
            52.2068726
          ],
          [
            21.04901,
            52.2069332
          ],
          [
            21.049015,
            52.2069472
          ],
          [
            21.0490157,
            52.2069551
          ],
          [
            21.0490028,
            52.2070112
          ]
        ]
      },
      "id": "way/932952636"
    },
    {
      "type": "Feature",
      "properties": {
        "@id": "way/953035139",
        "bicycle": "designated",
        "highway": "cycleway",
        "smoothness": "excellent",
        "surface": "asphalt"
      },
      "geometry": {
        "type": "LineString",
        "coordinates": [
          [
            21.0573488,
            52.1805976
          ],
          [
            21.0574323,
            52.1806316
          ],
          [
            21.0574509,
            52.1806392
          ],
          [
            21.0574659,
            52.1806436
          ],
          [
            21.0574898,
            52.1806722
          ]
        ]
      },
      "id": "way/953035139"
    },
    {
      "type": "Feature",
      "properties": {
        "@id": "way/958707568",
        "highway": "cycleway",
        "smoothness": "good",
        "surface": "asphalt"
      },
      "geometry": {
        "type": "LineString",
        "coordinates": [
          [
            21.048926,
            52.2073292
          ],
          [
            21.0489155,
            52.2073648
          ],
          [
            21.0489096,
            52.2073761
          ],
          [
            21.0488896,
            52.2074043
          ],
          [
            21.0488455,
            52.2074164
          ],
          [
            21.0488145,
            52.2074406
          ],
          [
            21.0487928,
            52.2074686
          ],
          [
            21.048774,
            52.2075051
          ],
          [
            21.0486837,
            52.2078201
          ],
          [
            21.0486693,
            52.207866
          ],
          [
            21.0486236,
            52.2080114
          ],
          [
            21.0486193,
            52.2080203
          ],
          [
            21.0486134,
            52.2080324
          ],
          [
            21.0485576,
            52.2080925
          ],
          [
            21.0485282,
            52.2081285
          ],
          [
            21.0485126,
            52.2081585
          ],
          [
            21.0484908,
            52.2082306
          ],
          [
            21.0484885,
            52.2082556
          ],
          [
            21.0484912,
            52.2082815
          ],
          [
            21.0484846,
            52.208311
          ],
          [
            21.0483118,
            52.2088829
          ],
          [
            21.0483118,
            52.2089075
          ],
          [
            21.0483167,
            52.2089309
          ],
          [
            21.048327,
            52.2089532
          ],
          [
            21.0483472,
            52.2089814
          ],
          [
            21.0483639,
            52.2090084
          ],
          [
            21.0483726,
            52.2090308
          ],
          [
            21.0483733,
            52.2090529
          ],
          [
            21.0483537,
            52.2091251
          ],
          [
            21.0483445,
            52.2091461
          ],
          [
            21.0483226,
            52.2091644
          ],
          [
            21.0482952,
            52.2091791
          ],
          [
            21.0482784,
            52.2091916
          ],
          [
            21.0482704,
            52.2092059
          ],
          [
            21.0482628,
            52.2092326
          ],
          [
            21.0482256,
            52.2093743
          ],
          [
            21.0482148,
            52.2093893
          ],
          [
            21.0481987,
            52.2094033
          ],
          [
            21.0481831,
            52.2094167
          ],
          [
            21.0481716,
            52.2094376
          ],
          [
            21.0476789,
            52.2113151
          ],
          [
            21.0476782,
            52.2113362
          ],
          [
            21.047683,
            52.2113554
          ],
          [
            21.0477197,
            52.2114062
          ],
          [
            21.0477423,
            52.2114374
          ],
          [
            21.0477472,
            52.2114569
          ],
          [
            21.0477438,
            52.2114786
          ],
          [
            21.0477406,
            52.211487
          ],
          [
            21.0477309,
            52.2115126
          ]
        ]
      },
      "id": "way/958707568"
    },
    {
      "type": "Feature",
      "properties": {
        "@id": "way/965762193",
        "highway": "cycleway",
        "oneway": "yes",
        "surface": "asphalt"
      },
      "geometry": {
        "type": "LineString",
        "coordinates": [
          [
            21.0470036,
            52.1949293
          ],
          [
            21.0470894,
            52.1950135
          ],
          [
            21.0470918,
            52.1950715
          ],
          [
            21.0471032,
            52.1951049
          ],
          [
            21.0471163,
            52.1951205
          ],
          [
            21.0471336,
            52.1951254
          ],
          [
            21.0471561,
            52.1951336
          ],
          [
            21.047177,
            52.1951427
          ],
          [
            21.0471901,
            52.1951503
          ],
          [
            21.0472001,
            52.1951601
          ],
          [
            21.0472057,
            52.1951759
          ],
          [
            21.0472087,
            52.1951961
          ],
          [
            21.0472132,
            52.195226
          ],
          [
            21.0472166,
            52.1952635
          ]
        ]
      },
      "id": "way/965762193"
    },
    {
      "type": "Feature",
      "properties": {
        "@id": "way/965762194",
        "highway": "cycleway",
        "lit": "yes",
        "oneway": "yes",
        "surface": "asphalt"
      },
      "geometry": {
        "type": "LineString",
        "coordinates": [
          [
            21.0467275,
            52.195284
          ],
          [
            21.0467269,
            52.1952601
          ],
          [
            21.046725,
            52.1952341
          ],
          [
            21.0467285,
            52.1952122
          ],
          [
            21.0467344,
            52.1951957
          ],
          [
            21.0467427,
            52.1951812
          ],
          [
            21.0467565,
            52.1951679
          ],
          [
            21.0467793,
            52.1951535
          ],
          [
            21.0468259,
            52.1951312
          ],
          [
            21.0468435,
            52.1951212
          ],
          [
            21.0468546,
            52.1951103
          ],
          [
            21.0468632,
            52.1950983
          ],
          [
            21.0468675,
            52.1950881
          ],
          [
            21.0468645,
            52.1950021
          ],
          [
            21.0469073,
            52.194938
          ]
        ]
      },
      "id": "way/965762194"
    },
    {
      "type": "Feature",
      "properties": {
        "@id": "way/965762199",
        "crossing": "traffic_signals",
        "cycleway": "crossing",
        "highway": "cycleway",
        "lit": "yes",
        "surface": "asphalt"
      },
      "geometry": {
        "type": "LineString",
        "coordinates": [
          [
            21.0467495,
            52.1954246
          ],
          [
            21.0467458,
            52.1953886
          ],
          [
            21.0467412,
            52.1953425
          ]
        ]
      },
      "id": "way/965762199"
    },
    {
      "type": "Feature",
      "properties": {
        "@id": "way/965762201",
        "highway": "cycleway",
        "surface": "paving_stones"
      },
      "geometry": {
        "type": "LineString",
        "coordinates": [
          [
            21.043611,
            52.1953557
          ],
          [
            21.0462548,
            52.1952585
          ],
          [
            21.0462907,
            52.195259
          ],
          [
            21.0463246,
            52.1952608
          ],
          [
            21.0463566,
            52.1952661
          ],
          [
            21.0463936,
            52.195275
          ],
          [
            21.0464248,
            52.1952844
          ],
          [
            21.0464466,
            52.1952898
          ],
          [
            21.0464674,
            52.1952929
          ],
          [
            21.0464878,
            52.1952939
          ],
          [
            21.0466773,
            52.1952861
          ],
          [
            21.0467275,
            52.195284
          ],
          [
            21.046896,
            52.1952746
          ]
        ]
      },
      "id": "way/965762201"
    },
    {
      "type": "Feature",
      "properties": {
        "@id": "way/965762203",
        "highway": "cycleway"
      },
      "geometry": {
        "type": "LineString",
        "coordinates": [
          [
            21.0471554,
            52.19554
          ],
          [
            21.0471895,
            52.195538
          ],
          [
            21.0472465,
            52.1955328
          ],
          [
            21.0473075,
            52.1955296
          ],
          [
            21.0489077,
            52.1954822
          ],
          [
            21.0492575,
            52.1954369
          ],
          [
            21.049324,
            52.1954275
          ]
        ]
      },
      "id": "way/965762203"
    },
    {
      "type": "Feature",
      "properties": {
        "@id": "way/965762205",
        "highway": "cycleway",
        "lit": "yes",
        "smoothness": "excellent",
        "surface": "asphalt"
      },
      "geometry": {
        "type": "LineString",
        "coordinates": [
          [
            21.0416434,
            52.1956936
          ],
          [
            21.0415713,
            52.1956956
          ]
        ]
      },
      "id": "way/965762205"
    },
    {
      "type": "Feature",
      "properties": {
        "@id": "way/969643773",
        "crossing": "traffic_signals",
        "crossing:markings": "dots",
        "cycleway": "crossing",
        "highway": "cycleway",
        "lit": "yes",
        "smoothness": "excellent",
        "surface": "asphalt"
      },
      "geometry": {
        "type": "LineString",
        "coordinates": [
          [
            21.0314127,
            52.2068664
          ],
          [
            21.0314336,
            52.2068428
          ],
          [
            21.0314796,
            52.2067908
          ]
        ]
      },
      "id": "way/969643773"
    },
    {
      "type": "Feature",
      "properties": {
        "@id": "way/969643777",
        "highway": "cycleway",
        "lit": "yes",
        "smoothness": "good",
        "surface": "asphalt"
      },
      "geometry": {
        "type": "LineString",
        "coordinates": [
          [
            21.0313893,
            52.2068928
          ],
          [
            21.0314127,
            52.2068664
          ]
        ]
      },
      "id": "way/969643777"
    },
    {
      "type": "Feature",
      "properties": {
        "@id": "way/969643778",
        "crossing": "traffic_signals",
        "crossing:markings": "dots",
        "cycleway": "crossing",
        "highway": "cycleway",
        "lit": "yes",
        "smoothness": "excellent",
        "surface": "asphalt"
      },
      "geometry": {
        "type": "LineString",
        "coordinates": [
          [
            21.0313291,
            52.2069611
          ],
          [
            21.0313401,
            52.2069486
          ],
          [
            21.0313411,
            52.2069475
          ],
          [
            21.0313695,
            52.2069153
          ],
          [
            21.0313789,
            52.2069046
          ],
          [
            21.0313893,
            52.2068928
          ]
        ]
      },
      "id": "way/969643778"
    },
    {
      "type": "Feature",
      "properties": {
        "@id": "way/969643779",
        "highway": "cycleway",
        "lit": "yes",
        "smoothness": "excellent",
        "surface": "asphalt"
      },
      "geometry": {
        "type": "LineString",
        "coordinates": [
          [
            21.031311,
            52.2069818
          ],
          [
            21.0313291,
            52.2069611
          ]
        ]
      },
      "id": "way/969643779"
    },
    {
      "type": "Feature",
      "properties": {
        "@id": "way/969643783",
        "crossing": "traffic_signals",
        "crossing:markings": "dots",
        "cycleway": "crossing",
        "highway": "cycleway",
        "lit": "yes",
        "smoothness": "excellent",
        "surface": "asphalt"
      },
      "geometry": {
        "type": "LineString",
        "coordinates": [
          [
            21.0312151,
            52.2070902
          ],
          [
            21.0312647,
            52.207034
          ],
          [
            21.031311,
            52.2069818
          ]
        ]
      },
      "id": "way/969643783"
    },
    {
      "type": "Feature",
      "properties": {
        "@id": "way/969643784",
        "highway": "cycleway",
        "lit": "yes",
        "smoothness": "excellent",
        "surface": "asphalt"
      },
      "geometry": {
        "type": "LineString",
        "coordinates": [
          [
            21.0308285,
            52.2071392
          ],
          [
            21.0308471,
            52.2071408
          ],
          [
            21.0308685,
            52.2071409
          ],
          [
            21.03089,
            52.20714
          ],
          [
            21.0311356,
            52.207126
          ],
          [
            21.0311613,
            52.2071247
          ],
          [
            21.0311852,
            52.2071247
          ],
          [
            21.0312151,
            52.2070902
          ]
        ]
      },
      "id": "way/969643784"
    },
    {
      "type": "Feature",
      "properties": {
        "@id": "way/969643790",
        "crossing": "traffic_signals",
        "crossing:markings": "dots",
        "cycleway": "crossing",
        "highway": "cycleway",
        "lit": "yes",
        "smoothness": "excellent",
        "surface": "asphalt"
      },
      "geometry": {
        "type": "LineString",
        "coordinates": [
          [
            21.0306431,
            52.2071191
          ],
          [
            21.030547,
            52.2071081
          ],
          [
            21.0304816,
            52.2071014
          ]
        ]
      },
      "id": "way/969643790"
    },
    {
      "type": "Feature",
      "properties": {
        "@id": "way/969643791",
        "highway": "cycleway",
        "lit": "yes",
        "oneway": "no",
        "smoothness": "excellent",
        "surface": "asphalt",
        "width": "2"
      },
      "geometry": {
        "type": "LineString",
        "coordinates": [
          [
            21.0306782,
            52.2071228
          ],
          [
            21.0306431,
            52.2071191
          ]
        ]
      },
      "id": "way/969643791"
    },
    {
      "type": "Feature",
      "properties": {
        "@id": "way/969643792",
        "highway": "cycleway",
        "lit": "yes",
        "oneway": "no",
        "smoothness": "good",
        "surface": "asphalt",
        "width": "2"
      },
      "geometry": {
        "type": "LineString",
        "coordinates": [
          [
            21.0304816,
            52.2071014
          ],
          [
            21.0303951,
            52.2070919
          ]
        ]
      },
      "id": "way/969643792"
    },
    {
      "type": "Feature",
      "properties": {
        "@id": "way/969643793",
        "crossing": "traffic_signals",
        "crossing:markings": "dots",
        "cycleway": "crossing",
        "highway": "cycleway",
        "lit": "yes",
        "smoothness": "excellent",
        "surface": "asphalt"
      },
      "geometry": {
        "type": "LineString",
        "coordinates": [
          [
            21.0308285,
            52.2071392
          ],
          [
            21.0307339,
            52.2071289
          ],
          [
            21.0306782,
            52.2071228
          ]
        ]
      },
      "id": "way/969643793"
    },
    {
      "type": "Feature",
      "properties": {
        "@id": "way/969643794",
        "crossing": "traffic_signals",
        "crossing:markings": "dots",
        "cycleway": "crossing",
        "highway": "cycleway",
        "lit": "yes",
        "smoothness": "excellent",
        "surface": "asphalt"
      },
      "geometry": {
        "type": "LineString",
        "coordinates": [
          [
            21.0303244,
            52.2069109
          ],
          [
            21.0303103,
            52.2069442
          ],
          [
            21.0302814,
            52.2070115
          ]
        ]
      },
      "id": "way/969643794"
    },
    {
      "type": "Feature",
      "properties": {
        "@id": "way/969643795",
        "highway": "cycleway",
        "lit": "yes",
        "smoothness": "excellent",
        "surface": "asphalt"
      },
      "geometry": {
        "type": "LineString",
        "coordinates": [
          [
            21.0303381,
            52.206879
          ],
          [
            21.0303244,
            52.2069109
          ]
        ]
      },
      "id": "way/969643795"
    },
    {
      "type": "Feature",
      "properties": {
        "@id": "way/969643796",
        "highway": "cycleway",
        "lit": "yes",
        "smoothness": "excellent",
        "surface": "asphalt"
      },
      "geometry": {
        "type": "LineString",
        "coordinates": [
          [
            21.0304599,
            52.2065803
          ],
          [
            21.030444,
            52.2066318
          ]
        ]
      },
      "id": "way/969643796"
    },
    {
      "type": "Feature",
      "properties": {
        "@id": "way/969643797",
        "cycleway": "crossing",
        "highway": "cycleway",
        "lit": "yes",
        "smoothness": "excellent",
        "surface": "asphalt"
      },
      "geometry": {
        "type": "LineString",
        "coordinates": [
          [
            21.0311307,
            52.2066192
          ],
          [
            21.0311117,
            52.2066172
          ],
          [
            21.0310903,
            52.2066149
          ],
          [
            21.0310405,
            52.2066095
          ],
          [
            21.0310368,
            52.2066091
          ],
          [
            21.0310083,
            52.206606
          ]
        ]
      },
      "id": "way/969643797"
    },
    {
      "type": "Feature",
      "properties": {
        "@id": "way/969643799",
        "crossing": "traffic_signals",
        "crossing:markings": "dots",
        "cycleway": "crossing",
        "highway": "cycleway",
        "lit": "yes",
        "smoothness": "excellent",
        "surface": "asphalt"
      },
      "geometry": {
        "type": "LineString",
        "coordinates": [
          [
            21.0309541,
            52.2066001
          ],
          [
            21.0309033,
            52.2065946
          ],
          [
            21.0308384,
            52.2065877
          ]
        ]
      },
      "id": "way/969643799"
    },
    {
      "type": "Feature",
      "properties": {
        "@id": "way/969643800",
        "crossing": "traffic_signals",
        "crossing:markings": "dots",
        "cycleway": "crossing",
        "highway": "cycleway",
        "lit": "yes",
        "smoothness": "excellent",
        "surface": "asphalt"
      },
      "geometry": {
        "type": "LineString",
        "coordinates": [
          [
            21.0312677,
            52.2066339
          ],
          [
            21.0312172,
            52.2066285
          ],
          [
            21.0311307,
            52.2066192
          ]
        ]
      },
      "id": "way/969643800"
    },
    {
      "type": "Feature",
      "properties": {
        "@id": "way/969643807",
        "crossing": "traffic_signals",
        "crossing:markings": "dots",
        "cycleway": "crossing",
        "highway": "cycleway",
        "lit": "yes",
        "smoothness": "excellent",
        "surface": "asphalt"
      },
      "geometry": {
        "type": "LineString",
        "coordinates": [
          [
            21.0303833,
            52.2067737
          ],
          [
            21.0303761,
            52.2067904
          ],
          [
            21.0303575,
            52.2068339
          ],
          [
            21.0303469,
            52.2068584
          ],
          [
            21.0303439,
            52.2068654
          ],
          [
            21.0303381,
            52.206879
          ]
        ]
      },
      "id": "way/969643807"
    },
    {
      "type": "Feature",
      "properties": {
        "@id": "way/969643808",
        "highway": "cycleway",
        "lit": "yes",
        "smoothness": "good",
        "surface": "asphalt"
      },
      "geometry": {
        "type": "LineString",
        "coordinates": [
          [
            21.0308384,
            52.2065877
          ],
          [
            21.0307633,
            52.2065795
          ],
          [
            21.0306897,
            52.2065714
          ],
          [
            21.0306615,
            52.2065691
          ],
          [
            21.0306371,
            52.2065683
          ],
          [
            21.0306129,
            52.2065687
          ],
          [
            21.0305896,
            52.20657
          ],
          [
            21.0304599,
            52.2065803
          ]
        ]
      },
      "id": "way/969643808"
    },
    {
      "type": "Feature",
      "properties": {
        "@id": "way/975495641",
        "highway": "cycleway",
        "smoothness": "excellent",
        "surface": "asphalt",
        "width": "2"
      },
      "geometry": {
        "type": "LineString",
        "coordinates": [
          [
            21.0335825,
            52.203387
          ],
          [
            21.0335191,
            52.2029693
          ],
          [
            21.0335125,
            52.2029268
          ]
        ]
      },
      "id": "way/975495641"
    },
    {
      "type": "Feature",
      "properties": {
        "@id": "way/983699068",
        "highway": "residential",
        "lanes": "2",
        "lit": "yes",
        "maxspeed": "30",
        "name": "Bluszczańska",
        "sidewalk:left": "separate",
        "sidewalk:right": "no",
        "source:maxspeed": "sign",
        "surface": "paving_stones",
        "traffic_calming": "table",
        "wikidata": "Q110162521"
      },
      "geometry": {
        "type": "LineString",
        "coordinates": [
          [
            21.0729026,
            52.2093064
          ],
          [
            21.0730285,
            52.2092968
          ],
          [
            21.0731596,
            52.2092899
          ],
          [
            21.073317,
            52.2092846
          ],
          [
            21.073392,
            52.2092848
          ],
          [
            21.0734446,
            52.209288
          ],
          [
            21.0735475,
            52.2093072
          ]
        ]
      },
      "id": "way/983699068"
    },
    {
      "type": "Feature",
      "properties": {
        "@id": "way/983699069",
        "highway": "residential",
        "lane_markings": "no",
        "lanes": "2",
        "lit": "yes",
        "maxspeed": "30",
        "name": "Bluszczańska",
        "sidewalk:both": "separate",
        "source:maxspeed": "sign",
        "surface": "asphalt",
        "wikidata": "Q110162521"
      },
      "geometry": {
        "type": "LineString",
        "coordinates": [
          [
            21.0691979,
            52.2094233
          ],
          [
            21.0693556,
            52.2094407
          ],
          [
            21.0695471,
            52.2094501
          ],
          [
            21.0696884,
            52.2094521
          ],
          [
            21.0699892,
            52.2094499
          ],
          [
            21.0704007,
            52.209437
          ],
          [
            21.0707985,
            52.2094206
          ],
          [
            21.0709183,
            52.2094131
          ]
        ]
      },
      "id": "way/983699069"
    },
    {
      "type": "Feature",
      "properties": {
        "@id": "way/1005016293",
        "highway": "residential",
        "lanes": "2",
        "lit": "yes",
        "maxspeed": "30",
        "name": "Bluszczańska",
        "source:maxspeed": "sign",
        "surface": "paving_stones",
        "traffic_calming": "table",
        "wikidata": "Q110162521"
      },
      "geometry": {
        "type": "LineString",
        "coordinates": [
          [
            21.0735475,
            52.2093072
          ],
          [
            21.0736981,
            52.2093509
          ],
          [
            21.0737489,
            52.2093638
          ],
          [
            21.0737877,
            52.2093706
          ],
          [
            21.0738592,
            52.2093806
          ],
          [
            21.0739352,
            52.2093838
          ],
          [
            21.073985,
            52.2093799
          ],
          [
            21.0740301,
            52.2093728
          ],
          [
            21.0741666,
            52.2093482
          ]
        ]
      },
      "id": "way/1005016293"
    },
    {
      "type": "Feature",
      "properties": {
        "@id": "way/1022225925",
        "highway": "residential",
        "maxspeed": "30",
        "name": "Bluszczańska",
        "sidewalk:both": "separate",
        "source:maxspeed": "sign",
        "surface": "asphalt",
        "wikidata": "Q110162521"
      },
      "geometry": {
        "type": "LineString",
        "coordinates": [
          [
            21.0628318,
            52.2091234
          ],
          [
            21.0628973,
            52.2091297
          ],
          [
            21.0630572,
            52.2091455
          ]
        ]
      },
      "id": "way/1022225925"
    },
    {
      "type": "Feature",
      "properties": {
        "@id": "way/1027195310",
        "bicycle": "designated",
        "foot": "designated",
        "highway": "path",
        "segregated": "no",
        "surface": "paving_stones"
      },
      "geometry": {
        "type": "LineString",
        "coordinates": [
          [
            21.0486414,
            52.1928163
          ],
          [
            21.0483948,
            52.1924311
          ]
        ]
      },
      "id": "way/1027195310"
    },
    {
      "type": "Feature",
      "properties": {
        "@id": "way/1027195311",
        "bicycle": "designated",
        "foot": "designated",
        "highway": "path",
        "segregated": "no",
        "surface": "paving_stones"
      },
      "geometry": {
        "type": "LineString",
        "coordinates": [
          [
            21.0500216,
            52.1949942
          ],
          [
            21.0499853,
            52.1949373
          ],
          [
            21.0499077,
            52.1948155
          ]
        ]
      },
      "id": "way/1027195311"
    },
    {
      "type": "Feature",
      "properties": {
        "@id": "way/1027195312",
        "highway": "cycleway",
        "lit": "yes",
        "surface": "asphalt"
      },
      "geometry": {
        "type": "LineString",
        "coordinates": [
          [
            21.0685494,
            52.2034729
          ],
          [
            21.0686085,
            52.2034765
          ],
          [
            21.0686744,
            52.2034798
          ],
          [
            21.0697835,
            52.2035667
          ],
          [
            21.070803,
            52.2036354
          ],
          [
            21.0719692,
            52.2037604
          ],
          [
            21.0733295,
            52.2039125
          ],
          [
            21.0741797,
            52.2039878
          ],
          [
            21.0744988,
            52.204002
          ],
          [
            21.074539,
            52.2040023
          ]
        ]
      },
      "id": "way/1027195312"
    },
    {
      "type": "Feature",
      "properties": {
        "@id": "way/1027195313",
        "highway": "cycleway",
        "lit": "yes",
        "surface": "asphalt"
      },
      "geometry": {
        "type": "LineString",
        "coordinates": [
          [
            21.0678441,
            52.2033136
          ],
          [
            21.0678683,
            52.2033131
          ],
          [
            21.0679037,
            52.2033123
          ],
          [
            21.0679487,
            52.2033343
          ]
        ]
      },
      "id": "way/1027195313"
    },
    {
      "type": "Feature",
      "properties": {
        "@id": "way/1063362796",
        "crossing": "traffic_signals",
        "crossing:island": "no",
        "crossing:markings": "dots",
        "cycleway": "crossing",
        "highway": "cycleway",
        "lit": "yes",
        "smoothness": "excellent",
        "surface": "asphalt"
      },
      "geometry": {
        "type": "LineString",
        "coordinates": [
          [
            21.0451543,
            52.1828111
          ],
          [
            21.0452611,
            52.1828041
          ],
          [
            21.0453613,
            52.1827975
          ]
        ]
      },
      "id": "way/1063362796"
    },
    {
      "type": "Feature",
      "properties": {
        "@id": "way/1065959328",
        "foot": "no",
        "highway": "residential",
        "lanes": "2",
        "lit": "yes",
        "maxspeed": "30",
        "name": "Srebrnych Świerków",
        "oneway": "no",
        "sidewalk": "separate",
        "smoothness": "excellent",
        "surface": "asphalt"
      },
      "geometry": {
        "type": "LineString",
        "coordinates": [
          [
            21.0392609,
            52.1843714
          ],
          [
            21.039309,
            52.1843719
          ],
          [
            21.0396697,
            52.184376
          ],
          [
            21.0398762,
            52.1843782
          ],
          [
            21.0403573,
            52.1843842
          ],
          [
            21.0404562,
            52.1843841
          ],
          [
            21.0413456,
            52.1843906
          ],
          [
            21.0417984,
            52.1843936
          ]
        ]
      },
      "id": "way/1065959328"
    },
    {
      "type": "Feature",
      "properties": {
        "@id": "way/1066649424",
        "highway": "residential",
        "lanes": "2",
        "lit": "yes",
        "maxspeed": "30",
        "name": "Kiwi",
        "sidewalk:both": "separate",
        "smoothness": "excellent",
        "source:maxspeed": "PL:zone30",
        "surface": "asphalt"
      },
      "geometry": {
        "type": "LineString",
        "coordinates": [
          [
            21.0708426,
            52.2066593
          ],
          [
            21.0713664,
            52.2068701
          ],
          [
            21.0714661,
            52.2069102
          ],
          [
            21.0719508,
            52.2071053
          ],
          [
            21.0721209,
            52.2071754
          ],
          [
            21.0722246,
            52.2072237
          ]
        ]
      },
      "id": "way/1066649424"
    },
    {
      "type": "Feature",
      "properties": {
        "@id": "way/1080921693",
        "highway": "residential",
        "lit": "yes",
        "maxspeed": "30",
        "name": "Iwicka",
        "surface": "asphalt",
        "wikidata": "Q113557143"
      },
      "geometry": {
        "type": "LineString",
        "coordinates": [
          [
            21.0428792,
            52.202216
          ],
          [
            21.0428747,
            52.2022588
          ],
          [
            21.0428717,
            52.2022877
          ],
          [
            21.0428234,
            52.2027466
          ],
          [
            21.0427694,
            52.2032593
          ],
          [
            21.0427557,
            52.2033893
          ],
          [
            21.04275,
            52.2034435
          ],
          [
            21.0427118,
            52.2038064
          ]
        ]
      },
      "id": "way/1080921693"
    },
    {
      "type": "Feature",
      "properties": {
        "@id": "way/1080942195",
        "bicycle": "yes",
        "foot": "yes",
        "highway": "living_street",
        "maxspeed": "20",
        "name": "Jedwabnicza",
        "oneway": "no",
        "surface": "paving_stones",
        "wikidata": "Q123168722"
      },
      "geometry": {
        "type": "LineString",
        "coordinates": [
          [
            21.0440974,
            52.2014524
          ],
          [
            21.0445513,
            52.2014708
          ],
          [
            21.044598,
            52.2014727
          ]
        ]
      },
      "id": "way/1080942195"
    },
    {
      "type": "Feature",
      "properties": {
        "@id": "way/1084189065",
        "crossing": "traffic_signals",
        "crossing:markings": "dots",
        "cycleway": "crossing",
        "highway": "cycleway",
        "lit": "yes",
        "surface": "asphalt"
      },
      "geometry": {
        "type": "LineString",
        "coordinates": [
          [
            21.0562521,
            52.1815966
          ],
          [
            21.0562115,
            52.1815804
          ],
          [
            21.0561308,
            52.1815483
          ]
        ]
      },
      "id": "way/1084189065"
    },
    {
      "type": "Feature",
      "properties": {
        "@id": "way/1084189066",
        "highway": "cycleway",
        "lit": "yes",
        "surface": "paved"
      },
      "geometry": {
        "type": "LineString",
        "coordinates": [
          [
            21.0561308,
            52.1815483
          ],
          [
            21.0560987,
            52.1815355
          ],
          [
            21.0560802,
            52.1815281
          ],
          [
            21.0560743,
            52.1815258
          ],
          [
            21.0560298,
            52.181508
          ],
          [
            21.0560257,
            52.1815064
          ],
          [
            21.0560064,
            52.1814987
          ],
          [
            21.0559633,
            52.1814815
          ]
        ]
      },
      "id": "way/1084189066"
    },
    {
      "type": "Feature",
      "properties": {
        "@id": "way/1084189067",
        "highway": "cycleway",
        "lit": "yes",
        "surface": "asphalt"
      },
      "geometry": {
        "type": "LineString",
        "coordinates": [
          [
            21.0558824,
            52.1814493
          ],
          [
            21.0557622,
            52.1814026
          ]
        ]
      },
      "id": "way/1084189067"
    },
    {
      "type": "Feature",
      "properties": {
        "@id": "way/1084189068",
        "highway": "cycleway",
        "lit": "yes",
        "surface": "asphalt"
      },
      "geometry": {
        "type": "LineString",
        "coordinates": [
          [
            21.0563234,
            52.1816245
          ],
          [
            21.0562521,
            52.1815966
          ]
        ]
      },
      "id": "way/1084189068"
    },
    {
      "type": "Feature",
      "properties": {
        "@id": "way/1084189084",
        "highway": "cycleway",
        "lit": "yes",
        "smoothness": "intermediate",
        "surface": "paving_stones"
      },
      "geometry": {
        "type": "LineString",
        "coordinates": [
          [
            21.0556524,
            52.1814995
          ],
          [
            21.0557243,
            52.1814371
          ],
          [
            21.0557622,
            52.1814026
          ],
          [
            21.0558095,
            52.1813587
          ],
          [
            21.056064,
            52.1811175
          ],
          [
            21.0561935,
            52.180994
          ],
          [
            21.0562126,
            52.1809764
          ],
          [
            21.0562394,
            52.1809538
          ],
          [
            21.0562727,
            52.1809309
          ],
          [
            21.0563029,
            52.1809123
          ],
          [
            21.0563368,
            52.180893
          ],
          [
            21.0564778,
            52.1808109
          ],
          [
            21.056503,
            52.1807945
          ],
          [
            21.0565236,
            52.1807784
          ],
          [
            21.0573024,
            52.180044
          ],
          [
            21.0576832,
            52.1796842
          ],
          [
            21.0581784,
            52.1792123
          ],
          [
            21.0581915,
            52.179197
          ],
          [
            21.0582043,
            52.1791796
          ],
          [
            21.0582178,
            52.179154
          ],
          [
            21.0582279,
            52.1791334
          ],
          [
            21.0582373,
            52.1791177
          ],
          [
            21.0582471,
            52.1791047
          ],
          [
            21.0582579,
            52.1790923
          ],
          [
            21.0582693,
            52.1790811
          ]
        ]
      },
      "id": "way/1084189084"
    },
    {
      "type": "Feature",
      "properties": {
        "@id": "way/1084189090",
        "crossing": "traffic_signals",
        "crossing:markings": "dots",
        "cycleway": "crossing",
        "highway": "cycleway",
        "lit": "yes",
        "surface": "asphalt"
      },
      "geometry": {
        "type": "LineString",
        "coordinates": [
          [
            21.0554152,
            52.1817026
          ],
          [
            21.055466,
            52.1816598
          ],
          [
            21.0554905,
            52.1816392
          ]
        ]
      },
      "id": "way/1084189090"
    },
    {
      "type": "Feature",
      "properties": {
        "@id": "way/1085916928",
        "bicycle": "designated",
        "highway": "cycleway",
        "smoothness": "excellent",
        "surface": "asphalt"
      },
      "geometry": {
        "type": "LineString",
        "coordinates": [
          [
            21.0547468,
            52.1830539
          ],
          [
            21.0531127,
            52.1846067
          ],
          [
            21.0530512,
            52.1846786
          ],
          [
            21.0529677,
            52.1847923
          ],
          [
            21.0529397,
            52.1848321
          ],
          [
            21.052572,
            52.1851892
          ],
          [
            21.0525538,
            52.1852118
          ],
          [
            21.052529,
            52.185237
          ]
        ]
      },
      "id": "way/1085916928"
    },
    {
      "type": "Feature",
      "properties": {
        "@id": "way/1085916929",
        "bicycle": "designated",
        "crossing": "uncontrolled",
        "crossing:markings": "dots",
        "cycleway": "crossing",
        "highway": "cycleway"
      },
      "geometry": {
        "type": "LineString",
        "coordinates": [
          [
            21.0548409,
            52.1829644
          ],
          [
            21.0547938,
            52.1830091
          ],
          [
            21.0547468,
            52.1830539
          ]
        ]
      },
      "id": "way/1085916929"
    },
    {
      "type": "Feature",
      "properties": {
        "@id": "way/1098241034",
        "highway": "residential",
        "maxspeed": "30",
        "name": "Bluszczańska",
        "source:maxspeed": "sign",
        "surface": "asphalt",
        "wikidata": "Q110162521"
      },
      "geometry": {
        "type": "LineString",
        "coordinates": [
          [
            21.0741666,
            52.2093482
          ],
          [
            21.0742408,
            52.2093319
          ],
          [
            21.0744796,
            52.209272
          ]
        ]
      },
      "id": "way/1098241034"
    },
    {
      "type": "Feature",
      "properties": {
        "@id": "way/1101446711",
        "highway": "cycleway",
        "oneway": "yes",
        "surface": "asphalt"
      },
      "geometry": {
        "type": "LineString",
        "coordinates": [
          [
            21.03921,
            52.2068592
          ],
          [
            21.0391908,
            52.206893
          ],
          [
            21.0391563,
            52.2069282
          ],
          [
            21.0391162,
            52.2069824
          ],
          [
            21.0390084,
            52.2070622
          ]
        ]
      },
      "id": "way/1101446711"
    },
    {
      "type": "Feature",
      "properties": {
        "@id": "way/1101446712",
        "highway": "cycleway",
        "oneway": "yes",
        "surface": "asphalt"
      },
      "geometry": {
        "type": "LineString",
        "coordinates": [
          [
            21.0390084,
            52.2070622
          ],
          [
            21.038917,
            52.2070015
          ],
          [
            21.038858,
            52.2069352
          ],
          [
            21.0388424,
            52.206899
          ],
          [
            21.0388336,
            52.2068681
          ]
        ]
      },
      "id": "way/1101446712"
    },
    {
      "type": "Feature",
      "properties": {
        "@id": "way/1101446713",
        "highway": "cycleway",
        "oneway": "yes",
        "surface": "asphalt"
      },
      "geometry": {
        "type": "LineString",
        "coordinates": [
          [
            21.0350612,
            52.2070494
          ],
          [
            21.0350498,
            52.2070866
          ],
          [
            21.0350204,
            52.2071637
          ],
          [
            21.0349946,
            52.2072146
          ]
        ]
      },
      "id": "way/1101446713"
    },
    {
      "type": "Feature",
      "properties": {
        "@id": "way/1101446714",
        "highway": "cycleway",
        "oneway": "yes",
        "surface": "asphalt"
      },
      "geometry": {
        "type": "LineString",
        "coordinates": [
          [
            21.0349946,
            52.2072146
          ],
          [
            21.0349212,
            52.2071788
          ],
          [
            21.0348536,
            52.2071037
          ],
          [
            21.0348474,
            52.2070974
          ],
          [
            21.0348352,
            52.2070613
          ]
        ]
      },
      "id": "way/1101446714"
    },
    {
      "type": "Feature",
      "properties": {
        "@id": "way/1101446715",
        "highway": "cycleway",
        "oneway": "yes",
        "surface": "asphalt"
      },
      "geometry": {
        "type": "LineString",
        "coordinates": [
          [
            21.045487,
            52.2069775
          ],
          [
            21.0454368,
            52.2070109
          ],
          [
            21.0454081,
            52.2070339
          ],
          [
            21.0453714,
            52.207082
          ],
          [
            21.0453023,
            52.2071468
          ]
        ]
      },
      "id": "way/1101446715"
    },
    {
      "type": "Feature",
      "properties": {
        "@id": "way/1101446716",
        "highway": "cycleway",
        "oneway": "yes",
        "surface": "asphalt"
      },
      "geometry": {
        "type": "LineString",
        "coordinates": [
          [
            21.0452189,
            52.207095
          ],
          [
            21.0451753,
            52.2070647
          ],
          [
            21.0451133,
            52.2070091
          ],
          [
            21.0451068,
            52.2069992
          ],
          [
            21.0450955,
            52.206982
          ],
          [
            21.0450779,
            52.2069452
          ]
        ]
      },
      "id": "way/1101446716"
    },
    {
      "type": "Feature",
      "properties": {
        "@id": "way/1101446717",
        "crossing": "traffic_signals",
        "crossing:markings": "dots",
        "cycleway": "crossing",
        "highway": "cycleway",
        "surface": "asphalt"
      },
      "geometry": {
        "type": "LineString",
        "coordinates": [
          [
            21.0455784,
            52.2066549
          ],
          [
            21.0455709,
            52.2066906
          ],
          [
            21.0455663,
            52.2067132
          ]
        ]
      },
      "id": "way/1101446717"
    },
    {
      "type": "Feature",
      "properties": {
        "@id": "way/1101446718",
        "highway": "cycleway",
        "oneway": "yes",
        "surface": "asphalt"
      },
      "geometry": {
        "type": "LineString",
        "coordinates": [
          [
            21.042326,
            52.20646
          ],
          [
            21.0423783,
            52.2064238
          ],
          [
            21.0423973,
            52.2064113
          ],
          [
            21.0424468,
            52.2063903
          ]
        ]
      },
      "id": "way/1101446718"
    },
    {
      "type": "Feature",
      "properties": {
        "@id": "way/1101446719",
        "highway": "cycleway",
        "oneway": "yes",
        "surface": "asphalt"
      },
      "geometry": {
        "type": "LineString",
        "coordinates": [
          [
            21.0424468,
            52.2063903
          ],
          [
            21.0425055,
            52.2064255
          ],
          [
            21.0425167,
            52.2064329
          ],
          [
            21.0425309,
            52.2064428
          ],
          [
            21.0425388,
            52.2064535
          ],
          [
            21.0425391,
            52.2064655
          ],
          [
            21.0425276,
            52.2064741
          ],
          [
            21.0425139,
            52.2064753
          ],
          [
            21.0424997,
            52.2064766
          ],
          [
            21.0424843,
            52.206477
          ]
        ]
      },
      "id": "way/1101446719"
    },
    {
      "type": "Feature",
      "properties": {
        "@id": "way/1101446720",
        "crossing": "traffic_signals",
        "crossing:markings": "dots",
        "cycleway": "crossing",
        "highway": "cycleway",
        "surface": "asphalt"
      },
      "geometry": {
        "type": "LineString",
        "coordinates": [
          [
            21.0421931,
            52.2066236
          ],
          [
            21.0421946,
            52.2065962
          ],
          [
            21.0421964,
            52.2065642
          ]
        ]
      },
      "id": "way/1101446720"
    },
    {
      "type": "Feature",
      "properties": {
        "@id": "way/1101446721",
        "highway": "cycleway",
        "oneway": "yes",
        "surface": "asphalt"
      },
      "geometry": {
        "type": "LineString",
        "coordinates": [
          [
            21.0391418,
            52.206332
          ],
          [
            21.0392039,
            52.2063656
          ],
          [
            21.0392678,
            52.2064143
          ],
          [
            21.0392744,
            52.2064337
          ],
          [
            21.0392785,
            52.2064675
          ]
        ]
      },
      "id": "way/1101446721"
    },
    {
      "type": "Feature",
      "properties": {
        "@id": "way/1101446722",
        "highway": "cycleway",
        "oneway": "yes",
        "surface": "asphalt"
      },
      "geometry": {
        "type": "LineString",
        "coordinates": [
          [
            21.0389113,
            52.2064761
          ],
          [
            21.0389324,
            52.2064406
          ],
          [
            21.0389482,
            52.2064138
          ],
          [
            21.038985,
            52.2063626
          ],
          [
            21.0389965,
            52.2063043
          ],
          [
            21.0390429,
            52.206249
          ]
        ]
      },
      "id": "way/1101446722"
    },
    {
      "type": "Feature",
      "properties": {
        "@id": "way/1101446723",
        "crossing": "traffic_signals",
        "crossing:markings": "dots",
        "cycleway": "crossing",
        "highway": "cycleway",
        "surface": "asphalt"
      },
      "geometry": {
        "type": "LineString",
        "coordinates": [
          [
            21.0390871,
            52.2064721
          ],
          [
            21.0391388,
            52.2064707
          ],
          [
            21.0392012,
            52.2064694
          ]
        ]
      },
      "id": "way/1101446723"
    },
    {
      "type": "Feature",
      "properties": {
        "@id": "way/1101446724",
        "highway": "cycleway",
        "surface": "asphalt"
      },
      "geometry": {
        "type": "LineString",
        "coordinates": [
          [
            21.0360553,
            52.2067023
          ],
          [
            21.0360531,
            52.2066855
          ],
          [
            21.0360531,
            52.2066811
          ],
          [
            21.0360536,
            52.2066723
          ],
          [
            21.0360567,
            52.2066632
          ],
          [
            21.0360611,
            52.2066574
          ],
          [
            21.0360684,
            52.2066523
          ],
          [
            21.0360777,
            52.2066481
          ],
          [
            21.0360885,
            52.2066449
          ],
          [
            21.0361079,
            52.2066423
          ],
          [
            21.0361427,
            52.2066398
          ],
          [
            21.0362232,
            52.2066345
          ]
        ]
      },
      "id": "way/1101446724"
    },
    {
      "type": "Feature",
      "properties": {
        "@id": "way/1101446725",
        "crossing": "uncontrolled",
        "crossing:markings": "yes",
        "cycleway": "crossing",
        "highway": "cycleway",
        "surface": "asphalt"
      },
      "geometry": {
        "type": "LineString",
        "coordinates": [
          [
            21.0324664,
            52.2068495
          ],
          [
            21.0325346,
            52.2068569
          ],
          [
            21.0325718,
            52.2068609
          ]
        ]
      },
      "id": "way/1101446725"
    },
    {
      "type": "Feature",
      "properties": {
        "@id": "way/1101446726",
        "highway": "cycleway",
        "surface": "asphalt"
      },
      "geometry": {
        "type": "LineString",
        "coordinates": [
          [
            21.0451793,
            52.2069621
          ],
          [
            21.04515,
            52.2069599
          ],
          [
            21.0451207,
            52.2069546
          ],
          [
            21.0450779,
            52.2069452
          ],
          [
            21.0450008,
            52.206939
          ],
          [
            21.0448543,
            52.2069347
          ],
          [
            21.0430998,
            52.2069045
          ],
          [
            21.04273,
            52.2068982
          ],
          [
            21.0424378,
            52.2068932
          ],
          [
            21.0421784,
            52.2068887
          ],
          [
            21.0421242,
            52.2068878
          ],
          [
            21.039662,
            52.2068455
          ],
          [
            21.0393391,
            52.2068516
          ],
          [
            21.0392795,
            52.2068529
          ],
          [
            21.03921,
            52.2068592
          ],
          [
            21.0391176,
            52.2068628
          ]
        ]
      },
      "id": "way/1101446726"
    },
    {
      "type": "Feature",
      "properties": {
        "@id": "way/1105629074",
        "highway": "living_street"
      },
      "geometry": {
        "type": "LineString",
        "coordinates": [
          [
            21.0500995,
            52.2027596
          ],
          [
            21.0503732,
            52.202788
          ]
        ]
      },
      "id": "way/1105629074"
    },
    {
      "type": "Feature",
      "properties": {
        "@id": "way/1105629080",
        "highway": "cycleway",
        "surface": "asphalt"
      },
      "geometry": {
        "type": "LineString",
        "coordinates": [
          [
            21.0507073,
            52.2004661
          ],
          [
            21.0505337,
            52.20099
          ],
          [
            21.0504448,
            52.2013003
          ]
        ]
      },
      "id": "way/1105629080"
    },
    {
      "type": "Feature",
      "properties": {
        "@id": "way/1105629081",
        "crossing": "unmarked",
        "cycleway": "crossing",
        "highway": "cycleway",
        "surface": "asphalt"
      },
      "geometry": {
        "type": "LineString",
        "coordinates": [
          [
            21.0504448,
            52.2013003
          ],
          [
            21.0504386,
            52.2013218
          ],
          [
            21.0504337,
            52.20134
          ]
        ]
      },
      "id": "way/1105629081"
    },
    {
      "type": "Feature",
      "properties": {
        "@id": "way/1128450977",
        "highway": "cycleway",
        "name": "Zapachu Bzu",
        "surface": "asphalt"
      },
      "geometry": {
        "type": "LineString",
        "coordinates": [
          [
            21.0354933,
            52.1823923
          ],
          [
            21.0354874,
            52.1824248
          ],
          [
            21.0354683,
            52.1824713
          ]
        ]
      },
      "id": "way/1128450977"
    },
    {
      "type": "Feature",
      "properties": {
        "@id": "way/1132027989",
        "cycleway:both": "no",
        "highway": "living_street",
        "lane_markings": "no",
        "name": "Fort Piłsudskiego",
        "sidewalk": "no",
        "smoothness": "good",
        "surface": "paving_stones"
      },
      "geometry": {
        "type": "LineString",
        "coordinates": [
          [
            21.0390163,
            52.1892093
          ],
          [
            21.039287,
            52.1892893
          ],
          [
            21.0393302,
            52.1893021
          ]
        ]
      },
      "id": "way/1132027989"
    },
    {
      "type": "Feature",
      "properties": {
        "@id": "way/1132027990",
        "cycleway:both": "no",
        "highway": "living_street",
        "lane_markings": "no",
        "name": "Fort Piłsudskiego",
        "sidewalk": "both",
        "sidewalk:both:surface": "paving_stones",
        "smoothness": "good",
        "surface": "paving_stones"
      },
      "geometry": {
        "type": "LineString",
        "coordinates": [
          [
            21.0388875,
            52.1898373
          ],
          [
            21.0390361,
            52.1896573
          ],
          [
            21.0392388,
            52.1894125
          ],
          [
            21.0393302,
            52.1893021
          ]
        ]
      },
      "id": "way/1132027990"
    },
    {
      "type": "Feature",
      "properties": {
        "@id": "way/1134635538",
        "highway": "cycleway"
      },
      "geometry": {
        "type": "LineString",
        "coordinates": [
          [
            21.0471015,
            52.1952667
          ],
          [
            21.0472166,
            52.1952635
          ],
          [
            21.0472645,
            52.1952622
          ],
          [
            21.0472938,
            52.1952601
          ],
          [
            21.0473286,
            52.195254
          ],
          [
            21.0473591,
            52.1952435
          ],
          [
            21.0474269,
            52.1952186
          ],
          [
            21.0474403,
            52.1952158
          ],
          [
            21.0474549,
            52.1952145
          ],
          [
            21.0487869,
            52.1951647
          ],
          [
            21.0488668,
            52.1951583
          ],
          [
            21.0490147,
            52.1951427
          ],
          [
            21.0490568,
            52.1951405
          ],
          [
            21.0491294,
            52.1951395
          ]
        ]
      },
      "id": "way/1134635538"
    },
    {
      "type": "Feature",
      "properties": {
        "@id": "way/1134635554",
        "crossing": "traffic_signals",
        "crossing:island": "no",
        "cycleway": "crossing",
        "highway": "cycleway",
        "surface": "asphalt"
      },
      "geometry": {
        "type": "LineString",
        "coordinates": [
          [
            21.0470093,
            52.1952703
          ],
          [
            21.0470546,
            52.1952685
          ],
          [
            21.0471015,
            52.1952667
          ]
        ]
      },
      "id": "way/1134635554"
    },
    {
      "type": "Feature",
      "properties": {
        "@id": "way/1134635555",
        "crossing": "traffic_signals",
        "crossing:island": "no",
        "cycleway": "crossing",
        "highway": "cycleway",
        "surface": "asphalt"
      },
      "geometry": {
        "type": "LineString",
        "coordinates": [
          [
            21.046896,
            52.1952746
          ],
          [
            21.0469337,
            52.1952732
          ],
          [
            21.0469742,
            52.1952716
          ]
        ]
      },
      "id": "way/1134635555"
    },
    {
      "type": "Feature",
      "properties": {
        "@id": "way/1134635556",
        "cycleway": "traffic_island",
        "highway": "cycleway",
        "surface": "asphalt"
      },
      "geometry": {
        "type": "LineString",
        "coordinates": [
          [
            21.0469742,
            52.1952716
          ],
          [
            21.0470093,
            52.1952703
          ]
        ]
      },
      "id": "way/1134635556"
    },
    {
      "type": "Feature",
      "properties": {
        "@id": "way/1134635566",
        "crossing": "traffic_signals",
        "cycleway": "crossing",
        "highway": "cycleway",
        "surface": "asphalt"
      },
      "geometry": {
        "type": "LineString",
        "coordinates": [
          [
            21.0415813,
            52.1956561
          ],
          [
            21.0416193,
            52.195621
          ],
          [
            21.0417,
            52.1955464
          ],
          [
            21.0417282,
            52.1955204
          ]
        ]
      },
      "id": "way/1134635566"
    },
    {
      "type": "Feature",
      "properties": {
        "@id": "way/1134635567",
        "check_date:smoothness": "2022-11-06",
        "highway": "cycleway",
        "lit": "yes",
        "smoothness": "excellent",
        "source": "gps track",
        "surface": "asphalt"
      },
      "geometry": {
        "type": "LineString",
        "coordinates": [
          [
            21.0415713,
            52.1956956
          ],
          [
            21.0415813,
            52.1956561
          ]
        ]
      },
      "id": "way/1134635567"
    },
    {
      "type": "Feature",
      "properties": {
        "@id": "way/1134635570",
        "highway": "cycleway",
        "surface": "paving_stones",
        "width": "2.5"
      },
      "geometry": {
        "type": "LineString",
        "coordinates": [
          [
            21.0416434,
            52.1956936
          ],
          [
            21.0443932,
            52.1955889
          ]
        ]
      },
      "id": "way/1134635570"
    },
    {
      "type": "Feature",
      "properties": {
        "@id": "way/1134635571",
        "crossing": "uncontrolled",
        "cycleway": "crossing",
        "highway": "cycleway",
        "source:width": "ARCore",
        "surface": "paving_stones",
        "width": "2"
      },
      "geometry": {
        "type": "LineString",
        "coordinates": [
          [
            21.0443932,
            52.1955889
          ],
          [
            21.0444417,
            52.1955876
          ],
          [
            21.0444881,
            52.1955863
          ]
        ]
      },
      "id": "way/1134635571"
    },
    {
      "type": "Feature",
      "properties": {
        "@id": "way/1134635573",
        "highway": "cycleway",
        "surface": "paving_stones",
        "width": "2"
      },
      "geometry": {
        "type": "LineString",
        "coordinates": [
          [
            21.0444881,
            52.1955863
          ],
          [
            21.0462887,
            52.1955166
          ],
          [
            21.0465208,
            52.1955154
          ],
          [
            21.0465639,
            52.1955178
          ],
          [
            21.0465992,
            52.1955214
          ],
          [
            21.0466345,
            52.195526
          ],
          [
            21.0466732,
            52.1955324
          ],
          [
            21.0467018,
            52.195537
          ],
          [
            21.0467169,
            52.1955394
          ],
          [
            21.0467605,
            52.1955451
          ],
          [
            21.046795,
            52.1955479
          ],
          [
            21.0468311,
            52.1955489
          ],
          [
            21.0469103,
            52.1955466
          ]
        ]
      },
      "id": "way/1134635573"
    },
    {
      "type": "Feature",
      "properties": {
        "@id": "way/1134635574",
        "crossing": "traffic_signals",
        "highway": "cycleway",
        "surface": "asphalt"
      },
      "geometry": {
        "type": "LineString",
        "coordinates": [
          [
            21.0469103,
            52.1955466
          ],
          [
            21.0469573,
            52.1955454
          ],
          [
            21.0470044,
            52.1955441
          ]
        ]
      },
      "id": "way/1134635574"
    },
    {
      "type": "Feature",
      "properties": {
        "@id": "way/1134635575",
        "cycleway": "traffic_island",
        "highway": "cycleway",
        "surface": "asphalt"
      },
      "geometry": {
        "type": "LineString",
        "coordinates": [
          [
            21.0470044,
            52.1955441
          ],
          [
            21.0470382,
            52.1955432
          ]
        ]
      },
      "id": "way/1134635575"
    },
    {
      "type": "Feature",
      "properties": {
        "@id": "way/1134635576",
        "crossing": "traffic_signals",
        "highway": "cycleway",
        "surface": "asphalt"
      },
      "geometry": {
        "type": "LineString",
        "coordinates": [
          [
            21.0470382,
            52.1955432
          ],
          [
            21.0470781,
            52.1955421
          ],
          [
            21.0471554,
            52.19554
          ]
        ]
      },
      "id": "way/1134635576"
    },
    {
      "type": "Feature",
      "properties": {
        "@id": "way/1134689648",
        "crossing": "uncontrolled",
        "cycleway": "crossing",
        "highway": "cycleway"
      },
      "geometry": {
        "type": "LineString",
        "coordinates": [
          [
            21.0435228,
            52.195359
          ],
          [
            21.0435687,
            52.1953573
          ],
          [
            21.043611,
            52.1953557
          ]
        ]
      },
      "id": "way/1134689648"
    },
    {
      "type": "Feature",
      "properties": {
        "@id": "way/1134689655",
        "highway": "cycleway",
        "lit": "yes",
        "surface": "asphalt"
      },
      "geometry": {
        "type": "LineString",
        "coordinates": [
          [
            21.0467412,
            52.1953425
          ],
          [
            21.0467382,
            52.1953132
          ],
          [
            21.0467275,
            52.195284
          ]
        ]
      },
      "id": "way/1134689655"
    },
    {
      "type": "Feature",
      "properties": {
        "@id": "way/1134689656",
        "highway": "cycleway",
        "lit": "yes",
        "surface": "asphalt"
      },
      "geometry": {
        "type": "LineString",
        "coordinates": [
          [
            21.0467605,
            52.1955451
          ],
          [
            21.0467563,
            52.1954923
          ]
        ]
      },
      "id": "way/1134689656"
    },
    {
      "type": "Feature",
      "properties": {
        "@id": "way/1134689657",
        "crossing": "traffic_signals",
        "cycleway": "crossing",
        "highway": "cycleway",
        "lit": "yes",
        "surface": "asphalt"
      },
      "geometry": {
        "type": "LineString",
        "coordinates": [
          [
            21.0467563,
            52.1954923
          ],
          [
            21.0467539,
            52.1954688
          ],
          [
            21.0467517,
            52.1954486
          ]
        ]
      },
      "id": "way/1134689657"
    },
    {
      "type": "Feature",
      "properties": {
        "@id": "way/1134689658",
        "highway": "cycleway",
        "lit": "yes",
        "surface": "asphalt"
      },
      "geometry": {
        "type": "LineString",
        "coordinates": [
          [
            21.0467517,
            52.1954486
          ],
          [
            21.0467495,
            52.1954246
          ]
        ]
      },
      "id": "way/1134689658"
    },
    {
      "type": "Feature",
      "properties": {
        "@id": "way/1137126580",
        "highway": "cycleway",
        "lit": "yes",
        "oneway": "no",
        "smoothness": "excellent",
        "surface": "asphalt",
        "width": "2.5"
      },
      "geometry": {
        "type": "LineString",
        "coordinates": [
          [
            21.0415713,
            52.1956956
          ],
          [
            21.0415458,
            52.1956986
          ],
          [
            21.041522,
            52.1957056
          ],
          [
            21.0415037,
            52.1957136
          ],
          [
            21.0414654,
            52.1957373
          ],
          [
            21.0414328,
            52.1957605
          ],
          [
            21.0407362,
            52.1964173
          ],
          [
            21.0406937,
            52.1964581
          ]
        ]
      },
      "id": "way/1137126580"
    },
    {
      "type": "Feature",
      "properties": {
        "@id": "way/1137126581",
        "crossing": "uncontrolled",
        "crossing:markings": "dots",
        "cycleway": "crossing",
        "highway": "cycleway",
        "lit": "yes",
        "oneway": "no",
        "smoothness": "excellent",
        "surface": "asphalt",
        "width": "2"
      },
      "geometry": {
        "type": "LineString",
        "coordinates": [
          [
            21.0406937,
            52.1964581
          ],
          [
            21.0406712,
            52.1964793
          ],
          [
            21.0406488,
            52.1965004
          ]
        ]
      },
      "id": "way/1137126581"
    },
    {
      "type": "Feature",
      "properties": {
        "@id": "way/1143719777",
        "highway": "residential",
        "maxspeed": "30",
        "name": "Konstancińska",
        "name:etymology:wikidata": "Q985687",
        "oneway": "yes",
        "oneway:bicycle": "no",
        "parking:left": "lane",
        "parking:left:access": "yes",
        "parking:left:fee": "no",
        "parking:left:orientation": "parallel",
        "parking:right": "street_side",
        "parking:right:access": "yes",
        "parking:right:fee": "no",
        "parking:right:markings": "yes",
        "parking:right:orientation": "perpendicular",
        "surface": "asphalt",
        "wikidata": "Q110152513"
      },
      "geometry": {
        "type": "LineString",
        "coordinates": [
          [
            21.060005,
            52.1875043
          ],
          [
            21.0595236,
            52.1878821
          ]
        ]
      },
      "id": "way/1143719777"
    },
    {
      "type": "Feature",
      "properties": {
        "@id": "way/1143719778",
        "highway": "residential",
        "maxspeed": "30",
        "name": "Konstancińska",
        "name:etymology:wikidata": "Q985687",
        "oneway": "yes",
        "oneway:bicycle": "no",
        "surface": "asphalt",
        "wikidata": "Q110152513"
      },
      "geometry": {
        "type": "LineString",
        "coordinates": [
          [
            21.0601723,
            52.1873719
          ],
          [
            21.0600704,
            52.1874529
          ],
          [
            21.060005,
            52.1875043
          ]
        ]
      },
      "id": "way/1143719778"
    },
    {
      "type": "Feature",
      "properties": {
        "@id": "way/1143719779",
        "highway": "residential",
        "maxspeed": "30",
        "name": "Konstancińska",
        "name:etymology:wikidata": "Q985687",
        "oneway": "yes",
        "oneway:bicycle": "no",
        "surface": "asphalt",
        "wikidata": "Q110152513"
      },
      "geometry": {
        "type": "LineString",
        "coordinates": [
          [
            21.0595236,
            52.1878821
          ],
          [
            21.0594849,
            52.1879125
          ],
          [
            21.0593811,
            52.187994
          ]
        ]
      },
      "id": "way/1143719779"
    },
    {
      "type": "Feature",
      "properties": {
        "@id": "way/1143719780",
        "highway": "residential",
        "maxspeed": "30",
        "name": "Konstancińska",
        "name:etymology:wikidata": "Q985687",
        "oneway": "yes",
        "oneway:bicycle": "no",
        "parking:left": "lane",
        "parking:left:access": "yes",
        "parking:left:fee": "no",
        "parking:left:orientation": "parallel",
        "parking:right": "street_side",
        "parking:right:access": "yes",
        "parking:right:fee": "no",
        "parking:right:markings": "yes",
        "parking:right:orientation": "perpendicular",
        "surface": "asphalt",
        "wikidata": "Q110152513"
      },
      "geometry": {
        "type": "LineString",
        "coordinates": [
          [
            21.0610385,
            52.1866841
          ],
          [
            21.0609313,
            52.1867689
          ],
          [
            21.0601723,
            52.1873719
          ]
        ]
      },
      "id": "way/1143719780"
    },
    {
      "type": "Feature",
      "properties": {
        "@id": "way/1143719781",
        "highway": "residential",
        "maxspeed": "30",
        "name": "Konstancińska",
        "name:etymology:wikidata": "Q985687",
        "oneway": "yes",
        "oneway:bicycle": "no",
        "parking:left": "no",
        "parking:right": "lane",
        "parking:right:access": "yes",
        "parking:right:fee": "no",
        "parking:right:orientation": "parallel",
        "surface": "asphalt",
        "wikidata": "Q110152513"
      },
      "geometry": {
        "type": "LineString",
        "coordinates": [
          [
            21.0591244,
            52.1881992
          ],
          [
            21.059004,
            52.1882955
          ],
          [
            21.0587592,
            52.1884912
          ],
          [
            21.0584392,
            52.1887471
          ],
          [
            21.0582918,
            52.188865
          ]
        ]
      },
      "id": "way/1143719781"
    },
    {
      "type": "Feature",
      "properties": {
        "@id": "way/1143719782",
        "highway": "residential",
        "maxspeed": "30",
        "name": "Konstancińska",
        "name:etymology:wikidata": "Q985687",
        "oneway": "yes",
        "oneway:bicycle": "no",
        "surface": "asphalt",
        "wikidata": "Q110152513"
      },
      "geometry": {
        "type": "LineString",
        "coordinates": [
          [
            21.0593811,
            52.187994
          ],
          [
            21.0592598,
            52.1880909
          ],
          [
            21.0592428,
            52.1881046
          ],
          [
            21.0591244,
            52.1881992
          ]
        ]
      },
      "id": "way/1143719782"
    },
    {
      "type": "Feature",
      "properties": {
        "@id": "way/1144466171",
        "highway": "living_street"
      },
      "geometry": {
        "type": "LineString",
        "coordinates": [
          [
            21.0685034,
            52.1880846
          ],
          [
            21.06845,
            52.1880565
          ]
        ]
      },
      "id": "way/1144466171"
    },
    {
      "type": "Feature",
      "properties": {
        "@id": "way/1144466172",
        "highway": "living_street"
      },
      "geometry": {
        "type": "LineString",
        "coordinates": [
          [
            21.0697844,
            52.1886063
          ],
          [
            21.0697188,
            52.1885808
          ]
        ]
      },
      "id": "way/1144466172"
    },
    {
      "type": "Feature",
      "properties": {
        "@id": "way/1144466173",
        "access": "private",
        "highway": "living_street"
      },
      "geometry": {
        "type": "LineString",
        "coordinates": [
          [
            21.0697188,
            52.1885808
          ],
          [
            21.0688687,
            52.1882541
          ],
          [
            21.0685034,
            52.1880846
          ]
        ]
      },
      "id": "way/1144466173"
    },
    {
      "type": "Feature",
      "properties": {
        "@id": "way/1144466174",
        "access": "private",
        "highway": "living_street",
        "surface": "sett"
      },
      "geometry": {
        "type": "LineString",
        "coordinates": [
          [
            21.0687332,
            52.1878663
          ],
          [
            21.0699605,
            52.1883543
          ]
        ]
      },
      "id": "way/1144466174"
    },
    {
      "type": "Feature",
      "properties": {
        "@id": "way/1144466175",
        "highway": "living_street",
        "surface": "sett"
      },
      "geometry": {
        "type": "LineString",
        "coordinates": [
          [
            21.0699605,
            52.1883543
          ],
          [
            21.0700255,
            52.1883801
          ]
        ]
      },
      "id": "way/1144466175"
    },
    {
      "type": "Feature",
      "properties": {
        "@id": "way/1149438112",
        "highway": "living_street",
        "surface": "paving_stones"
      },
      "geometry": {
        "type": "LineString",
        "coordinates": [
          [
            21.0402641,
            52.1890865
          ],
          [
            21.0397137,
            52.1888983
          ],
          [
            21.0396811,
            52.1888871
          ],
          [
            21.0396344,
            52.1888702
          ],
          [
            21.0393282,
            52.1887596
          ]
        ]
      },
      "id": "way/1149438112"
    },
    {
      "type": "Feature",
      "properties": {
        "@id": "way/1172347461",
        "bicycle": "designated",
        "cycleway:crossing:markings": "dots",
        "foot": "designated",
        "footway:crossing:markings": "zebra",
        "highway": "path",
        "path": "crossing",
        "segregated": "yes",
        "surface": "paving_stones"
      },
      "geometry": {
        "type": "LineString",
        "coordinates": [
          [
            21.0588837,
            52.2087126
          ],
          [
            21.0588915,
            52.2086857
          ]
        ]
      },
      "id": "way/1172347461"
    },
    {
      "type": "Feature",
      "properties": {
        "@id": "way/1172478544",
        "highway": "cycleway",
        "lit": "yes",
        "smoothness": "excellent",
        "surface": "asphalt"
      },
      "geometry": {
        "type": "LineString",
        "coordinates": [
          [
            21.0456425,
            52.1827808
          ],
          [
            21.0457539,
            52.1827737
          ]
        ]
      },
      "id": "way/1172478544"
    },
    {
      "type": "Feature",
      "properties": {
        "@id": "way/1172478545",
        "crossing": "traffic_signals",
        "crossing:island": "no",
        "crossing:markings": "dots",
        "cycleway": "crossing",
        "highway": "cycleway",
        "lit": "yes",
        "smoothness": "excellent",
        "surface": "asphalt"
      },
      "geometry": {
        "type": "LineString",
        "coordinates": [
          [
            21.0454318,
            52.1827934
          ],
          [
            21.0455486,
            52.1827865
          ],
          [
            21.0456425,
            52.1827808
          ]
        ]
      },
      "id": "way/1172478545"
    },
    {
      "type": "Feature",
      "properties": {
        "@id": "way/1172478546",
        "highway": "cycleway",
        "lit": "yes",
        "smoothness": "excellent",
        "surface": "asphalt"
      },
      "geometry": {
        "type": "LineString",
        "coordinates": [
          [
            21.0453613,
            52.1827975
          ],
          [
            21.0454318,
            52.1827934
          ]
        ]
      },
      "id": "way/1172478546"
    },
    {
      "type": "Feature",
      "properties": {
        "@id": "way/1172478547",
        "highway": "cycleway",
        "lit": "yes",
        "smoothness": "excellent",
        "surface": "asphalt"
      },
      "geometry": {
        "type": "LineString",
        "coordinates": [
          [
            21.045074,
            52.1828158
          ],
          [
            21.0451543,
            52.1828111
          ]
        ]
      },
      "id": "way/1172478547"
    },
    {
      "type": "Feature",
      "properties": {
        "@id": "way/1175670024",
        "highway": "living_street",
        "sidewalk": "both",
        "sidewalk:both:surface": "paving_stones",
        "smoothness": "good",
        "surface": "paving_stones"
      },
      "geometry": {
        "type": "LineString",
        "coordinates": [
          [
            21.0393302,
            52.1893021
          ],
          [
            21.0396811,
            52.1888871
          ]
        ]
      },
      "id": "way/1175670024"
    },
    {
      "type": "Feature",
      "properties": {
        "@id": "way/1175670034",
        "highway": "cycleway",
        "smoothness": "excellent",
        "surface": "asphalt"
      },
      "geometry": {
        "type": "LineString",
        "coordinates": [
          [
            21.0432319,
            52.191466
          ],
          [
            21.0440898,
            52.1917357
          ],
          [
            21.0444469,
            52.1918509
          ],
          [
            21.0444598,
            52.1918566
          ],
          [
            21.0444707,
            52.1918656
          ],
          [
            21.0444792,
            52.1918745
          ],
          [
            21.0444847,
            52.1918832
          ],
          [
            21.0444899,
            52.1918962
          ],
          [
            21.0444926,
            52.1919132
          ],
          [
            21.0444926,
            52.1919238
          ],
          [
            21.044495,
            52.1919362
          ],
          [
            21.0444997,
            52.1919473
          ],
          [
            21.044506,
            52.1919591
          ],
          [
            21.0445151,
            52.1919693
          ],
          [
            21.0445248,
            52.191977
          ],
          [
            21.0445287,
            52.1919802
          ],
          [
            21.0445444,
            52.1919885
          ],
          [
            21.0445735,
            52.1920009
          ]
        ]
      },
      "id": "way/1175670034"
    },
    {
      "type": "Feature",
      "properties": {
        "@id": "way/1175670035",
        "bicycle": "designated",
        "foot": "designated",
        "highway": "path",
        "segregated": "no",
        "smoothness": "excellent",
        "surface": "asphalt"
      },
      "geometry": {
        "type": "LineString",
        "coordinates": [
          [
            21.0430895,
            52.1914209
          ],
          [
            21.0432319,
            52.191466
          ]
        ]
      },
      "id": "way/1175670035"
    },
    {
      "type": "Feature",
      "properties": {
        "@id": "way/1175670039",
        "highway": "cycleway",
        "oneway": "yes",
        "surface": "asphalt"
      },
      "geometry": {
        "type": "LineString",
        "coordinates": [
          [
            21.0346919,
            52.1888656
          ],
          [
            21.0347039,
            52.1888791
          ],
          [
            21.0347093,
            52.1888909
          ],
          [
            21.0347111,
            52.1889089
          ],
          [
            21.0347109,
            52.1889469
          ]
        ]
      },
      "id": "way/1175670039"
    },
    {
      "type": "Feature",
      "properties": {
        "@id": "way/1175670040",
        "highway": "cycleway",
        "oneway": "yes",
        "surface": "asphalt"
      },
      "geometry": {
        "type": "LineString",
        "coordinates": [
          [
            21.0346224,
            52.188939
          ],
          [
            21.034632,
            52.1889074
          ],
          [
            21.0346416,
            52.188892
          ],
          [
            21.0346572,
            52.1888809
          ],
          [
            21.0346919,
            52.1888656
          ]
        ]
      },
      "id": "way/1175670040"
    },
    {
      "type": "Feature",
      "properties": {
        "@id": "way/1189377242",
        "highway": "cycleway",
        "lit": "yes",
        "oneway": "yes",
        "surface": "asphalt",
        "width": "1.5"
      },
      "geometry": {
        "type": "LineString",
        "coordinates": [
          [
            21.0626037,
            52.2104966
          ],
          [
            21.0626301,
            52.2104118
          ],
          [
            21.0626531,
            52.210323
          ],
          [
            21.0626548,
            52.2102998
          ],
          [
            21.0626613,
            52.2102619
          ],
          [
            21.0626678,
            52.2102414
          ],
          [
            21.0626942,
            52.2101926
          ],
          [
            21.0627061,
            52.2101583
          ],
          [
            21.0627391,
            52.2100336
          ],
          [
            21.0627725,
            52.2099191
          ],
          [
            21.0627759,
            52.2098883
          ],
          [
            21.0627653,
            52.2098342
          ],
          [
            21.0627481,
            52.2097868
          ],
          [
            21.0627555,
            52.2097555
          ],
          [
            21.0627724,
            52.2097128
          ],
          [
            21.062801,
            52.2096854
          ],
          [
            21.0628382,
            52.2096516
          ],
          [
            21.0628628,
            52.2096115
          ],
          [
            21.0628731,
            52.209572
          ],
          [
            21.0629273,
            52.2093931
          ],
          [
            21.0629427,
            52.2093351
          ],
          [
            21.0629446,
            52.2092927
          ],
          [
            21.0629521,
            52.2092534
          ],
          [
            21.06296,
            52.209232
          ]
        ]
      },
      "id": "way/1189377242"
    },
    {
      "type": "Feature",
      "properties": {
        "@id": "way/1189377243",
        "highway": "cycleway",
        "lit": "yes",
        "oneway": "yes",
        "surface": "asphalt",
        "width": "1.5"
      },
      "geometry": {
        "type": "LineString",
        "coordinates": [
          [
            21.0632336,
            52.2092575
          ],
          [
            21.0632251,
            52.2092828
          ],
          [
            21.0632129,
            52.2093134
          ],
          [
            21.0631885,
            52.2093589
          ],
          [
            21.0631766,
            52.2093865
          ],
          [
            21.0631288,
            52.209552
          ],
          [
            21.0630806,
            52.2097187
          ],
          [
            21.0629476,
            52.2101738
          ],
          [
            21.0629388,
            52.2101994
          ],
          [
            21.0629342,
            52.210265
          ],
          [
            21.0629302,
            52.2102904
          ],
          [
            21.0629189,
            52.2103299
          ],
          [
            21.0629329,
            52.2104208
          ]
        ]
      },
      "id": "way/1189377243"
    },
    {
      "type": "Feature",
      "properties": {
        "@id": "way/1194293295",
        "highway": "cycleway",
        "surface": "asphalt"
      },
      "geometry": {
        "type": "LineString",
        "coordinates": [
          [
            21.0424351,
            52.2069395
          ],
          [
            21.0424364,
            52.206918
          ],
          [
            21.0424378,
            52.2068932
          ]
        ]
      },
      "id": "way/1194293295"
    },
    {
      "type": "Feature",
      "properties": {
        "@id": "way/1198569841",
        "bicycle": "designated",
        "cycleway": "crossing",
        "cycleway:surface": "asphalt",
        "foot": "designated",
        "footway:surface": "asphalt",
        "highway": "path",
        "lit": "yes",
        "path": "sidewalk",
        "segregated": "yes",
        "surface": "asphalt"
      },
      "geometry": {
        "type": "LineString",
        "coordinates": [
          [
            21.0632336,
            52.2092575
          ],
          [
            21.0631948,
            52.2092538
          ],
          [
            21.0631504,
            52.2092497
          ],
          [
            21.0630433,
            52.2092398
          ],
          [
            21.0630002,
            52.2092358
          ],
          [
            21.06296,
            52.209232
          ]
        ]
      },
      "id": "way/1198569841"
    },
    {
      "type": "Feature",
      "properties": {
        "@id": "way/1226130340",
        "highway": "cycleway",
        "lit": "yes",
        "surface": "asphalt"
      },
      "geometry": {
        "type": "LineString",
        "coordinates": [
          [
            21.0455726,
            52.1857677
          ],
          [
            21.0455621,
            52.1857067
          ],
          [
            21.0455741,
            52.185679
          ],
          [
            21.0455646,
            52.1856338
          ],
          [
            21.0455522,
            52.1855801
          ],
          [
            21.0455075,
            52.1855059
          ]
        ]
      },
      "id": "way/1226130340"
    },
    {
      "type": "Feature",
      "properties": {
        "@id": "way/1226130342",
        "bicycle": "designated",
        "foot": "designated",
        "highway": "path",
        "lit": "yes",
        "segregated": "no",
        "smoothness": "good",
        "surface": "asphalt"
      },
      "geometry": {
        "type": "LineString",
        "coordinates": [
          [
            21.0460262,
            52.189757
          ],
          [
            21.0459688,
            52.1895383
          ],
          [
            21.045924,
            52.1893477
          ],
          [
            21.0459082,
            52.1892638
          ],
          [
            21.0458993,
            52.1892092
          ],
          [
            21.0458623,
            52.1889074
          ],
          [
            21.0457964,
            52.1883858
          ],
          [
            21.0457581,
            52.1880591
          ],
          [
            21.045726,
            52.1876998
          ],
          [
            21.0457015,
            52.18734
          ],
          [
            21.0456183,
            52.1862816
          ],
          [
            21.0455811,
            52.1859845
          ]
        ]
      },
      "id": "way/1226130342"
    },
    {
      "type": "Feature",
      "properties": {
        "@id": "way/1228732497",
        "bicycle": "designated",
        "check_date:surface": "2023-05-15",
        "cycleway:surface": "asphalt",
        "foot": "designated",
        "footway:surface": "asphalt",
        "highway": "path",
        "lit": "yes",
        "segregated": "no",
        "smoothness": "good",
        "surface": "asphalt"
      },
      "geometry": {
        "type": "LineString",
        "coordinates": [
          [
            21.0455075,
            52.1855059
          ],
          [
            21.0455049,
            52.1854888
          ],
          [
            21.0451564,
            52.1832464
          ]
        ]
      },
      "id": "way/1228732497"
    },
    {
      "type": "Feature",
      "properties": {
        "@id": "way/1228732498",
        "highway": "cycleway",
        "lit": "yes",
        "smoothness": "excellent",
        "surface": "asphalt"
      },
      "geometry": {
        "type": "LineString",
        "coordinates": [
          [
            21.0450839,
            52.1829415
          ],
          [
            21.045074,
            52.1828158
          ],
          [
            21.0450705,
            52.1827728
          ],
          [
            21.0450685,
            52.182741
          ],
          [
            21.045082,
            52.1826612
          ]
        ]
      },
      "id": "way/1228732498"
    },
    {
      "type": "Feature",
      "properties": {
        "@id": "way/1228732501",
        "highway": "cycleway",
        "lit": "yes",
        "smoothness": "excellent",
        "surface": "asphalt"
      },
      "geometry": {
        "type": "LineString",
        "coordinates": [
          [
            21.0451564,
            52.1832464
          ],
          [
            21.0451604,
            52.1832112
          ],
          [
            21.0451004,
            52.1830571
          ]
        ]
      },
      "id": "way/1228732501"
    },
    {
      "type": "Feature",
      "properties": {
        "@id": "way/1228732502",
        "crossing": "uncontrolled",
        "crossing:markings": "dots",
        "cycleway": "crossing",
        "highway": "cycleway",
        "lit": "yes",
        "smoothness": "excellent",
        "surface": "asphalt"
      },
      "geometry": {
        "type": "LineString",
        "coordinates": [
          [
            21.0451004,
            52.1830571
          ],
          [
            21.0450963,
            52.1830282
          ],
          [
            21.0450873,
            52.1829655
          ],
          [
            21.0450839,
            52.1829415
          ]
        ]
      },
      "id": "way/1228732502"
    },
    {
      "type": "Feature",
      "properties": {
        "@id": "way/1228732508",
        "highway": "cycleway",
        "surface": "asphalt"
      },
      "geometry": {
        "type": "LineString",
        "coordinates": [
          [
            21.0455811,
            52.1859845
          ],
          [
            21.0455987,
            52.1859421
          ],
          [
            21.0455869,
            52.1858615
          ]
        ]
      },
      "id": "way/1228732508"
    },
    {
      "type": "Feature",
      "properties": {
        "@id": "way/1228732509",
        "crossing": "uncontrolled",
        "crossing:markings": "yes",
        "cycleway": "crossing",
        "highway": "cycleway",
        "smoothness": "excellent",
        "surface": "asphalt"
      },
      "geometry": {
        "type": "LineString",
        "coordinates": [
          [
            21.0455869,
            52.1858615
          ],
          [
            21.045579,
            52.1858094
          ],
          [
            21.0455726,
            52.1857677
          ]
        ]
      },
      "id": "way/1228732509"
    },
    {
      "type": "Feature",
      "properties": {
        "@id": "way/1230157263",
        "bicycle": "designated",
        "cycleway:surface": "asphalt",
        "foot": "designated",
        "footway:surface": "paving_stones",
        "highway": "path",
        "lit": "yes",
        "segregated": "yes",
        "surface": "paved",
        "width": "3"
      },
      "geometry": {
        "type": "LineString",
        "coordinates": [
          [
            21.054594,
            52.2078461
          ],
          [
            21.054584,
            52.2078894
          ]
        ]
      },
      "id": "way/1230157263"
    },
    {
      "type": "Feature",
      "properties": {
        "@id": "way/1230157264",
        "bicycle": "designated",
        "cycleway": "crossing",
        "cycleway:surface": "asphalt",
        "foot": "designated",
        "footway": "crossing",
        "footway:surface": "asphalt",
        "highway": "path",
        "lit": "yes",
        "path": "crossing",
        "segregated": "yes",
        "surface": "asphalt"
      },
      "geometry": {
        "type": "LineString",
        "coordinates": [
          [
            21.0546182,
            52.2077537
          ],
          [
            21.054606,
            52.2078002
          ],
          [
            21.054594,
            52.2078461
          ]
        ]
      },
      "id": "way/1230157264"
    },
    {
      "type": "Feature",
      "properties": {
        "@id": "way/1230157265",
        "bicycle": "designated",
        "cycleway:surface": "asphalt",
        "foot": "designated",
        "footway:surface": "paving_stones",
        "highway": "path",
        "lit": "yes",
        "segregated": "yes",
        "surface": "paved"
      },
      "geometry": {
        "type": "LineString",
        "coordinates": [
          [
            21.0546206,
            52.2077315
          ],
          [
            21.0546182,
            52.2077537
          ]
        ]
      },
      "id": "way/1230157265"
    },
    {
      "type": "Feature",
      "properties": {
        "@id": "way/1230157266",
        "bicycle": "designated",
        "cycleway": "crossing",
        "cycleway:surface": "asphalt",
        "foot": "designated",
        "footway": "crossing",
        "footway:surface": "asphalt",
        "highway": "path",
        "lit": "yes",
        "path": "crossing",
        "segregated": "yes",
        "surface": "asphalt"
      },
      "geometry": {
        "type": "LineString",
        "coordinates": [
          [
            21.0546307,
            52.2076865
          ],
          [
            21.0546261,
            52.2077069
          ],
          [
            21.0546206,
            52.2077315
          ]
        ]
      },
      "id": "way/1230157266"
    },
    {
      "type": "Feature",
      "properties": {
        "@id": "way/1230157267",
        "bicycle": "designated",
        "cycleway:surface": "asphalt",
        "foot": "designated",
        "footway:surface": "paving_stones",
        "highway": "path",
        "lit": "yes",
        "segregated": "yes",
        "surface": "paved"
      },
      "geometry": {
        "type": "LineString",
        "coordinates": [
          [
            21.0546439,
            52.207641
          ],
          [
            21.0546307,
            52.2076865
          ]
        ]
      },
      "id": "way/1230157267"
    },
    {
      "type": "Feature",
      "properties": {
        "@id": "way/1230157268",
        "bicycle": "designated",
        "cycleway:surface": "asphalt",
        "foot": "designated",
        "footway:surface": "paving_stones",
        "highway": "path",
        "lit": "yes",
        "segregated": "yes",
        "surface": "paved"
      },
      "geometry": {
        "type": "LineString",
        "coordinates": [
          [
            21.0546844,
            52.2075137
          ],
          [
            21.0546628,
            52.2075742
          ]
        ]
      },
      "id": "way/1230157268"
    },
    {
      "type": "Feature",
      "properties": {
        "@id": "way/1230157271",
        "bicycle": "designated",
        "cycleway:surface": "asphalt",
        "cycleway:width": "3",
        "foot": "designated",
        "footway:surface": "paving_stones",
        "highway": "path",
        "lit": "yes",
        "path": "sidewalk",
        "segregated": "yes",
        "surface": "paved"
      },
      "geometry": {
        "type": "LineString",
        "coordinates": [
          [
            21.0520027,
            52.2072675
          ],
          [
            21.0520175,
            52.207269
          ],
          [
            21.0521445,
            52.2072826
          ],
          [
            21.0523702,
            52.2073063
          ],
          [
            21.0530951,
            52.2073766
          ],
          [
            21.0536149,
            52.2074209
          ],
          [
            21.0538067,
            52.2074366
          ],
          [
            21.0538614,
            52.2074388
          ],
          [
            21.0539158,
            52.207432
          ],
          [
            21.0539809,
            52.2074287
          ],
          [
            21.0540389,
            52.2074328
          ],
          [
            21.0542567,
            52.2074461
          ],
          [
            21.054289,
            52.2074482
          ]
        ]
      },
      "id": "way/1230157271"
    },
    {
      "type": "Feature",
      "properties": {
        "@id": "way/1230157272",
        "bicycle": "designated",
        "cycleway": "crossing",
        "cycleway:surface": "asphalt",
        "foot": "designated",
        "footway": "crossing",
        "footway:surface": "asphalt",
        "highway": "path",
        "lit": "yes",
        "path": "crossing",
        "segregated": "yes",
        "surface": "asphalt",
        "width": "3"
      },
      "geometry": {
        "type": "LineString",
        "coordinates": [
          [
            21.054289,
            52.2074482
          ],
          [
            21.0543622,
            52.2074569
          ],
          [
            21.0544319,
            52.2074651
          ]
        ]
      },
      "id": "way/1230157272"
    },
    {
      "type": "Feature",
      "properties": {
        "@id": "way/1230157279",
        "bicycle": "designated",
        "cycleway": "crossing",
        "cycleway:surface": "asphalt",
        "foot": "designated",
        "footway": "crossing",
        "footway:surface": "asphalt",
        "highway": "path",
        "lit": "yes",
        "path": "crossing",
        "segregated": "yes",
        "surface": "asphalt",
        "width": "3"
      },
      "geometry": {
        "type": "LineString",
        "coordinates": [
          [
            21.0543455,
            52.2078643
          ],
          [
            21.0542683,
            52.2078566
          ],
          [
            21.0541948,
            52.2078493
          ]
        ]
      },
      "id": "way/1230157279"
    },
    {
      "type": "Feature",
      "properties": {
        "@id": "way/1230157280",
        "bicycle": "designated",
        "cycleway:surface": "asphalt",
        "foot": "designated",
        "footway:surface": "paving_stones",
        "highway": "path",
        "lit": "yes",
        "segregated": "yes",
        "surface": "paved"
      },
      "geometry": {
        "type": "LineString",
        "coordinates": [
          [
            21.0540256,
            52.2074958
          ],
          [
            21.0540389,
            52.2074328
          ]
        ]
      },
      "id": "way/1230157280"
    },
    {
      "type": "Feature",
      "properties": {
        "@id": "way/1230157281",
        "bicycle": "designated",
        "cycleway": "crossing",
        "cycleway:surface": "asphalt",
        "foot": "designated",
        "footway": "crossing",
        "footway:surface": "asphalt",
        "highway": "path",
        "lit": "yes",
        "path": "crossing",
        "segregated": "yes",
        "surface": "asphalt"
      },
      "geometry": {
        "type": "LineString",
        "coordinates": [
          [
            21.0540016,
            52.2075893
          ],
          [
            21.054013,
            52.207545
          ],
          [
            21.0540256,
            52.2074958
          ]
        ]
      },
      "id": "way/1230157281"
    },
    {
      "type": "Feature",
      "properties": {
        "@id": "way/1230157282",
        "bicycle": "designated",
        "cycleway:surface": "asphalt",
        "foot": "designated",
        "footway:surface": "paving_stones",
        "highway": "path",
        "lit": "yes",
        "segregated": "yes",
        "surface": "paved"
      },
      "geometry": {
        "type": "LineString",
        "coordinates": [
          [
            21.0539909,
            52.2076307
          ],
          [
            21.0540016,
            52.2075893
          ]
        ]
      },
      "id": "way/1230157282"
    },
    {
      "type": "Feature",
      "properties": {
        "@id": "way/1230157283",
        "bicycle": "designated",
        "cycleway": "crossing",
        "cycleway:surface": "asphalt",
        "foot": "designated",
        "footway": "crossing",
        "footway:surface": "asphalt",
        "highway": "path",
        "lit": "yes",
        "path": "crossing",
        "segregated": "yes",
        "surface": "asphalt"
      },
      "geometry": {
        "type": "LineString",
        "coordinates": [
          [
            21.053979,
            52.2076769
          ],
          [
            21.0539846,
            52.207655
          ],
          [
            21.0539909,
            52.2076307
          ]
        ]
      },
      "id": "way/1230157283"
    },
    {
      "type": "Feature",
      "properties": {
        "@id": "way/1230157284",
        "bicycle": "designated",
        "cycleway:surface": "asphalt",
        "foot": "designated",
        "footway:surface": "paving_stones",
        "highway": "path",
        "lit": "yes",
        "segregated": "yes",
        "surface": "paved"
      },
      "geometry": {
        "type": "LineString",
        "coordinates": [
          [
            21.0539683,
            52.2077184
          ],
          [
            21.053979,
            52.2076769
          ]
        ]
      },
      "id": "way/1230157284"
    },
    {
      "type": "Feature",
      "properties": {
        "@id": "way/1230157285",
        "bicycle": "designated",
        "cycleway:surface": "asphalt",
        "foot": "designated",
        "footway:surface": "paving_stones",
        "highway": "path",
        "lit": "yes",
        "segregated": "yes",
        "surface": "paved",
        "width": "3"
      },
      "geometry": {
        "type": "LineString",
        "coordinates": [
          [
            21.053939,
            52.2078258
          ],
          [
            21.0539524,
            52.2077802
          ]
        ]
      },
      "id": "way/1230157285"
    },
    {
      "type": "Feature",
      "properties": {
        "@id": "way/1230157295",
        "bicycle": "designated",
        "cycleway": "crossing",
        "cycleway:surface": "asphalt",
        "foot": "designated",
        "footway": "crossing",
        "footway:surface": "asphalt",
        "highway": "path",
        "lit": "yes",
        "path": "crossing",
        "segregated": "yes",
        "surface": "asphalt"
      },
      "geometry": {
        "type": "LineString",
        "coordinates": [
          [
            21.0519126,
            52.2072553
          ],
          [
            21.0519574,
            52.2072614
          ],
          [
            21.0520027,
            52.2072675
          ]
        ]
      },
      "id": "way/1230157295"
    },
    {
      "type": "Feature",
      "properties": {
        "@id": "way/1230157298",
        "bicycle": "designated",
        "cycleway:surface": "asphalt",
        "foot": "designated",
        "footway:surface": "paving_stones",
        "highway": "path",
        "lit": "yes",
        "segregated": "yes",
        "surface": "paved"
      },
      "geometry": {
        "type": "LineString",
        "coordinates": [
          [
            21.0512415,
            52.2075506
          ],
          [
            21.0512322,
            52.2076091
          ]
        ]
      },
      "id": "way/1230157298"
    },
    {
      "type": "Feature",
      "properties": {
        "@id": "way/1230157299",
        "bicycle": "designated",
        "cycleway": "crossing",
        "cycleway:surface": "asphalt",
        "foot": "designated",
        "footway": "crossing",
        "footway:surface": "asphalt",
        "highway": "path",
        "lit": "yes",
        "path": "crossing",
        "segregated": "yes",
        "surface": "asphalt"
      },
      "geometry": {
        "type": "LineString",
        "coordinates": [
          [
            21.0512744,
            52.2074278
          ],
          [
            21.051257,
            52.2074927
          ],
          [
            21.0512415,
            52.2075506
          ]
        ]
      },
      "id": "way/1230157299"
    },
    {
      "type": "Feature",
      "properties": {
        "@id": "way/1230157300",
        "bicycle": "designated",
        "cycleway": "crossing",
        "cycleway:surface": "asphalt",
        "foot": "designated",
        "footway": "crossing",
        "footway:surface": "asphalt",
        "highway": "path",
        "lit": "yes",
        "path": "crossing",
        "segregated": "yes",
        "surface": "asphalt"
      },
      "geometry": {
        "type": "LineString",
        "coordinates": [
          [
            21.0513154,
            52.2072666
          ],
          [
            21.0513059,
            52.2073018
          ],
          [
            21.0512975,
            52.2073333
          ]
        ]
      },
      "id": "way/1230157300"
    },
    {
      "type": "Feature",
      "properties": {
        "@id": "way/1230157301",
        "bicycle": "designated",
        "cycleway:surface": "asphalt",
        "foot": "designated",
        "footway:surface": "paving_stones",
        "highway": "path",
        "lit": "yes",
        "segregated": "yes",
        "surface": "paved"
      },
      "geometry": {
        "type": "LineString",
        "coordinates": [
          [
            21.0513379,
            52.2071898
          ],
          [
            21.0513286,
            52.2072215
          ],
          [
            21.0513154,
            52.2072666
          ]
        ]
      },
      "id": "way/1230157301"
    },
    {
      "type": "Feature",
      "properties": {
        "@id": "way/1230157305",
        "bicycle": "designated",
        "cycleway": "crossing",
        "cycleway:surface": "asphalt",
        "foot": "designated",
        "footway": "crossing",
        "footway:surface": "asphalt",
        "highway": "path",
        "lit": "yes",
        "path": "crossing",
        "segregated": "yes",
        "surface": "asphalt"
      },
      "geometry": {
        "type": "LineString",
        "coordinates": [
          [
            21.0510791,
            52.20762
          ],
          [
            21.0510309,
            52.2076162
          ],
          [
            21.0509841,
            52.2076126
          ]
        ]
      },
      "id": "way/1230157305"
    },
    {
      "type": "Feature",
      "properties": {
        "@id": "way/1230157306",
        "highway": "cycleway",
        "surface": "asphalt"
      },
      "geometry": {
        "type": "LineString",
        "coordinates": [
          [
            21.0488896,
            52.2074043
          ],
          [
            21.0489753,
            52.2074127
          ],
          [
            21.050896,
            52.2075913
          ],
          [
            21.0509841,
            52.2076126
          ]
        ]
      },
      "id": "way/1230157306"
    },
    {
      "type": "Feature",
      "properties": {
        "@id": "way/1230163928",
        "bicycle": "designated",
        "cycleway:surface": "asphalt",
        "foot": "designated",
        "footway:surface": "paving_stones",
        "highway": "path",
        "lit": "yes",
        "segregated": "yes",
        "surface": "paved"
      },
      "geometry": {
        "type": "LineString",
        "coordinates": [
          [
            21.066255,
            52.2092624
          ],
          [
            21.0662646,
            52.2092276
          ],
          [
            21.0662676,
            52.2092168
          ],
          [
            21.0662712,
            52.2092035
          ],
          [
            21.0662812,
            52.2091674
          ]
        ]
      },
      "id": "way/1230163928"
    },
    {
      "type": "Feature",
      "properties": {
        "@id": "way/1230163929",
        "bicycle": "designated",
        "cycleway:surface": "asphalt",
        "foot": "designated",
        "footway:surface": "paving_stones",
        "highway": "path",
        "lit": "yes",
        "segregated": "yes",
        "surface": "paved"
      },
      "geometry": {
        "type": "LineString",
        "coordinates": [
          [
            21.0662415,
            52.2093027
          ],
          [
            21.066255,
            52.2092624
          ]
        ]
      },
      "id": "way/1230163929"
    },
    {
      "type": "Feature",
      "properties": {
        "@id": "way/1230163932",
        "bicycle": "designated",
        "cycleway:surface": "asphalt",
        "cycleway:width": "3",
        "foot": "designated",
        "footway:surface": "paving_stones",
        "highway": "path",
        "lit": "yes",
        "segregated": "yes",
        "surface": "paved"
      },
      "geometry": {
        "type": "LineString",
        "coordinates": [
          [
            21.0667001,
            52.2090156
          ],
          [
            21.0667228,
            52.2090185
          ],
          [
            21.0667402,
            52.2090208
          ],
          [
            21.0667835,
            52.2090264
          ]
        ]
      },
      "id": "way/1230163932"
    },
    {
      "type": "Feature",
      "properties": {
        "@id": "way/1230163933",
        "bicycle": "designated",
        "check_date:surface": "2025-07-10",
        "cycleway": "crossing",
        "cycleway:surface": "asphalt",
        "cycleway:width": "3",
        "foot": "designated",
        "footway:surface": "asphalt",
        "highway": "path",
        "lit": "yes",
        "segregated": "yes",
        "surface": "asphalt"
      },
      "geometry": {
        "type": "LineString",
        "coordinates": [
          [
            21.0666057,
            52.2090045
          ],
          [
            21.06665,
            52.2090097
          ],
          [
            21.0667001,
            52.2090156
          ]
        ]
      },
      "id": "way/1230163933"
    },
    {
      "type": "Feature",
      "properties": {
        "@id": "way/1230163934",
        "bicycle": "designated",
        "cycleway:surface": "asphalt",
        "cycleway:width": "3",
        "foot": "designated",
        "footway:surface": "paving_stones",
        "highway": "path",
        "lit": "yes",
        "segregated": "yes",
        "surface": "paved"
      },
      "geometry": {
        "type": "LineString",
        "coordinates": [
          [
            21.0665727,
            52.2090009
          ],
          [
            21.0666057,
            52.2090045
          ]
        ]
      },
      "id": "way/1230163934"
    },
    {
      "type": "Feature",
      "properties": {
        "@id": "way/1230163935",
        "bicycle": "designated",
        "cycleway:surface": "asphalt",
        "foot": "designated",
        "footway:surface": "paving_stones",
        "highway": "path",
        "lit": "yes",
        "segregated": "yes",
        "surface": "paved",
        "width": "3"
      },
      "geometry": {
        "type": "LineString",
        "coordinates": [
          [
            21.0663965,
            52.2089826
          ],
          [
            21.0664788,
            52.2089903
          ]
        ]
      },
      "id": "way/1230163935"
    },
    {
      "type": "Feature",
      "properties": {
        "@id": "way/1230721630",
        "bicycle": "yes",
        "foot": "yes",
        "highway": "living_street",
        "lanes": "2",
        "lit": "yes",
        "maxspeed": "20",
        "motor_vehicle": "permissive",
        "name": "Dzikich Jabłoni",
        "oneway": "no",
        "source:maxspeed": "PL:zone",
        "surface": "paving_stones"
      },
      "geometry": {
        "type": "LineString",
        "coordinates": [
          [
            21.0398882,
            52.1817913
          ],
          [
            21.0395857,
            52.1816217
          ],
          [
            21.0393663,
            52.1814981
          ],
          [
            21.0390773,
            52.1813364
          ],
          [
            21.0390232,
            52.1813061
          ],
          [
            21.0387975,
            52.1811795
          ],
          [
            21.0386153,
            52.1810772
          ],
          [
            21.0385915,
            52.1810638
          ],
          [
            21.0385327,
            52.1810309
          ]
        ]
      },
      "id": "way/1230721630"
    },
    {
      "type": "Feature",
      "properties": {
        "@id": "way/1232186653",
        "highway": "cycleway",
        "lit": "yes",
        "surface": "asphalt"
      },
      "geometry": {
        "type": "LineString",
        "coordinates": [
          [
            21.0680912,
            52.204539
          ],
          [
            21.0680555,
            52.2046658
          ],
          [
            21.0680186,
            52.2047962
          ],
          [
            21.0678539,
            52.2053803
          ],
          [
            21.0677252,
            52.2058393
          ],
          [
            21.0677365,
            52.2058611
          ]
        ]
      },
      "id": "way/1232186653"
    },
    {
      "type": "Feature",
      "properties": {
        "@id": "way/1232394873",
        "highway": "cycleway",
        "lit": "yes",
        "surface": "asphalt"
      },
      "geometry": {
        "type": "LineString",
        "coordinates": [
          [
            21.0461968,
            52.185639
          ],
          [
            21.0459592,
            52.1856539
          ],
          [
            21.0457305,
            52.1856678
          ],
          [
            21.0455741,
            52.185679
          ]
        ]
      },
      "id": "way/1232394873"
    },
    {
      "type": "Feature",
      "properties": {
        "@id": "way/1233783555",
        "crossing": "traffic_signals",
        "crossing:markings": "dots",
        "cycleway": "crossing",
        "highway": "cycleway",
        "surface": "asphalt"
      },
      "geometry": {
        "type": "LineString",
        "coordinates": [
          [
            21.0392842,
            52.2065157
          ],
          [
            21.0392837,
            52.206556
          ],
          [
            21.0392833,
            52.2065831
          ]
        ]
      },
      "id": "way/1233783555"
    },
    {
      "type": "Feature",
      "properties": {
        "@id": "way/1233783557",
        "highway": "cycleway",
        "surface": "asphalt"
      },
      "geometry": {
        "type": "LineString",
        "coordinates": [
          [
            21.0392804,
            52.2067947
          ],
          [
            21.0392795,
            52.2068529
          ]
        ]
      },
      "id": "way/1233783557"
    },
    {
      "type": "Feature",
      "properties": {
        "@id": "way/1233783566",
        "crossing": "traffic_signals",
        "crossing:markings": "dots",
        "cycleway": "crossing",
        "highway": "cycleway",
        "surface": "asphalt"
      },
      "geometry": {
        "type": "LineString",
        "coordinates": [
          [
            21.0388181,
            52.2068147
          ],
          [
            21.0388127,
            52.2067803
          ],
          [
            21.0388089,
            52.2067538
          ]
        ]
      },
      "id": "way/1233783566"
    },
    {
      "type": "Feature",
      "properties": {
        "@id": "way/1234994186",
        "highway": "living_street",
        "oneway": "yes",
        "surface": "paving_stones"
      },
      "geometry": {
        "type": "LineString",
        "coordinates": [
          [
            21.0446076,
            52.1973083
          ],
          [
            21.0446215,
            52.1972803
          ],
          [
            21.0446464,
            52.1972303
          ],
          [
            21.0446643,
            52.1972095
          ],
          [
            21.0446963,
            52.197189
          ],
          [
            21.044735,
            52.1971776
          ],
          [
            21.0447834,
            52.1971749
          ],
          [
            21.0448233,
            52.1971805
          ],
          [
            21.0451698,
            52.1972525
          ],
          [
            21.0451991,
            52.1972621
          ],
          [
            21.0452195,
            52.1972811
          ],
          [
            21.0452292,
            52.1973017
          ],
          [
            21.0452285,
            52.1973291
          ],
          [
            21.0452212,
            52.1973498
          ],
          [
            21.0452076,
            52.1973705
          ],
          [
            21.0451917,
            52.1973821
          ],
          [
            21.0451675,
            52.1973926
          ],
          [
            21.0451378,
            52.1974003
          ],
          [
            21.0451073,
            52.1974046
          ],
          [
            21.045075,
            52.1974026
          ],
          [
            21.0446076,
            52.1973083
          ]
        ]
      },
      "id": "way/1234994186"
    },
    {
      "type": "Feature",
      "properties": {
        "@id": "way/1237868273",
        "highway": "cycleway",
        "surface": "paving_stones"
      },
      "geometry": {
        "type": "LineString",
        "coordinates": [
          [
            21.0750631,
            52.2031434
          ],
          [
            21.0750749,
            52.2031748
          ],
          [
            21.0750874,
            52.2032076
          ]
        ]
      },
      "id": "way/1237868273"
    },
    {
      "type": "Feature",
      "properties": {
        "@id": "way/1237868274",
        "highway": "cycleway",
        "surface": "paving_stones"
      },
      "geometry": {
        "type": "LineString",
        "coordinates": [
          [
            21.0751939,
            52.203007
          ],
          [
            21.0751499,
            52.2030468
          ],
          [
            21.0750666,
            52.2031315
          ],
          [
            21.0750631,
            52.2031434
          ]
        ]
      },
      "id": "way/1237868274"
    },
    {
      "type": "Feature",
      "properties": {
        "@id": "way/1237872559",
        "cycleway": "crossing",
        "highway": "cycleway",
        "surface": "asphalt"
      },
      "geometry": {
        "type": "LineString",
        "coordinates": [
          [
            21.074539,
            52.2040023
          ],
          [
            21.074586,
            52.2040015
          ],
          [
            21.0746356,
            52.2039992
          ]
        ]
      },
      "id": "way/1237872559"
    },
    {
      "type": "Feature",
      "properties": {
        "@id": "way/1237872562",
        "highway": "cycleway",
        "surface": "paving_stones"
      },
      "geometry": {
        "type": "LineString",
        "coordinates": [
          [
            21.0746467,
            52.2035316
          ],
          [
            21.0747404,
            52.2035452
          ],
          [
            21.0748512,
            52.2035835
          ],
          [
            21.074925,
            52.2036131
          ],
          [
            21.0750203,
            52.2036335
          ],
          [
            21.0764136,
            52.2038272
          ],
          [
            21.0765894,
            52.2038228
          ],
          [
            21.0766625,
            52.2038546
          ],
          [
            21.0767118,
            52.2038735
          ]
        ]
      },
      "id": "way/1237872562"
    },
    {
      "type": "Feature",
      "properties": {
        "@id": "way/1237872563",
        "cycleway": "crossing",
        "highway": "cycleway",
        "surface": "paving_stones"
      },
      "geometry": {
        "type": "LineString",
        "coordinates": [
          [
            21.0745578,
            52.2035194
          ],
          [
            21.0746032,
            52.2035258
          ],
          [
            21.0746467,
            52.2035316
          ]
        ]
      },
      "id": "way/1237872563"
    },
    {
      "type": "Feature",
      "properties": {
        "@id": "way/1271947450",
        "highway": "cycleway",
        "lit": "yes",
        "smoothness": "excellent",
        "surface": "asphalt"
      },
      "geometry": {
        "type": "LineString",
        "coordinates": [
          [
            21.0304599,
            52.2065803
          ],
          [
            21.0303713,
            52.2065893
          ],
          [
            21.0303228,
            52.206594
          ],
          [
            21.0300689,
            52.2066166
          ],
          [
            21.0300295,
            52.2066203
          ],
          [
            21.0299922,
            52.2066234
          ],
          [
            21.0299546,
            52.2066258
          ],
          [
            21.0297818,
            52.206634
          ],
          [
            21.0297355,
            52.2066376
          ],
          [
            21.029694,
            52.2066419
          ],
          [
            21.0296345,
            52.2066498
          ],
          [
            21.0295956,
            52.2066552
          ],
          [
            21.0295567,
            52.2066606
          ],
          [
            21.0295028,
            52.2066582
          ]
        ]
      },
      "id": "way/1271947450"
    },
    {
      "type": "Feature",
      "properties": {
        "@id": "way/1281948125",
        "highway": "living_street",
        "name": "Urle",
        "surface": "paving_stones"
      },
      "geometry": {
        "type": "LineString",
        "coordinates": [
          [
            21.0520896,
            52.1909782
          ],
          [
            21.0520243,
            52.1909825
          ],
          [
            21.0514495,
            52.1908646
          ],
          [
            21.0513414,
            52.1908424
          ],
          [
            21.0507765,
            52.1907265
          ],
          [
            21.050637,
            52.1906988
          ],
          [
            21.050371,
            52.1906458
          ],
          [
            21.0502473,
            52.1906211
          ],
          [
            21.0498494,
            52.1905377
          ],
          [
            21.0498059,
            52.1905041
          ]
        ]
      },
      "id": "way/1281948125"
    },
    {
      "type": "Feature",
      "properties": {
        "@id": "way/1281948126",
        "highway": "living_street",
        "name": "Urle"
      },
      "geometry": {
        "type": "LineString",
        "coordinates": [
          [
            21.0504746,
            52.188949
          ],
          [
            21.0500357,
            52.1887918
          ],
          [
            21.049967,
            52.1887667
          ],
          [
            21.0495907,
            52.1886438
          ],
          [
            21.0494409,
            52.1885894
          ],
          [
            21.0493639,
            52.1885597
          ]
        ]
      },
      "id": "way/1281948126"
    },
    {
      "type": "Feature",
      "properties": {
        "@id": "way/1282770686",
        "highway": "cycleway",
        "surface": "paved"
      },
      "geometry": {
        "type": "LineString",
        "coordinates": [
          [
            21.0348352,
            52.2070613
          ],
          [
            21.0347246,
            52.2070688
          ],
          [
            21.0346819,
            52.2070732
          ],
          [
            21.0342871,
            52.2071439
          ],
          [
            21.0341901,
            52.207154
          ],
          [
            21.0337511,
            52.2071795
          ],
          [
            21.0337213,
            52.2071798
          ],
          [
            21.0336922,
            52.2071783
          ],
          [
            21.0335455,
            52.2071548
          ],
          [
            21.0335105,
            52.2071513
          ],
          [
            21.0334712,
            52.2071481
          ],
          [
            21.0334384,
            52.2071461
          ],
          [
            21.0334024,
            52.2071455
          ],
          [
            21.0333689,
            52.2071459
          ],
          [
            21.033331,
            52.2071479
          ],
          [
            21.0332877,
            52.2071519
          ],
          [
            21.0331974,
            52.207162
          ],
          [
            21.0331661,
            52.2071635
          ],
          [
            21.0331402,
            52.2071629
          ],
          [
            21.0330102,
            52.2071533
          ],
          [
            21.0329727,
            52.2071504
          ],
          [
            21.0329418,
            52.2071495
          ],
          [
            21.0329017,
            52.207149
          ],
          [
            21.0328646,
            52.2071504
          ],
          [
            21.032819,
            52.2071531
          ],
          [
            21.032779,
            52.2071573
          ]
        ]
      },
      "id": "way/1282770686"
    },
    {
      "type": "Feature",
      "properties": {
        "@id": "way/1282770687",
        "highway": "cycleway",
        "surface": "asphalt"
      },
      "geometry": {
        "type": "LineString",
        "coordinates": [
          [
            21.0315156,
            52.2067496
          ],
          [
            21.0315492,
            52.2067574
          ],
          [
            21.0315893,
            52.2067647
          ],
          [
            21.0316326,
            52.20677
          ],
          [
            21.031669,
            52.2067725
          ],
          [
            21.0317062,
            52.2067731
          ],
          [
            21.0317376,
            52.2067726
          ],
          [
            21.0317711,
            52.206774
          ],
          [
            21.0317984,
            52.2067766
          ],
          [
            21.0320475,
            52.2068019
          ],
          [
            21.0324664,
            52.2068495
          ]
        ]
      },
      "id": "way/1282770687"
    },
    {
      "type": "Feature",
      "properties": {
        "@id": "way/1282770688",
        "highway": "cycleway",
        "smoothness": "excellent",
        "surface": "asphalt"
      },
      "geometry": {
        "type": "LineString",
        "coordinates": [
          [
            21.032779,
            52.2071573
          ],
          [
            21.03273,
            52.2071669
          ],
          [
            21.0325737,
            52.2072036
          ],
          [
            21.032533,
            52.2072132
          ],
          [
            21.0324876,
            52.2072225
          ],
          [
            21.0324521,
            52.2072285
          ],
          [
            21.0324224,
            52.2072303
          ],
          [
            21.032398,
            52.2072314
          ],
          [
            21.0323702,
            52.2072318
          ],
          [
            21.0323403,
            52.2072314
          ],
          [
            21.0323029,
            52.2072304
          ],
          [
            21.0322591,
            52.207229
          ],
          [
            21.0322091,
            52.2072271
          ],
          [
            21.0321613,
            52.2072249
          ],
          [
            21.032114,
            52.2072221
          ],
          [
            21.0320585,
            52.2072179
          ],
          [
            21.0320176,
            52.2072146
          ],
          [
            21.0319565,
            52.2072093
          ],
          [
            21.031886,
            52.2072016
          ],
          [
            21.0318081,
            52.2071932
          ]
        ]
      },
      "id": "way/1282770688"
    },
    {
      "type": "Feature",
      "properties": {
        "@id": "way/1301607406",
        "crossing": "uncontrolled",
        "crossing:markings": "dots",
        "cycleway": "crossing",
        "highway": "cycleway",
        "lit": "yes",
        "smoothness": "good",
        "surface": "asphalt"
      },
      "geometry": {
        "type": "LineString",
        "coordinates": [
          [
            21.0317145,
            52.2055711
          ],
          [
            21.0316894,
            52.2056001
          ],
          [
            21.0316476,
            52.2056485
          ]
        ]
      },
      "id": "way/1301607406"
    },
    {
      "type": "Feature",
      "properties": {
        "@id": "way/1301607407",
        "highway": "cycleway",
        "lit": "yes",
        "smoothness": "good",
        "surface": "asphalt",
        "width": "2"
      },
      "geometry": {
        "type": "LineString",
        "coordinates": [
          [
            21.0323013,
            52.2048462
          ],
          [
            21.0322459,
            52.2049304
          ],
          [
            21.0321737,
            52.2050387
          ],
          [
            21.0318108,
            52.2054561
          ],
          [
            21.0317145,
            52.2055711
          ]
        ]
      },
      "id": "way/1301607407"
    },
    {
      "type": "Feature",
      "properties": {
        "@id": "way/1303109348",
        "fixme": "Do poprawy geometria na podstawie orto2024",
        "highway": "cycleway",
        "oneway": "yes",
        "surface": "asphalt"
      },
      "geometry": {
        "type": "LineString",
        "coordinates": [
          [
            21.0451644,
            52.206576
          ],
          [
            21.0451852,
            52.2065516
          ],
          [
            21.04519,
            52.206546
          ],
          [
            21.0452308,
            52.2065034
          ],
          [
            21.045235,
            52.206499
          ],
          [
            21.045259,
            52.206468
          ],
          [
            21.045277,
            52.2064285
          ],
          [
            21.045344,
            52.2064087
          ]
        ]
      },
      "id": "way/1303109348"
    },
    {
      "type": "Feature",
      "properties": {
        "@id": "way/1304812706",
        "highway": "residential",
        "maxspeed": "30",
        "name": "Goczałkowicka",
        "surface": "ground",
        "wikidata": "Q107009367"
      },
      "geometry": {
        "type": "LineString",
        "coordinates": [
          [
            21.072128,
            52.1855481
          ],
          [
            21.0725659,
            52.1856012
          ],
          [
            21.0728586,
            52.1856357
          ],
          [
            21.0731062,
            52.1856692
          ]
        ]
      },
      "id": "way/1304812706"
    },
    {
      "type": "Feature",
      "properties": {
        "@id": "way/1312977467",
        "highway": "residential",
        "lanes": "2",
        "lit": "yes",
        "maxspeed": "30",
        "name": "Bluszczańska",
        "sidewalk:left": "separate",
        "sidewalk:right": "no",
        "source:maxspeed": "sign",
        "surface": "asphalt",
        "wikidata": "Q110162521"
      },
      "geometry": {
        "type": "LineString",
        "coordinates": [
          [
            21.0685166,
            52.2093219
          ],
          [
            21.0689863,
            52.2093918
          ],
          [
            21.0691979,
            52.2094233
          ]
        ]
      },
      "id": "way/1312977467"
    },
    {
      "type": "Feature",
      "properties": {
        "@id": "way/1313826294",
        "foot": "no",
        "highway": "residential",
        "lanes": "2",
        "lanes:backward": "1",
        "lanes:forward": "1",
        "lit": "yes",
        "maxspeed": "30",
        "name": "Białego Dębu",
        "oneway": "no",
        "sidewalk": "separate",
        "smoothness": "good",
        "source:maxspeed": "PL:zone",
        "surface": "paving_stones"
      },
      "geometry": {
        "type": "LineString",
        "coordinates": [
          [
            21.0379197,
            52.1816213
          ],
          [
            21.0378778,
            52.1815967
          ],
          [
            21.037768,
            52.1815323
          ],
          [
            21.0376482,
            52.1814625
          ],
          [
            21.0376032,
            52.1814356
          ]
        ]
      },
      "id": "way/1313826294"
    },
    {
      "type": "Feature",
      "properties": {
        "@id": "way/1313826295",
        "foot": "no",
        "highway": "residential",
        "lanes": "2",
        "lanes:backward": "1",
        "lanes:forward": "1",
        "lit": "yes",
        "maxspeed": "30",
        "name": "Białego Dębu",
        "oneway": "no",
        "sidewalk": "separate",
        "source:maxspeed": "PL:zone",
        "surface": "asphalt"
      },
      "geometry": {
        "type": "LineString",
        "coordinates": [
          [
            21.0376032,
            52.1814356
          ],
          [
            21.0370393,
            52.1811106
          ],
          [
            21.0369848,
            52.1810787
          ],
          [
            21.036929,
            52.1810461
          ]
        ]
      },
      "id": "way/1313826295"
    },
    {
      "type": "Feature",
      "properties": {
        "@id": "way/1313827238",
        "bicycle": "designated",
        "cycleway:surface": "asphalt",
        "foot": "designated",
        "footway": "sidewalk",
        "footway:surface": "paving_stones",
        "highway": "path",
        "lit": "yes",
        "path": "sidewalk",
        "segregated": "yes",
        "smoothness": "good",
        "surface": "paved"
      },
      "geometry": {
        "type": "LineString",
        "coordinates": [
          [
            21.0359443,
            52.2007813
          ],
          [
            21.0358889,
            52.2008412
          ],
          [
            21.0358324,
            52.2009021
          ],
          [
            21.0357965,
            52.2009409
          ],
          [
            21.0356462,
            52.2011075
          ],
          [
            21.0355458,
            52.2012178
          ],
          [
            21.0355145,
            52.2012522
          ],
          [
            21.0354983,
            52.20127
          ],
          [
            21.0354611,
            52.2013109
          ],
          [
            21.0354558,
            52.2013166
          ]
        ]
      },
      "id": "way/1313827238"
    },
    {
      "type": "Feature",
      "properties": {
        "@id": "way/1313827243",
        "bicycle": "designated",
        "cycleway:surface": "asphalt",
        "foot": "designated",
        "footway": "sidewalk",
        "footway:surface": "paving_stones",
        "highway": "path",
        "lit": "yes",
        "path": "sidewalk",
        "segregated": "yes",
        "smoothness": "good",
        "surface": "paved"
      },
      "geometry": {
        "type": "LineString",
        "coordinates": [
          [
            21.035409,
            52.2013763
          ],
          [
            21.0353781,
            52.2014245
          ],
          [
            21.0353708,
            52.2014359
          ],
          [
            21.0353604,
            52.2014492
          ],
          [
            21.0352986,
            52.2015102
          ],
          [
            21.0352713,
            52.2015371
          ],
          [
            21.0352559,
            52.2015523
          ],
          [
            21.0352446,
            52.2015634
          ],
          [
            21.0352303,
            52.201578
          ],
          [
            21.0352147,
            52.2015917
          ],
          [
            21.0351969,
            52.2016047
          ],
          [
            21.0351795,
            52.2016152
          ],
          [
            21.0351588,
            52.201626
          ],
          [
            21.0351364,
            52.2016357
          ],
          [
            21.0350682,
            52.2016592
          ],
          [
            21.0350317,
            52.2016735
          ]
        ]
      },
      "id": "way/1313827243"
    },
    {
      "type": "Feature",
      "properties": {
        "@id": "way/1331917968",
        "highway": "cycleway",
        "surface": "asphalt"
      },
      "geometry": {
        "type": "LineString",
        "coordinates": [
          [
            21.0644713,
            52.2049834
          ],
          [
            21.0644042,
            52.204943
          ],
          [
            21.0643444,
            52.204907
          ]
        ]
      },
      "id": "way/1331917968"
    },
    {
      "type": "Feature",
      "properties": {
        "@id": "way/1331917969",
        "description": "39KD(D)",
        "highway": "residential",
        "maxspeed": "30",
        "source:maxspeed": "PL:zone30",
        "surface": "paving_stones",
        "traffic_calming": "table"
      },
      "geometry": {
        "type": "LineString",
        "coordinates": [
          [
            21.0637146,
            52.2045277
          ],
          [
            21.0638143,
            52.2045887
          ],
          [
            21.06385,
            52.2046123
          ]
        ]
      },
      "id": "way/1331917969"
    },
    {
      "type": "Feature",
      "properties": {
        "@id": "way/1331917976",
        "bicycle": "designated",
        "cycleway:surface": "asphalt",
        "foot": "designated",
        "footway:surface": "paving_stones",
        "highway": "path",
        "lit": "yes",
        "path": "sidewalk",
        "segregated": "yes",
        "surface": "paved"
      },
      "geometry": {
        "type": "LineString",
        "coordinates": [
          [
            21.0630144,
            52.2058354
          ],
          [
            21.0630018,
            52.2058247
          ],
          [
            21.0629753,
            52.2057976
          ],
          [
            21.0628701,
            52.2056833
          ],
          [
            21.0628588,
            52.2056726
          ],
          [
            21.0628077,
            52.2056281
          ],
          [
            21.0625295,
            52.2054695
          ],
          [
            21.062469,
            52.2054434
          ],
          [
            21.0623955,
            52.2054118
          ]
        ]
      },
      "id": "way/1331917976"
    },
    {
      "type": "Feature",
      "properties": {
        "@id": "way/1331917977",
        "bicycle": "designated",
        "foot": "designated",
        "highway": "path",
        "segregated": "yes",
        "surface": "paving_stones"
      },
      "geometry": {
        "type": "LineString",
        "coordinates": [
          [
            21.0623955,
            52.2054118
          ],
          [
            21.0623444,
            52.205383
          ],
          [
            21.0622943,
            52.2053548
          ]
        ]
      },
      "id": "way/1331917977"
    },
    {
      "type": "Feature",
      "properties": {
        "@id": "way/1331917978",
        "bicycle": "designated",
        "foot": "designated",
        "highway": "path",
        "segregated": "yes",
        "surface": "paving_stones"
      },
      "geometry": {
        "type": "LineString",
        "coordinates": [
          [
            21.0620795,
            52.2052088
          ],
          [
            21.0622616,
            52.2053185
          ],
          [
            21.0622943,
            52.2053548
          ]
        ]
      },
      "id": "way/1331917978"
    },
    {
      "type": "Feature",
      "properties": {
        "@id": "way/1331917979",
        "bicycle": "designated",
        "foot": "designated",
        "highway": "path",
        "segregated": "yes",
        "surface": "paving_stones"
      },
      "geometry": {
        "type": "LineString",
        "coordinates": [
          [
            21.0625469,
            52.2052007
          ],
          [
            21.0624955,
            52.2052007
          ],
          [
            21.0622871,
            52.2050734
          ]
        ]
      },
      "id": "way/1331917979"
    },
    {
      "type": "Feature",
      "properties": {
        "@id": "way/1331917980",
        "bicycle": "designated",
        "foot": "designated",
        "highway": "path",
        "segregated": "yes",
        "surface": "paving_stones"
      },
      "geometry": {
        "type": "LineString",
        "coordinates": [
          [
            21.0625469,
            52.2052007
          ],
          [
            21.0625943,
            52.2052269
          ],
          [
            21.062643,
            52.2052574
          ]
        ]
      },
      "id": "way/1331917980"
    },
    {
      "type": "Feature",
      "properties": {
        "@id": "way/1331917981",
        "bicycle": "designated",
        "cycleway:surface": "asphalt",
        "foot": "designated",
        "footway:surface": "paving_stones",
        "highway": "path",
        "lit": "yes",
        "path": "sidewalk",
        "segregated": "yes",
        "surface": "paved"
      },
      "geometry": {
        "type": "LineString",
        "coordinates": [
          [
            21.062643,
            52.2052574
          ],
          [
            21.0627059,
            52.2052956
          ],
          [
            21.0627346,
            52.2053094
          ],
          [
            21.0627933,
            52.2053244
          ],
          [
            21.0628157,
            52.2053326
          ],
          [
            21.0629518,
            52.2054162
          ],
          [
            21.0632075,
            52.2055733
          ],
          [
            21.0633273,
            52.2056428
          ]
        ]
      },
      "id": "way/1331917981"
    },
    {
      "type": "Feature",
      "properties": {
        "@id": "way/1331917984",
        "highway": "cycleway",
        "surface": "asphalt"
      },
      "geometry": {
        "type": "LineString",
        "coordinates": [
          [
            21.0659525,
            52.2029861
          ],
          [
            21.0659381,
            52.2030371
          ]
        ]
      },
      "id": "way/1331917984"
    },
    {
      "type": "Feature",
      "properties": {
        "@id": "way/1331917985",
        "bicycle": "designated",
        "cycleway:surface": "asphalt",
        "foot": "designated",
        "footway:surface": "paving_stones",
        "highway": "path",
        "segregated": "yes",
        "surface": "paved"
      },
      "geometry": {
        "type": "LineString",
        "coordinates": [
          [
            21.0659381,
            52.2030371
          ],
          [
            21.0659166,
            52.2030684
          ],
          [
            21.0658767,
            52.2031023
          ],
          [
            21.0657284,
            52.203153
          ],
          [
            21.0656804,
            52.2031612
          ],
          [
            21.0656262,
            52.2031593
          ],
          [
            21.0655658,
            52.2031543
          ],
          [
            21.0654912,
            52.2031624
          ],
          [
            21.0654513,
            52.2031812
          ],
          [
            21.065122,
            52.2035598
          ],
          [
            21.0651029,
            52.203612
          ]
        ]
      },
      "id": "way/1331917985"
    },
    {
      "type": "Feature",
      "properties": {
        "@id": "way/1349059527",
        "highway": "cycleway",
        "surface": "asphalt"
      },
      "geometry": {
        "type": "LineString",
        "coordinates": [
          [
            21.0838881,
            52.207479
          ],
          [
            21.0839329,
            52.2075125
          ],
          [
            21.0840404,
            52.2076066
          ],
          [
            21.0843655,
            52.2079373
          ],
          [
            21.0847822,
            52.2083989
          ],
          [
            21.0848146,
            52.2084372
          ],
          [
            21.0851408,
            52.2088345
          ],
          [
            21.0855175,
            52.2092731
          ],
          [
            21.0860521,
            52.2099171
          ],
          [
            21.086521,
            52.2104486
          ],
          [
            21.0868208,
            52.2107529
          ],
          [
            21.0870387,
            52.2109558
          ],
          [
            21.0875468,
            52.2113946
          ],
          [
            21.0875922,
            52.2114349
          ]
        ]
      },
      "id": "way/1349059527"
    },
    {
      "type": "Feature",
      "properties": {
        "@id": "way/1349059528",
        "cycleway": "crossing",
        "highway": "cycleway",
        "surface": "asphalt"
      },
      "geometry": {
        "type": "LineString",
        "coordinates": [
          [
            21.0835533,
            52.2072353
          ],
          [
            21.0835928,
            52.2072581
          ],
          [
            21.0836283,
            52.2072797
          ]
        ]
      },
      "id": "way/1349059528"
    },
    {
      "type": "Feature",
      "properties": {
        "@id": "way/1357787449",
        "highway": "residential",
        "lane_markings": "no",
        "lanes": "2",
        "lit": "yes",
        "maxspeed": "30",
        "name": "Bluszczańska",
        "sidewalk:both": "separate",
        "source:maxspeed": "sign",
        "surface": "asphalt",
        "wikidata": "Q110162521"
      },
      "geometry": {
        "type": "LineString",
        "coordinates": [
          [
            21.0713921,
            52.2093906
          ],
          [
            21.0714616,
            52.2093863
          ],
          [
            21.0716482,
            52.2093749
          ],
          [
            21.0717586,
            52.2093681
          ],
          [
            21.0719307,
            52.2093614
          ],
          [
            21.0721335,
            52.209351
          ],
          [
            21.0724664,
            52.2093351
          ],
          [
            21.0726151,
            52.2093263
          ],
          [
            21.0729026,
            52.2093064
          ]
        ]
      },
      "id": "way/1357787449"
    },
    {
      "type": "Feature",
      "properties": {
        "@id": "way/1359602848",
        "highway": "cycleway"
      },
      "geometry": {
        "type": "LineString",
        "coordinates": [
          [
            21.04345,
            52.1818655
          ],
          [
            21.0433776,
            52.1818575
          ],
          [
            21.0433151,
            52.1818575
          ]
        ]
      },
      "id": "way/1359602848"
    },
    {
      "type": "Feature",
      "properties": {
        "@id": "way/1359602849",
        "highway": "cycleway"
      },
      "geometry": {
        "type": "LineString",
        "coordinates": [
          [
            21.043229,
            52.1827219
          ],
          [
            21.0431567,
            52.1827154
          ],
          [
            21.0431104,
            52.1826914
          ]
        ]
      },
      "id": "way/1359602849"
    },
    {
      "type": "Feature",
      "properties": {
        "@id": "way/1366624394",
        "highway": "cycleway",
        "surface": "asphalt"
      },
      "geometry": {
        "type": "LineString",
        "coordinates": [
          [
            21.043877,
            52.1856241
          ],
          [
            21.0438043,
            52.1856241
          ],
          [
            21.0437609,
            52.1856318
          ],
          [
            21.043717,
            52.1856315
          ],
          [
            21.0432685,
            52.1855871
          ],
          [
            21.0428949,
            52.1855817
          ],
          [
            21.0426113,
            52.1855661
          ],
          [
            21.0425464,
            52.1855612
          ],
          [
            21.0423911,
            52.1855745
          ],
          [
            21.0422577,
            52.1855716
          ]
        ]
      },
      "id": "way/1366624394"
    },
    {
      "type": "Feature",
      "properties": {
        "@id": "way/1366624395",
        "crossing": "uncontrolled",
        "crossing:markings": "yes",
        "cycleway": "crossing",
        "highway": "cycleway",
        "surface": "asphalt"
      },
      "geometry": {
        "type": "LineString",
        "coordinates": [
          [
            21.0439718,
            52.185635
          ],
          [
            21.0439234,
            52.1856294
          ],
          [
            21.043877,
            52.1856241
          ]
        ]
      },
      "id": "way/1366624395"
    },
    {
      "type": "Feature",
      "properties": {
        "@id": "way/1370111491",
        "highway": "residential",
        "lane_markings": "yes",
        "lanes": "2",
        "lit": "yes",
        "maxspeed": "30",
        "name": "Ananasowa",
        "sidewalk:both": "separate",
        "smoothness": "excellent",
        "source:maxspeed": "PL:zone30",
        "surface": "paving_stones",
        "traffic_calming": "table",
        "wikidata": "Q110137600"
      },
      "geometry": {
        "type": "LineString",
        "coordinates": [
          [
            21.0696457,
            52.2061754
          ],
          [
            21.0696897,
            52.2061319
          ],
          [
            21.0697035,
            52.2061182
          ],
          [
            21.069753,
            52.2060605
          ]
        ]
      },
      "id": "way/1370111491"
    },
    {
      "type": "Feature",
      "properties": {
        "@id": "way/1373286173",
        "description": "37KD(D)",
        "highway": "residential",
        "maxspeed": "30",
        "name": "Adama Borkiewicza",
        "source:maxspeed": "PL:zone30",
        "surface": "paving_stones",
        "traffic_calming": "table"
      },
      "geometry": {
        "type": "LineString",
        "coordinates": [
          [
            21.0622847,
            52.2054201
          ],
          [
            21.0623444,
            52.205383
          ],
          [
            21.0624709,
            52.2053037
          ]
        ]
      },
      "id": "way/1373286173"
    },
    {
      "type": "Feature",
      "properties": {
        "@id": "way/1373642770",
        "bicycle": "designated",
        "cycleway:surface": "asphalt",
        "foot": "designated",
        "footway:surface": "paving_stones",
        "highway": "path",
        "path": "sidewalk",
        "segregated": "yes",
        "surface": "paving_stones"
      },
      "geometry": {
        "type": "LineString",
        "coordinates": [
          [
            21.0628755,
            52.209196
          ],
          [
            21.0628405,
            52.2091907
          ],
          [
            21.0623919,
            52.2091437
          ],
          [
            21.0622483,
            52.2091297
          ],
          [
            21.0622062,
            52.2091255
          ],
          [
            21.0613953,
            52.2090388
          ],
          [
            21.0610886,
            52.2090059
          ],
          [
            21.060826,
            52.2089783
          ],
          [
            21.0602605,
            52.2089184
          ],
          [
            21.059919,
            52.2088823
          ],
          [
            21.0597335,
            52.208862
          ],
          [
            21.0596401,
            52.2088525
          ],
          [
            21.059531,
            52.2088411
          ],
          [
            21.0592521,
            52.2088121
          ],
          [
            21.0592061,
            52.208809
          ],
          [
            21.0591621,
            52.2088094
          ],
          [
            21.0591139,
            52.2088157
          ]
        ]
      },
      "id": "way/1373642770"
    },
    {
      "type": "Feature",
      "properties": {
        "@id": "way/1375830614",
        "bicycle": "designated",
        "cycleway:surface": "asphalt",
        "foot": "designated",
        "footway:surface": "paving_stones",
        "highway": "path",
        "lit": "yes",
        "segregated": "yes",
        "surface": "paved",
        "width": "2.5"
      },
      "geometry": {
        "type": "LineString",
        "coordinates": [
          [
            21.0633136,
            52.2092423
          ],
          [
            21.0632772,
            52.209262
          ],
          [
            21.0632336,
            52.2092575
          ]
        ]
      },
      "id": "way/1375830614"
    },
    {
      "type": "Feature",
      "properties": {
        "@id": "way/1383723425",
        "highway": "residential",
        "lane_markings": "yes",
        "lanes": "2",
        "lit": "yes",
        "maxspeed": "30",
        "name": "Kiwi",
        "sidewalk:both": "separate",
        "smoothness": "excellent",
        "source:maxspeed": "PL:zone30",
        "surface": "paving_stones",
        "traffic_calming": "table"
      },
      "geometry": {
        "type": "LineString",
        "coordinates": [
          [
            21.0696457,
            52.2061754
          ],
          [
            21.0697364,
            52.2062122
          ],
          [
            21.0697995,
            52.2062382
          ]
        ]
      },
      "id": "way/1383723425"
    },
    {
      "type": "Feature",
      "properties": {
        "@id": "way/1383723429",
        "highway": "residential",
        "lane_markings": "yes",
        "lanes": "2",
        "lit": "yes",
        "maxspeed": "30",
        "name": "Ananasowa",
        "sidewalk:both": "separate",
        "smoothness": "excellent",
        "source:maxspeed": "PL:zone30",
        "surface": "paving_stones",
        "traffic_calming": "table",
        "wikidata": "Q110137600"
      },
      "geometry": {
        "type": "LineString",
        "coordinates": [
          [
            21.0695236,
            52.2062737
          ],
          [
            21.0695787,
            52.2062293
          ],
          [
            21.0696457,
            52.2061754
          ]
        ]
      },
      "id": "way/1383723429"
    },
    {
      "type": "Feature",
      "properties": {
        "@id": "way/1383748920",
        "bicycle": "designated",
        "cycleway:surface": "asphalt",
        "cycleway:width": "2.5",
        "foot": "designated",
        "footway:surface": "paving_stones",
        "highway": "path",
        "lit": "yes",
        "segregated": "yes",
        "surface": "paved"
      },
      "geometry": {
        "type": "LineString",
        "coordinates": [
          [
            21.0664449,
            52.2087627
          ],
          [
            21.0664368,
            52.2088171
          ],
          [
            21.0664349,
            52.2088293
          ],
          [
            21.0664253,
            52.2088751
          ],
          [
            21.0664049,
            52.2089644
          ],
          [
            21.0663965,
            52.2089826
          ]
        ]
      },
      "id": "way/1383748920"
    },
    {
      "type": "Feature",
      "properties": {
        "@id": "way/1383748921",
        "highway": "cycleway",
        "lit": "yes",
        "surface": "asphalt",
        "width": "2.5"
      },
      "geometry": {
        "type": "LineString",
        "coordinates": [
          [
            21.0662915,
            52.2091448
          ],
          [
            21.0663241,
            52.2091148
          ],
          [
            21.0663581,
            52.2090542
          ],
          [
            21.0663965,
            52.2089826
          ]
        ]
      },
      "id": "way/1383748921"
    },
    {
      "type": "Feature",
      "properties": {
        "@id": "way/1383748922",
        "bicycle": "designated",
        "cycleway:surface": "asphalt",
        "foot": "designated",
        "footway:surface": "paving_stones",
        "highway": "path",
        "lit": "yes",
        "segregated": "yes",
        "surface": "paved"
      },
      "geometry": {
        "type": "LineString",
        "coordinates": [
          [
            21.0662812,
            52.2091674
          ],
          [
            21.0662854,
            52.2091577
          ],
          [
            21.0662915,
            52.2091448
          ]
        ]
      },
      "id": "way/1383748922"
    },
    {
      "type": "Feature",
      "properties": {
        "@id": "way/1385848048",
        "bicycle": "designated",
        "foot": "designated",
        "footway": "sidewalk",
        "highway": "path",
        "lit": "yes",
        "segregated": "no",
        "smoothness": "good",
        "surface": "asphalt"
      },
      "geometry": {
        "type": "LineString",
        "coordinates": [
          [
            21.0333481,
            52.2036298
          ],
          [
            21.0333391,
            52.2036403
          ],
          [
            21.0333078,
            52.203687
          ],
          [
            21.0332819,
            52.2037272
          ],
          [
            21.0331271,
            52.2039026
          ],
          [
            21.0331053,
            52.2039272
          ],
          [
            21.0330874,
            52.2039478
          ],
          [
            21.033043,
            52.2039985
          ],
          [
            21.0330307,
            52.2040126
          ],
          [
            21.0323013,
            52.2048462
          ]
        ]
      },
      "id": "way/1385848048"
    },
    {
      "type": "Feature",
      "properties": {
        "@id": "way/1388538891",
        "highway": "residential",
        "lane_markings": "yes",
        "lanes": "2",
        "lit": "yes",
        "maxspeed": "30",
        "name": "Kątna",
        "sidewalk:both": "separate",
        "smoothness": "excellent",
        "source:maxspeed": "PL:zone30",
        "surface": "paving_stones",
        "traffic_calming": "table"
      },
      "geometry": {
        "type": "LineString",
        "coordinates": [
          [
            21.0724277,
            52.2073419
          ],
          [
            21.0724801,
            52.2073803
          ],
          [
            21.0725298,
            52.207423
          ],
          [
            21.0725595,
            52.2074491
          ]
        ]
      },
      "id": "way/1388538891"
    },
    {
      "type": "Feature",
      "properties": {
        "@id": "way/1391776546",
        "highway": "residential",
        "lane_markings": "yes",
        "lanes": "2",
        "lit": "yes",
        "maxspeed": "30",
        "name": "Kiwi",
        "sidewalk:both": "separate",
        "smoothness": "excellent",
        "source:maxspeed": "PL:zone30",
        "surface": "paving_stones",
        "traffic_calming": "table"
      },
      "geometry": {
        "type": "LineString",
        "coordinates": [
          [
            21.0705958,
            52.2065613
          ],
          [
            21.0706773,
            52.2065937
          ]
        ]
      },
      "id": "way/1391776546"
    },
    {
      "type": "Feature",
      "properties": {
        "@id": "way/1391776547",
        "highway": "residential",
        "lanes": "2",
        "lit": "yes",
        "maxspeed": "30",
        "name": "Kiwi",
        "sidewalk:both": "separate",
        "smoothness": "excellent",
        "source:maxspeed": "PL:zone30",
        "surface": "asphalt"
      },
      "geometry": {
        "type": "LineString",
        "coordinates": [
          [
            21.0697995,
            52.2062382
          ],
          [
            21.0705958,
            52.2065613
          ]
        ]
      },
      "id": "way/1391776547"
    },
    {
      "type": "Feature",
      "properties": {
        "@id": "way/1391776549",
        "highway": "residential",
        "lane_markings": "yes",
        "lanes": "2",
        "lit": "yes",
        "maxspeed": "30",
        "name": "Kiwi",
        "sidewalk:both": "separate",
        "smoothness": "excellent",
        "source:maxspeed": "PL:zone30",
        "surface": "paving_stones",
        "traffic_calming": "table"
      },
      "geometry": {
        "type": "LineString",
        "coordinates": [
          [
            21.0722246,
            52.2072237
          ],
          [
            21.0722696,
            52.2072453
          ],
          [
            21.0724277,
            52.2073419
          ]
        ]
      },
      "id": "way/1391776549"
    },
    {
      "type": "Feature",
      "properties": {
        "@id": "way/1392694281",
        "highway": "cycleway",
        "lit": "yes",
        "smoothness": "excellent",
        "surface": "asphalt"
      },
      "geometry": {
        "type": "LineString",
        "coordinates": [
          [
            21.0553685,
            52.1817441
          ],
          [
            21.0553135,
            52.1817082
          ],
          [
            21.0551194,
            52.1815783
          ],
          [
            21.0550986,
            52.1815663
          ],
          [
            21.0550715,
            52.181554
          ],
          [
            21.055047,
            52.1815427
          ],
          [
            21.055029,
            52.181533
          ],
          [
            21.0549917,
            52.1815103
          ],
          [
            21.0549381,
            52.1814791
          ],
          [
            21.0549088,
            52.1814614
          ],
          [
            21.0548687,
            52.1814373
          ],
          [
            21.0547958,
            52.1813854
          ],
          [
            21.0545914,
            52.1812583
          ],
          [
            21.0545686,
            52.1812427
          ],
          [
            21.0545582,
            52.1812348
          ],
          [
            21.0545419,
            52.18122
          ],
          [
            21.0545284,
            52.181206
          ],
          [
            21.0545171,
            52.18119
          ],
          [
            21.0545041,
            52.1811668
          ],
          [
            21.054495,
            52.1811515
          ],
          [
            21.0544838,
            52.1811364
          ],
          [
            21.0544669,
            52.1811193
          ],
          [
            21.0544467,
            52.1811022
          ],
          [
            21.0543728,
            52.1810515
          ],
          [
            21.0543399,
            52.1810298
          ],
          [
            21.054322,
            52.1810164
          ],
          [
            21.0543051,
            52.1810019
          ],
          [
            21.0542914,
            52.1809872
          ],
          [
            21.0542635,
            52.1809531
          ],
          [
            21.0542473,
            52.1809366
          ],
          [
            21.0542268,
            52.1809195
          ],
          [
            21.0541274,
            52.1808526
          ],
          [
            21.0540616,
            52.1808101
          ],
          [
            21.0540037,
            52.1807748
          ],
          [
            21.0539755,
            52.1807547
          ],
          [
            21.0539472,
            52.1807347
          ],
          [
            21.0539054,
            52.1806949
          ],
          [
            21.0535473,
            52.1804659
          ],
          [
            21.0534687,
            52.1804206
          ],
          [
            21.0534382,
            52.180401
          ],
          [
            21.0534028,
            52.1803782
          ],
          [
            21.0533416,
            52.1803361
          ],
          [
            21.05297,
            52.1801003
          ],
          [
            21.0529394,
            52.1800813
          ],
          [
            21.0529071,
            52.1800631
          ],
          [
            21.0522698,
            52.1797187
          ],
          [
            21.0521738,
            52.1796665
          ],
          [
            21.0521229,
            52.1796387
          ],
          [
            21.0520889,
            52.1796188
          ],
          [
            21.0519337,
            52.1795194
          ],
          [
            21.0517634,
            52.1794122
          ],
          [
            21.0516783,
            52.1793421
          ],
          [
            21.0513695,
            52.1790824
          ],
          [
            21.0513487,
            52.1790651
          ],
          [
            21.0513272,
            52.1790486
          ],
          [
            21.0513109,
            52.1790372
          ],
          [
            21.0512873,
            52.1790241
          ],
          [
            21.0511552,
            52.178954
          ],
          [
            21.0511119,
            52.1789295
          ],
          [
            21.0510635,
            52.1789012
          ],
          [
            21.0507707,
            52.1787172
          ],
          [
            21.0506952,
            52.1786707
          ],
          [
            21.0506584,
            52.178648
          ],
          [
            21.050611,
            52.1786215
          ],
          [
            21.0502335,
            52.1784219
          ],
          [
            21.0502107,
            52.1784081
          ],
          [
            21.0501949,
            52.1783956
          ],
          [
            21.05018,
            52.1783812
          ],
          [
            21.0501612,
            52.1783591
          ],
          [
            21.0501504,
            52.1783459
          ],
          [
            21.0501397,
            52.1783326
          ],
          [
            21.0501272,
            52.1783166
          ],
          [
            21.0501142,
            52.1783044
          ],
          [
            21.0500938,
            52.1782911
          ],
          [
            21.0500699,
            52.1782777
          ],
          [
            21.0500187,
            52.1782516
          ],
          [
            21.0499697,
            52.1782277
          ],
          [
            21.0499223,
            52.1782057
          ],
          [
            21.0498606,
            52.1781799
          ],
          [
            21.0497272,
            52.1781243
          ],
          [
            21.0494619,
            52.1780116
          ],
          [
            21.0494279,
            52.1779979
          ],
          [
            21.0493917,
            52.1779857
          ],
          [
            21.0493634,
            52.1779785
          ],
          [
            21.0492675,
            52.1779601
          ],
          [
            21.049222,
            52.1779507
          ],
          [
            21.0491824,
            52.1779455
          ],
          [
            21.0491494,
            52.1779428
          ],
          [
            21.0491175,
            52.1779429
          ],
          [
            21.049088,
            52.1779446
          ],
          [
            21.0490449,
            52.1779494
          ],
          [
            21.0489243,
            52.1779628
          ],
          [
            21.0488918,
            52.1779659
          ],
          [
            21.0488663,
            52.1779668
          ],
          [
            21.048838,
            52.1779662
          ],
          [
            21.0488122,
            52.1779638
          ],
          [
            21.0483784,
            52.1779061
          ],
          [
            21.0483497,
            52.1779022
          ],
          [
            21.0483085,
            52.1778958
          ],
          [
            21.0482836,
            52.1778894
          ],
          [
            21.0482611,
            52.1778827
          ],
          [
            21.0481911,
            52.1778588
          ],
          [
            21.0481729,
            52.1778545
          ],
          [
            21.0481523,
            52.1778512
          ],
          [
            21.0481044,
            52.1778443
          ],
          [
            21.0479205,
            52.1778194
          ],
          [
            21.0478734,
            52.1778132
          ],
          [
            21.0478052,
            52.1778039
          ],
          [
            21.047779,
            52.1778015
          ],
          [
            21.0477557,
            52.1778005
          ],
          [
            21.0477357,
            52.1778009
          ],
          [
            21.0476844,
            52.1778042
          ],
          [
            21.0476648,
            52.1778037
          ],
          [
            21.0476543,
            52.1778032
          ],
          [
            21.0476334,
            52.1778015
          ],
          [
            21.0476259,
            52.1778009
          ],
          [
            21.0476028,
            52.1777991
          ],
          [
            21.0475936,
            52.1777979
          ],
          [
            21.0470864,
            52.1777307
          ]
        ]
      },
      "id": "way/1392694281"
    },
    {
      "type": "Feature",
      "properties": {
        "@id": "way/1393460975",
        "highway": "residential",
        "lane_markings": "yes",
        "lanes": "2",
        "lit": "yes",
        "maxspeed": "30",
        "name": "Bluszczańska",
        "sidewalk:both": "separate",
        "source:maxspeed": "sign",
        "surface": "paving_stones",
        "traffic_calming": "table",
        "wikidata": "Q110162521"
      },
      "geometry": {
        "type": "LineString",
        "coordinates": [
          [
            21.0709183,
            52.2094131
          ],
          [
            21.0709742,
            52.2094098
          ],
          [
            21.0711403,
            52.2094026
          ]
        ]
      },
      "id": "way/1393460975"
    },
    {
      "type": "Feature",
      "properties": {
        "@id": "way/1393460976",
        "highway": "residential",
        "lane_markings": "yes",
        "lanes": "2",
        "lit": "yes",
        "maxspeed": "30",
        "name": "Bluszczańska",
        "sidewalk:both": "separate",
        "source:maxspeed": "sign",
        "surface": "paving_stones",
        "traffic_calming": "table",
        "wikidata": "Q110162521"
      },
      "geometry": {
        "type": "LineString",
        "coordinates": [
          [
            21.0711403,
            52.2094026
          ],
          [
            21.0713437,
            52.2093938
          ],
          [
            21.0713921,
            52.2093906
          ]
        ]
      },
      "id": "way/1393460976"
    },
    {
      "type": "Feature",
      "properties": {
        "@id": "way/1394190039",
        "highway": "cycleway",
        "lit": "yes",
        "surface": "asphalt",
        "width": "2"
      },
      "geometry": {
        "type": "LineString",
        "coordinates": [
          [
            21.0667106,
            52.2079352
          ],
          [
            21.0667694,
            52.2079267
          ]
        ]
      },
      "id": "way/1394190039"
    },
    {
      "type": "Feature",
      "properties": {
        "@id": "way/1396034957",
        "highway": "living_street",
        "maxspeed": "20",
        "motor_vehicle": "permissive",
        "name": "Zapachu Bzu",
        "source:maxspeed": "PL:zone",
        "surface": "asphalt"
      },
      "geometry": {
        "type": "LineString",
        "coordinates": [
          [
            21.0373113,
            52.1831214
          ],
          [
            21.0358003,
            52.1830884
          ]
        ]
      },
      "id": "way/1396034957"
    },
    {
      "type": "Feature",
      "properties": {
        "@id": "way/1412133742",
        "highway": "cycleway",
        "surface": "asphalt"
      },
      "geometry": {
        "type": "LineString",
        "coordinates": [
          [
            21.0627443,
            52.1872485
          ],
          [
            21.0627926,
            52.1872452
          ],
          [
            21.0628868,
            52.1872822
          ],
          [
            21.0629385,
            52.1873045
          ]
        ]
      },
      "id": "way/1412133742"
    },
    {
      "type": "Feature",
      "properties": {
        "@id": "way/1413079249",
        "cycleway:both": "no",
        "highway": "living_street",
        "lane_markings": "no",
        "name": "Fort Piłsudskiego",
        "sidewalk": "no",
        "smoothness": "good",
        "surface": "paving_stones"
      },
      "geometry": {
        "type": "LineString",
        "coordinates": [
          [
            21.0393302,
            52.1893021
          ],
          [
            21.0393694,
            52.1893137
          ],
          [
            21.0394667,
            52.1893426
          ]
        ]
      },
      "id": "way/1413079249"
    },
    {
      "type": "Feature",
      "properties": {
        "@id": "way/1413113192",
        "bicycle": "designated",
        "crossing": "traffic_signals",
        "crossing:markings": "dots",
        "cycleway": "crossing",
        "highway": "cycleway",
        "lit": "yes",
        "smoothness": "excellent",
        "surface": "asphalt"
      },
      "geometry": {
        "type": "LineString",
        "coordinates": [
          [
            21.0447755,
            52.1918305
          ],
          [
            21.0448065,
            52.1918053
          ],
          [
            21.0448422,
            52.1917763
          ]
        ]
      },
      "id": "way/1413113192"
    },
    {
      "type": "Feature",
      "properties": {
        "@id": "way/1413113193",
        "highway": "cycleway",
        "lit": "yes",
        "smoothness": "good",
        "surface": "asphalt"
      },
      "geometry": {
        "type": "LineString",
        "coordinates": [
          [
            21.044493,
            52.1920755
          ],
          [
            21.0445272,
            52.1920438
          ],
          [
            21.0445735,
            52.1920009
          ],
          [
            21.0446613,
            52.1919254
          ]
        ]
      },
      "id": "way/1413113193"
    },
    {
      "type": "Feature",
      "properties": {
        "@id": "way/1413519795",
        "crossing": "traffic_signals",
        "crossing:markings": "dots",
        "cycleway": "crossing",
        "highway": "cycleway",
        "surface": "asphalt"
      },
      "geometry": {
        "type": "LineString",
        "coordinates": [
          [
            21.0488621,
            52.2069109
          ],
          [
            21.0487342,
            52.2068976
          ],
          [
            21.0486055,
            52.2068841
          ]
        ]
      },
      "id": "way/1413519795"
    },
    {
      "type": "Feature",
      "properties": {
        "@id": "way/1413519796",
        "crossing": "traffic_signals",
        "cycleway": "crossing",
        "highway": "cycleway",
        "surface": "asphalt"
      },
      "geometry": {
        "type": "LineString",
        "coordinates": [
          [
            21.0485234,
            52.2073476
          ],
          [
            21.048601,
            52.2073541
          ],
          [
            21.0487999,
            52.2073724
          ]
        ]
      },
      "id": "way/1413519796"
    },
    {
      "type": "Feature",
      "properties": {
        "@id": "way/1413519797",
        "crossing": "traffic_signals",
        "crossing:markings": "dots",
        "cycleway": "crossing",
        "highway": "cycleway",
        "surface": "asphalt"
      },
      "geometry": {
        "type": "LineString",
        "coordinates": [
          [
            21.0484767,
            52.2068711
          ],
          [
            21.0483781,
            52.2068611
          ],
          [
            21.0483012,
            52.2068536
          ]
        ]
      },
      "id": "way/1413519797"
    },
    {
      "type": "Feature",
      "properties": {
        "@id": "way/1413519798",
        "highway": "cycleway",
        "surface": "asphalt"
      },
      "geometry": {
        "type": "LineString",
        "coordinates": [
          [
            21.0486055,
            52.2068841
          ],
          [
            21.0484767,
            52.2068711
          ]
        ]
      },
      "id": "way/1413519798"
    },
    {
      "type": "Feature",
      "properties": {
        "@id": "way/1413519799",
        "highway": "cycleway",
        "surface": "asphalt"
      },
      "geometry": {
        "type": "LineString",
        "coordinates": [
          [
            21.04901,
            52.2069332
          ],
          [
            21.0489548,
            52.2069208
          ],
          [
            21.0488621,
            52.2069109
          ]
        ]
      },
      "id": "way/1413519799"
    },
    {
      "type": "Feature",
      "properties": {
        "@id": "way/1413519801",
        "highway": "cycleway",
        "surface": "asphalt"
      },
      "geometry": {
        "type": "LineString",
        "coordinates": [
          [
            21.0483012,
            52.2068536
          ],
          [
            21.0482774,
            52.2068514
          ],
          [
            21.0482622,
            52.2068514
          ],
          [
            21.0482464,
            52.2068518
          ],
          [
            21.0482321,
            52.2068539
          ],
          [
            21.0482193,
            52.2068564
          ],
          [
            21.0482076,
            52.2068604
          ],
          [
            21.0481974,
            52.2068658
          ],
          [
            21.0481886,
            52.2068711
          ],
          [
            21.0481831,
            52.2068791
          ],
          [
            21.0481703,
            52.2069114
          ]
        ]
      },
      "id": "way/1413519801"
    },
    {
      "type": "Feature",
      "properties": {
        "@id": "way/1413519802",
        "highway": "cycleway",
        "surface": "asphalt"
      },
      "geometry": {
        "type": "LineString",
        "coordinates": [
          [
            21.0481462,
            52.2070004
          ],
          [
            21.0481161,
            52.2071105
          ]
        ]
      },
      "id": "way/1413519802"
    },
    {
      "type": "Feature",
      "properties": {
        "@id": "way/1413519803",
        "highway": "cycleway",
        "surface": "asphalt"
      },
      "geometry": {
        "type": "LineString",
        "coordinates": [
          [
            21.0481016,
            52.207168
          ],
          [
            21.0480798,
            52.2072446
          ],
          [
            21.0480763,
            52.2072673
          ],
          [
            21.0480765,
            52.2072763
          ],
          [
            21.0480795,
            52.2072874
          ],
          [
            21.0480842,
            52.2072957
          ],
          [
            21.0480929,
            52.2073033
          ],
          [
            21.0481022,
            52.2073086
          ],
          [
            21.0481145,
            52.2073126
          ],
          [
            21.0481285,
            52.2073147
          ],
          [
            21.048214,
            52.2073214
          ]
        ]
      },
      "id": "way/1413519803"
    },
    {
      "type": "Feature",
      "properties": {
        "@id": "way/1413519804",
        "crossing": "traffic_signals",
        "crossing:markings": "dots",
        "cycleway": "crossing",
        "highway": "cycleway"
      },
      "geometry": {
        "type": "LineString",
        "coordinates": [
          [
            21.0481161,
            52.2071105
          ],
          [
            21.048109,
            52.2071388
          ],
          [
            21.0481016,
            52.207168
          ]
        ]
      },
      "id": "way/1413519804"
    },
    {
      "type": "Feature",
      "properties": {
        "@id": "way/1413519805",
        "crossing": "traffic_signals",
        "crossing:markings": "dots",
        "cycleway": "crossing",
        "highway": "cycleway",
        "surface": "asphalt"
      },
      "geometry": {
        "type": "LineString",
        "coordinates": [
          [
            21.0481703,
            52.2069114
          ],
          [
            21.0481576,
            52.2069583
          ],
          [
            21.0481462,
            52.2070004
          ]
        ]
      },
      "id": "way/1413519805"
    },
    {
      "type": "Feature",
      "properties": {
        "@id": "way/1413519810",
        "crossing": "traffic_signals",
        "cycleway": "crossing",
        "highway": "cycleway",
        "surface": "asphalt"
      },
      "geometry": {
        "type": "LineString",
        "coordinates": [
          [
            21.048214,
            52.2073214
          ],
          [
            21.0482819,
            52.2073275
          ],
          [
            21.0484325,
            52.2073401
          ]
        ]
      },
      "id": "way/1413519810"
    },
    {
      "type": "Feature",
      "properties": {
        "@id": "way/1413519811",
        "highway": "cycleway",
        "surface": "asphalt"
      },
      "geometry": {
        "type": "LineString",
        "coordinates": [
          [
            21.0484325,
            52.2073401
          ],
          [
            21.0485234,
            52.2073476
          ]
        ]
      },
      "id": "way/1413519811"
    },
    {
      "type": "Feature",
      "properties": {
        "@id": "way/1413519812",
        "highway": "cycleway",
        "surface": "asphalt"
      },
      "geometry": {
        "type": "LineString",
        "coordinates": [
          [
            21.0487999,
            52.2073724
          ],
          [
            21.0488211,
            52.2073796
          ],
          [
            21.0488896,
            52.2074043
          ]
        ]
      },
      "id": "way/1413519812"
    },
    {
      "type": "Feature",
      "properties": {
        "@id": "way/1420433941",
        "highway": "cycleway",
        "lit": "yes",
        "surface": "asphalt",
        "width": "2.5"
      },
      "geometry": {
        "type": "LineString",
        "coordinates": [
          [
            21.0664449,
            52.2087627
          ],
          [
            21.0664325,
            52.2086991
          ],
          [
            21.0664289,
            52.2085258
          ],
          [
            21.0664158,
            52.2084159
          ],
          [
            21.0663838,
            52.2082782
          ],
          [
            21.0663529,
            52.2081865
          ],
          [
            21.0662934,
            52.2080656
          ],
          [
            21.0661875,
            52.207901
          ],
          [
            21.0661621,
            52.2078649
          ],
          [
            21.0661552,
            52.2078341
          ]
        ]
      },
      "id": "way/1420433941"
    },
    {
      "type": "Feature",
      "properties": {
        "@id": "way/1420433944",
        "bicycle": "designated",
        "cycleway:surface": "asphalt",
        "cycleway:width": "2.5",
        "foot": "designated",
        "footway:surface": "paving_stones",
        "highway": "path",
        "lit": "yes",
        "segregated": "yes",
        "surface": "paved"
      },
      "geometry": {
        "type": "LineString",
        "coordinates": [
          [
            21.0651172,
            52.2070867
          ],
          [
            21.0651799,
            52.207123
          ],
          [
            21.065211,
            52.2071543
          ],
          [
            21.0652496,
            52.2071782
          ],
          [
            21.0653069,
            52.2072125
          ],
          [
            21.0653993,
            52.2072521
          ],
          [
            21.0654417,
            52.2072745
          ],
          [
            21.0655401,
            52.2073306
          ],
          [
            21.0656839,
            52.2074187
          ],
          [
            21.0657857,
            52.2074886
          ],
          [
            21.0658573,
            52.2075443
          ],
          [
            21.0659794,
            52.2076509
          ],
          [
            21.0660748,
            52.2077469
          ],
          [
            21.0661552,
            52.2078341
          ]
        ]
      },
      "id": "way/1420433944"
    },
    {
      "type": "Feature",
      "properties": {
        "@id": "way/1420433945",
        "bicycle": "designated",
        "foot": "designated",
        "highway": "path",
        "lit": "yes",
        "segregated": "no",
        "surface": "asphalt"
      },
      "geometry": {
        "type": "LineString",
        "coordinates": [
          [
            21.0638119,
            52.2059318
          ],
          [
            21.0638254,
            52.2059371
          ],
          [
            21.0638921,
            52.2059777
          ]
        ]
      },
      "id": "way/1420433945"
    },
    {
      "type": "Feature",
      "properties": {
        "@id": "way/1420433946",
        "bicycle": "designated",
        "cycleway:surface": "asphalt",
        "cycleway:width": "2.5",
        "foot": "designated",
        "footway:surface": "paving_stones",
        "highway": "path",
        "lit": "yes",
        "segregated": "yes",
        "surface": "paved"
      },
      "geometry": {
        "type": "LineString",
        "coordinates": [
          [
            21.0662288,
            52.2074558
          ],
          [
            21.066035,
            52.2073092
          ],
          [
            21.0659562,
            52.2072569
          ],
          [
            21.0658559,
            52.2071941
          ],
          [
            21.0648979,
            52.2066587
          ],
          [
            21.0648866,
            52.2066228
          ]
        ]
      },
      "id": "way/1420433946"
    },
    {
      "type": "Feature",
      "properties": {
        "@id": "way/1420433949",
        "bicycle": "designated",
        "cycleway:surface": "asphalt",
        "cycleway:width": "2.5",
        "foot": "designated",
        "footway:surface": "paving_stones",
        "highway": "path",
        "lit": "yes",
        "segregated": "yes",
        "surface": "paved"
      },
      "geometry": {
        "type": "LineString",
        "coordinates": [
          [
            21.0638921,
            52.2059777
          ],
          [
            21.0643047,
            52.2062322
          ],
          [
            21.0644929,
            52.2063458
          ],
          [
            21.0645144,
            52.2063562
          ],
          [
            21.064539,
            52.2063666
          ],
          [
            21.0645769,
            52.2063877
          ],
          [
            21.064609,
            52.2064055
          ],
          [
            21.0646289,
            52.2064242
          ],
          [
            21.0646673,
            52.2064601
          ],
          [
            21.0647103,
            52.2065012
          ],
          [
            21.0647579,
            52.2065392
          ],
          [
            21.0648014,
            52.2065712
          ],
          [
            21.0648866,
            52.2066228
          ]
        ]
      },
      "id": "way/1420433949"
    },
    {
      "type": "Feature",
      "properties": {
        "@id": "way/1423315324",
        "bicycle": "designated",
        "cycleway:surface": "asphalt",
        "foot": "designated",
        "footway:surface": "paving_stones",
        "highway": "path",
        "lit": "yes",
        "path": "sidewalk",
        "segregated": "yes",
        "surface": "paving_stones"
      },
      "geometry": {
        "type": "LineString",
        "coordinates": [
          [
            21.06296,
            52.209232
          ],
          [
            21.0629097,
            52.2092099
          ],
          [
            21.0628755,
            52.209196
          ]
        ]
      },
      "id": "way/1423315324"
    },
    {
      "type": "Feature",
      "properties": {
        "@id": "way/1424760465",
        "highway": "cycleway",
        "lit": "yes",
        "surface": "asphalt",
        "width": "2.7"
      },
      "geometry": {
        "type": "LineString",
        "coordinates": [
          [
            21.0683891,
            52.2035412
          ],
          [
            21.0683993,
            52.2034999
          ]
        ]
      },
      "id": "way/1424760465"
    },
    {
      "type": "Feature",
      "properties": {
        "@id": "way/1425230742",
        "highway": "residential",
        "lane_markings": "yes",
        "lanes": "2",
        "lit": "yes",
        "maxspeed": "30",
        "name": "Kiwi",
        "sidewalk:both": "separate",
        "smoothness": "excellent",
        "source:maxspeed": "PL:zone30",
        "surface": "paving_stones",
        "traffic_calming": "table"
      },
      "geometry": {
        "type": "LineString",
        "coordinates": [
          [
            21.0706773,
            52.2065937
          ],
          [
            21.0708426,
            52.2066593
          ]
        ]
      },
      "id": "way/1425230742"
    },
    {
      "type": "Feature",
      "properties": {
        "@id": "way/1425759632",
        "description": "37KD(D)",
        "highway": "residential",
        "maxspeed": "30",
        "name": "Adama Borkiewicza",
        "source:maxspeed": "PL:zone30",
        "surface": "paving_stones",
        "traffic_calming": "table"
      },
      "geometry": {
        "type": "LineString",
        "coordinates": [
          [
            21.0635838,
            52.204609
          ],
          [
            21.0636164,
            52.2045894
          ],
          [
            21.0637146,
            52.2045277
          ],
          [
            21.0638114,
            52.2044686
          ],
          [
            21.0638469,
            52.204449
          ]
        ]
      },
      "id": "way/1425759632"
    },
    {
      "type": "Feature",
      "properties": {
        "@id": "way/1425759634",
        "description": "39KD(D)",
        "highway": "residential",
        "maxspeed": "30",
        "source:maxspeed": "PL:zone30"
      },
      "geometry": {
        "type": "LineString",
        "coordinates": [
          [
            21.06385,
            52.2046123
          ],
          [
            21.0640648,
            52.2047403
          ],
          [
            21.0643444,
            52.204907
          ]
        ]
      },
      "id": "way/1425759634"
    },
    {
      "type": "Feature",
      "properties": {
        "@id": "way/1425759635",
        "description": "37KD(D)",
        "highway": "residential",
        "maxspeed": "30",
        "name": "Adama Borkiewicza",
        "source:maxspeed": "PL:zone30"
      },
      "geometry": {
        "type": "LineString",
        "coordinates": [
          [
            21.0626517,
            52.2051899
          ],
          [
            21.0627746,
            52.2051133
          ],
          [
            21.0633335,
            52.204765
          ],
          [
            21.0634542,
            52.2046898
          ],
          [
            21.0635838,
            52.204609
          ]
        ]
      },
      "id": "way/1425759635"
    },
    {
      "type": "Feature",
      "properties": {
        "@id": "way/1425759636",
        "description": "37KD(D)",
        "highway": "residential",
        "maxspeed": "30",
        "name": "Adama Borkiewicza",
        "source:maxspeed": "PL:zone30",
        "surface": "paving_stones",
        "traffic_calming": "table"
      },
      "geometry": {
        "type": "LineString",
        "coordinates": [
          [
            21.0624709,
            52.2053037
          ],
          [
            21.0625943,
            52.2052269
          ],
          [
            21.0626517,
            52.2051899
          ]
        ]
      },
      "id": "way/1425759636"
    },
    {
      "type": "Feature",
      "properties": {
        "@id": "way/1425759637",
        "highway": "residential",
        "maxspeed": "30",
        "name": "Adama Borkiewicza",
        "source:maxspeed": "PL:zone30"
      },
      "geometry": {
        "type": "LineString",
        "coordinates": [
          [
            21.0614761,
            52.2059263
          ],
          [
            21.0616628,
            52.2058094
          ],
          [
            21.0617516,
            52.2057539
          ],
          [
            21.0622847,
            52.2054201
          ]
        ]
      },
      "id": "way/1425759637"
    },
    {
      "type": "Feature",
      "properties": {
        "@id": "way/1425788406",
        "highway": "cycleway",
        "lit": "yes",
        "surface": "asphalt",
        "width": "2.7"
      },
      "geometry": {
        "type": "LineString",
        "coordinates": [
          [
            21.0676865,
            52.2033736
          ],
          [
            21.0676934,
            52.203334
          ]
        ]
      },
      "id": "way/1425788406"
    },
    {
      "type": "Feature",
      "properties": {
        "@id": "way/1426454188",
        "bicycle": "designated",
        "cycleway": "crossing",
        "cycleway:surface": "asphalt",
        "foot": "designated",
        "footway": "crossing",
        "footway:surface": "paving_stones",
        "highway": "path",
        "lit": "yes",
        "segregated": "yes",
        "smoothness": "good",
        "surface": "paved"
      },
      "geometry": {
        "type": "LineString",
        "coordinates": [
          [
            21.0333997,
            52.2035749
          ],
          [
            21.0333747,
            52.2036016
          ],
          [
            21.0333481,
            52.2036298
          ]
        ]
      },
      "id": "way/1426454188"
    },
    {
      "type": "Feature",
      "properties": {
        "@id": "way/1433181499",
        "highway": "cycleway",
        "oneway": "yes",
        "smoothness": "excellent",
        "surface": "asphalt"
      },
      "geometry": {
        "type": "LineString",
        "coordinates": [
          [
            21.0318052,
            52.207312
          ],
          [
            21.0317378,
            52.2072533
          ],
          [
            21.0317283,
            52.2072473
          ],
          [
            21.0317215,
            52.2072424
          ],
          [
            21.0317169,
            52.2072368
          ],
          [
            21.0317146,
            52.2072318
          ],
          [
            21.031712,
            52.207215
          ],
          [
            21.0317067,
            52.2071824
          ]
        ]
      },
      "id": "way/1433181499"
    },
    {
      "type": "Feature",
      "properties": {
        "@id": "way/1433181545",
        "cycleway": "crossing",
        "highway": "cycleway",
        "lit": "yes",
        "smoothness": "excellent",
        "surface": "asphalt"
      },
      "geometry": {
        "type": "LineString",
        "coordinates": [
          [
            21.0303939,
            52.2067501
          ],
          [
            21.0303833,
            52.2067737
          ]
        ]
      },
      "id": "way/1433181545"
    },
    {
      "type": "Feature",
      "properties": {
        "@id": "way/1433181546",
        "crossing": "traffic_signals",
        "crossing:markings": "dots",
        "cycleway": "crossing",
        "highway": "cycleway",
        "lit": "yes",
        "smoothness": "excellent",
        "surface": "asphalt"
      },
      "geometry": {
        "type": "LineString",
        "coordinates": [
          [
            21.030444,
            52.2066318
          ],
          [
            21.0304066,
            52.20672
          ],
          [
            21.0303939,
            52.2067501
          ]
        ]
      },
      "id": "way/1433181546"
    },
    {
      "type": "Feature",
      "properties": {
        "@id": "way/1433181547",
        "highway": "cycleway",
        "lit": "yes",
        "smoothness": "excellent",
        "surface": "asphalt"
      },
      "geometry": {
        "type": "LineString",
        "coordinates": [
          [
            21.0310083,
            52.206606
          ],
          [
            21.0309541,
            52.2066001
          ]
        ]
      },
      "id": "way/1433181547"
    },
    {
      "type": "Feature",
      "properties": {
        "@id": "way/1433427784",
        "crossing": "traffic_signals",
        "crossing:markings": "dots",
        "cycleway": "crossing",
        "highway": "cycleway",
        "lit": "yes",
        "surface": "asphalt"
      },
      "geometry": {
        "type": "LineString",
        "coordinates": [
          [
            21.0555177,
            52.1816161
          ],
          [
            21.0555296,
            52.1816058
          ],
          [
            21.0555471,
            52.1815907
          ],
          [
            21.0555644,
            52.1815757
          ],
          [
            21.0555807,
            52.1815616
          ],
          [
            21.0556133,
            52.1815334
          ],
          [
            21.0556524,
            52.1814995
          ]
        ]
      },
      "id": "way/1433427784"
    },
    {
      "type": "Feature",
      "properties": {
        "@id": "way/1433886188",
        "highway": "residential",
        "lanes": "2",
        "lit": "yes",
        "maxspeed": "30",
        "name": "Lądowa",
        "oneway": "no",
        "sidewalk": "separate",
        "source:maxspeed": "PL:zone30",
        "surface": "paving_stones",
        "traffic_calming": "table",
        "wikidata": "Q113575180"
      },
      "geometry": {
        "type": "LineString",
        "coordinates": [
          [
            21.0316464,
            52.2092311
          ],
          [
            21.0317101,
            52.2092389
          ]
        ]
      },
      "id": "way/1433886188"
    },
    {
      "type": "Feature",
      "properties": {
        "@id": "way/1433886192",
        "highway": "cycleway",
        "oneway": "yes",
        "smoothness": "excellent",
        "surface": "asphalt"
      },
      "geometry": {
        "type": "LineString",
        "coordinates": [
          [
            21.031886,
            52.2072016
          ],
          [
            21.0318665,
            52.207232
          ],
          [
            21.0318052,
            52.207312
          ]
        ]
      },
      "id": "way/1433886192"
    },
    {
      "type": "Feature",
      "properties": {
        "@id": "way/1435267054",
        "highway": "living_street",
        "maxspeed": "20",
        "name": "Melomanów"
      },
      "geometry": {
        "type": "LineString",
        "coordinates": [
          [
            21.0522532,
            52.2060187
          ],
          [
            21.0522753,
            52.2059318
          ],
          [
            21.0522898,
            52.2058746
          ]
        ]
      },
      "id": "way/1435267054"
    },
    {
      "type": "Feature",
      "properties": {
        "@id": "way/1445844808",
        "highway": "cycleway",
        "oneway": "yes"
      },
      "geometry": {
        "type": "LineString",
        "coordinates": [
          [
            21.051588,
            52.1849659
          ],
          [
            21.0516953,
            52.1849605
          ],
          [
            21.0517693,
            52.1849817
          ],
          [
            21.0519247,
            52.1850231
          ],
          [
            21.0519877,
            52.1850398
          ]
        ]
      },
      "id": "way/1445844808"
    },
    {
      "type": "Feature",
      "properties": {
        "@id": "way/1445844809",
        "highway": "cycleway",
        "oneway": "yes"
      },
      "geometry": {
        "type": "LineString",
        "coordinates": [
          [
            21.05179,
            52.1851976
          ],
          [
            21.0517731,
            52.1851875
          ],
          [
            21.0517608,
            52.1851794
          ],
          [
            21.0517495,
            52.1851672
          ],
          [
            21.0517369,
            52.1851465
          ],
          [
            21.0516912,
            52.1850707
          ],
          [
            21.0516789,
            52.1850557
          ],
          [
            21.051588,
            52.1849659
          ]
        ]
      },
      "id": "way/1445844809"
    },
    {
      "type": "Feature",
      "properties": {
        "@id": "way/1446068772",
        "bicycle": "designated",
        "foot": "designated",
        "highway": "path",
        "segregated": "no",
        "surface": "asphalt"
      },
      "geometry": {
        "type": "LineString",
        "coordinates": [
          [
            21.0475836,
            52.1906941
          ],
          [
            21.0477911,
            52.191219
          ]
        ]
      },
      "id": "way/1446068772"
    },
    {
      "type": "Feature",
      "properties": {
        "@id": "way/1446068806",
        "highway": "cycleway",
        "lit": "yes",
        "smoothness": "excellent",
        "surface": "asphalt"
      },
      "geometry": {
        "type": "LineString",
        "coordinates": [
          [
            21.0465165,
            52.1910036
          ],
          [
            21.0465801,
            52.1910477
          ],
          [
            21.046701,
            52.1911315
          ],
          [
            21.046731,
            52.1911442
          ]
        ]
      },
      "id": "way/1446068806"
    },
    {
      "type": "Feature",
      "properties": {
        "@id": "way/1446068812",
        "bicycle": "designated",
        "foot": "designated",
        "highway": "path",
        "segregated": "no",
        "surface": "asphalt"
      },
      "geometry": {
        "type": "LineString",
        "coordinates": [
          [
            21.046731,
            52.1911442
          ],
          [
            21.0467918,
            52.1911936
          ],
          [
            21.0467804,
            52.1912839
          ],
          [
            21.0471272,
            52.1918423
          ],
          [
            21.0471953,
            52.1919498
          ]
        ]
      },
      "id": "way/1446068812"
    },
    {
      "type": "Feature",
      "properties": {
        "@id": "way/1446068821",
        "highway": "cycleway",
        "lit": "yes",
        "oneway": "yes",
        "smoothness": "excellent",
        "surface": "asphalt"
      },
      "geometry": {
        "type": "LineString",
        "coordinates": [
          [
            21.0455808,
            52.1918461
          ],
          [
            21.0456148,
            52.191873
          ],
          [
            21.0456235,
            52.1918798
          ],
          [
            21.0456263,
            52.1918825
          ],
          [
            21.0456318,
            52.1918878
          ],
          [
            21.045665,
            52.1919236
          ],
          [
            21.0456759,
            52.1919334
          ],
          [
            21.0457179,
            52.1919701
          ]
        ]
      },
      "id": "way/1446068821"
    },
    {
      "type": "Feature",
      "properties": {
        "@id": "way/1446068822",
        "highway": "cycleway",
        "lit": "yes",
        "oneway": "yes",
        "smoothness": "excellent",
        "surface": "asphalt"
      },
      "geometry": {
        "type": "LineString",
        "coordinates": [
          [
            21.0459123,
            52.1920204
          ],
          [
            21.045851,
            52.1920645
          ],
          [
            21.0458313,
            52.1920723
          ],
          [
            21.0458099,
            52.1920753
          ],
          [
            21.0457891,
            52.1920757
          ],
          [
            21.0456873,
            52.1920704
          ],
          [
            21.0456656,
            52.1920703
          ],
          [
            21.0456448,
            52.1920716
          ],
          [
            21.0455759,
            52.1920836
          ],
          [
            21.0455505,
            52.1920868
          ],
          [
            21.0455267,
            52.1920882
          ],
          [
            21.0454931,
            52.1920881
          ],
          [
            21.0454689,
            52.1920868
          ],
          [
            21.045438,
            52.192084
          ],
          [
            21.0454068,
            52.19208
          ]
        ]
      },
      "id": "way/1446068822"
    },
    {
      "type": "Feature",
      "properties": {
        "@id": "way/1446068859",
        "bicycle": "designated",
        "cycleway:surface": "asphalt",
        "foot": "designated",
        "footway:surface": "paving_stones",
        "highway": "path",
        "lit": "yes",
        "oneway": "no",
        "smoothness": "good",
        "surface": "paved",
        "width": "1"
      },
      "geometry": {
        "type": "LineString",
        "coordinates": [
          [
            21.0421024,
            52.1954032
          ],
          [
            21.0420561,
            52.1954052
          ],
          [
            21.0419349,
            52.1954105
          ],
          [
            21.0419196,
            52.1954069
          ],
          [
            21.0418858,
            52.1953937
          ],
          [
            21.0431786,
            52.1941672
          ]
        ]
      },
      "id": "way/1446068859"
    },
    {
      "type": "Feature",
      "properties": {
        "@id": "way/1446068860",
        "highway": "cycleway"
      },
      "geometry": {
        "type": "LineString",
        "coordinates": [
          [
            21.0421024,
            52.1954032
          ],
          [
            21.0421076,
            52.195412
          ],
          [
            21.0426485,
            52.1953911
          ],
          [
            21.0435228,
            52.195359
          ]
        ]
      },
      "id": "way/1446068860"
    },
    {
      "type": "Feature",
      "properties": {
        "@id": "way/1446068882",
        "highway": "cycleway",
        "lit": "yes",
        "smoothness": "excellent",
        "surface": "asphalt",
        "width": "3"
      },
      "geometry": {
        "type": "LineString",
        "coordinates": [
          [
            21.0404014,
            52.1965505
          ],
          [
            21.0402904,
            52.1965064
          ],
          [
            21.0402649,
            52.1964963
          ],
          [
            21.0402432,
            52.1964877
          ],
          [
            21.0401707,
            52.1964588
          ]
        ]
      },
      "id": "way/1446068882"
    },
    {
      "type": "Feature",
      "properties": {
        "@id": "way/1446068890",
        "highway": "cycleway",
        "lit": "yes",
        "oneway": "yes",
        "smoothness": "intermediate",
        "surface": "paving_stones",
        "width": "1"
      },
      "geometry": {
        "type": "LineString",
        "coordinates": [
          [
            21.0390706,
            52.1970362
          ],
          [
            21.0391605,
            52.1970125
          ],
          [
            21.0391937,
            52.1970132
          ],
          [
            21.0392109,
            52.1970149
          ],
          [
            21.0392249,
            52.1970183
          ],
          [
            21.0392627,
            52.1970315
          ],
          [
            21.0393204,
            52.1970516
          ]
        ]
      },
      "id": "way/1446068890"
    },
    {
      "type": "Feature",
      "properties": {
        "@id": "way/1446068900",
        "highway": "cycleway",
        "lit": "yes",
        "oneway": "yes",
        "smoothness": "intermediate",
        "surface": "paving_stones",
        "width": "1"
      },
      "geometry": {
        "type": "LineString",
        "coordinates": [
          [
            21.0391999,
            52.1971679
          ],
          [
            21.0391476,
            52.1971299
          ],
          [
            21.0390549,
            52.1970627
          ],
          [
            21.0389889,
            52.1970155
          ]
        ]
      },
      "id": "way/1446068900"
    },
    {
      "type": "Feature",
      "properties": {
        "@id": "way/1446068908",
        "highway": "cycleway",
        "lit": "yes",
        "smoothness": "excellent",
        "surface": "asphalt",
        "width": "3"
      },
      "geometry": {
        "type": "LineString",
        "coordinates": [
          [
            21.0395905,
            52.197438
          ],
          [
            21.0396434,
            52.197459
          ]
        ]
      },
      "id": "way/1446068908"
    },
    {
      "type": "Feature",
      "properties": {
        "@id": "way/1446068925",
        "bicycle": "designated",
        "crossing": "traffic_signals",
        "crossing:markings": "dots",
        "cycleway": "crossing",
        "highway": "cycleway",
        "lit": "yes",
        "smoothness": "excellent",
        "surface": "asphalt"
      },
      "geometry": {
        "type": "LineString",
        "coordinates": [
          [
            21.0395102,
            52.1974061
          ],
          [
            21.0395503,
            52.1974221
          ],
          [
            21.0395905,
            52.197438
          ]
        ]
      },
      "id": "way/1446068925"
    },
    {
      "type": "Feature",
      "properties": {
        "@id": "way/1446068926",
        "highway": "cycleway",
        "lit": "yes",
        "smoothness": "excellent",
        "surface": "asphalt",
        "width": "3"
      },
      "geometry": {
        "type": "LineString",
        "coordinates": [
          [
            21.0394143,
            52.1973682
          ],
          [
            21.0395102,
            52.1974061
          ]
        ]
      },
      "id": "way/1446068926"
    },
    {
      "type": "Feature",
      "properties": {
        "@id": "way/1446068927",
        "cycleway": "crossing",
        "highway": "cycleway",
        "lit": "yes",
        "surface": "concrete",
        "width": "3"
      },
      "geometry": {
        "type": "LineString",
        "coordinates": [
          [
            21.0393282,
            52.1973341
          ],
          [
            21.0393467,
            52.1973414
          ],
          [
            21.0393685,
            52.19735
          ],
          [
            21.039396,
            52.1973609
          ],
          [
            21.0394143,
            52.1973682
          ]
        ]
      },
      "id": "way/1446068927"
    },
    {
      "type": "Feature",
      "properties": {
        "@id": "way/1446068928",
        "bicycle": "designated",
        "crossing": "traffic_signals",
        "crossing:markings": "dots",
        "cycleway": "crossing",
        "highway": "cycleway",
        "lit": "yes",
        "smoothness": "excellent",
        "surface": "asphalt"
      },
      "geometry": {
        "type": "LineString",
        "coordinates": [
          [
            21.0391978,
            52.1972824
          ],
          [
            21.0392389,
            52.1972987
          ],
          [
            21.0392779,
            52.1973141
          ]
        ]
      },
      "id": "way/1446068928"
    },
    {
      "type": "Feature",
      "properties": {
        "@id": "way/1446068929",
        "highway": "cycleway",
        "lit": "yes",
        "smoothness": "excellent",
        "surface": "asphalt",
        "width": "3"
      },
      "geometry": {
        "type": "LineString",
        "coordinates": [
          [
            21.0392779,
            52.1973141
          ],
          [
            21.0393282,
            52.1973341
          ]
        ]
      },
      "id": "way/1446068929"
    },
    {
      "type": "Feature",
      "properties": {
        "@id": "way/1446068930",
        "highway": "cycleway",
        "lit": "yes",
        "smoothness": "excellent",
        "surface": "asphalt",
        "width": "3"
      },
      "geometry": {
        "type": "LineString",
        "coordinates": [
          [
            21.0391205,
            52.1972518
          ],
          [
            21.0391978,
            52.1972824
          ]
        ]
      },
      "id": "way/1446068930"
    },
    {
      "type": "Feature",
      "properties": {
        "@id": "way/1446068947",
        "bicycle": "designated",
        "cycleway:surface": "asphalt",
        "foot": "designated",
        "footway:surface": "paving_stones",
        "highway": "path",
        "lit": "yes",
        "oneway": "no",
        "segregated": "yes",
        "surface": "paving_stones",
        "width": "1"
      },
      "geometry": {
        "type": "LineString",
        "coordinates": [
          [
            21.0391596,
            52.1980771
          ],
          [
            21.0390952,
            52.1981747
          ],
          [
            21.0390832,
            52.1981933
          ],
          [
            21.0390644,
            52.1982167
          ],
          [
            21.0388266,
            52.1984933
          ],
          [
            21.0385862,
            52.1987672
          ]
        ]
      },
      "id": "way/1446068947"
    },
    {
      "type": "Feature",
      "properties": {
        "@id": "way/1446069051",
        "highway": "cycleway",
        "lit": "yes",
        "oneway": "no",
        "smoothness": "excellent",
        "surface": "asphalt",
        "width": "2.50"
      },
      "geometry": {
        "type": "LineString",
        "coordinates": [
          [
            21.0406488,
            52.1965004
          ],
          [
            21.0406142,
            52.1965283
          ],
          [
            21.0405377,
            52.1966047
          ],
          [
            21.0404945,
            52.1966466
          ],
          [
            21.0402907,
            52.1968389
          ],
          [
            21.0401142,
            52.1970066
          ],
          [
            21.0399733,
            52.1971398
          ],
          [
            21.0399414,
            52.1971648
          ],
          [
            21.0399203,
            52.1971842
          ],
          [
            21.0399003,
            52.1972033
          ],
          [
            21.0398009,
            52.1973
          ],
          [
            21.0397237,
            52.1973766
          ],
          [
            21.0397037,
            52.1973965
          ],
          [
            21.0396815,
            52.1974195
          ],
          [
            21.0396434,
            52.197459
          ],
          [
            21.0395519,
            52.1975538
          ],
          [
            21.0394784,
            52.1976333
          ],
          [
            21.0393744,
            52.1977474
          ],
          [
            21.0393418,
            52.1977855
          ],
          [
            21.0393046,
            52.1978339
          ],
          [
            21.0391722,
            52.198028
          ],
          [
            21.0391596,
            52.1980771
          ]
        ]
      },
      "id": "way/1446069051"
    },
    {
      "type": "Feature",
      "properties": {
        "@id": "way/1446069084",
        "highway": "cycleway",
        "lit": "yes",
        "smoothness": "good",
        "surface": "asphalt"
      },
      "geometry": {
        "type": "LineString",
        "coordinates": [
          [
            21.0357725,
            52.2017029
          ],
          [
            21.0357283,
            52.2016899
          ]
        ]
      },
      "id": "way/1446069084"
    },
    {
      "type": "Feature",
      "properties": {
        "@id": "way/1446069085",
        "highway": "cycleway",
        "lit": "yes",
        "smoothness": "good",
        "surface": "asphalt"
      },
      "geometry": {
        "type": "LineString",
        "coordinates": [
          [
            21.035329,
            52.2015735
          ],
          [
            21.0352559,
            52.2015523
          ]
        ]
      },
      "id": "way/1446069085"
    },
    {
      "type": "Feature",
      "properties": {
        "@id": "way/1446069086",
        "highway": "cycleway",
        "lit": "yes",
        "smoothness": "good",
        "surface": "asphalt"
      },
      "geometry": {
        "type": "LineString",
        "coordinates": [
          [
            21.0355791,
            52.2016464
          ],
          [
            21.0355412,
            52.2016355
          ]
        ]
      },
      "id": "way/1446069086"
    },
    {
      "type": "Feature",
      "properties": {
        "@id": "way/1446069087",
        "cycleway": "crossing",
        "highway": "cycleway",
        "lit": "yes",
        "smoothness": "good",
        "surface": "concrete"
      },
      "geometry": {
        "type": "LineString",
        "coordinates": [
          [
            21.0355412,
            52.2016355
          ],
          [
            21.0355177,
            52.2016285
          ],
          [
            21.0354951,
            52.201622
          ],
          [
            21.0354711,
            52.2016149
          ],
          [
            21.0354481,
            52.2016084
          ]
        ]
      },
      "id": "way/1446069087"
    },
    {
      "type": "Feature",
      "properties": {
        "@id": "way/1446069088",
        "highway": "cycleway",
        "lit": "yes",
        "smoothness": "good",
        "surface": "asphalt"
      },
      "geometry": {
        "type": "LineString",
        "coordinates": [
          [
            21.0354481,
            52.2016084
          ],
          [
            21.0354166,
            52.2015991
          ]
        ]
      },
      "id": "way/1446069088"
    },
    {
      "type": "Feature",
      "properties": {
        "@id": "way/1446069089",
        "crossing": "traffic_signals",
        "crossing:markings": "dots",
        "cycleway": "crossing",
        "highway": "cycleway",
        "lit": "yes",
        "smoothness": "good",
        "surface": "asphalt"
      },
      "geometry": {
        "type": "LineString",
        "coordinates": [
          [
            21.0354166,
            52.2015991
          ],
          [
            21.0353734,
            52.2015865
          ],
          [
            21.035329,
            52.2015735
          ]
        ]
      },
      "id": "way/1446069089"
    },
    {
      "type": "Feature",
      "properties": {
        "@id": "way/1446069090",
        "crossing": "traffic_signals",
        "crossing:markings": "dots",
        "cycleway": "crossing",
        "highway": "cycleway",
        "lit": "yes",
        "smoothness": "good",
        "surface": "asphalt"
      },
      "geometry": {
        "type": "LineString",
        "coordinates": [
          [
            21.0357283,
            52.2016899
          ],
          [
            21.0356759,
            52.2016746
          ],
          [
            21.0355791,
            52.2016464
          ]
        ]
      },
      "id": "way/1446069090"
    },
    {
      "type": "Feature",
      "properties": {
        "@id": "way/1446069097",
        "highway": "cycleway",
        "lit": "yes",
        "smoothness": "good",
        "surface": "asphalt"
      },
      "geometry": {
        "type": "LineString",
        "coordinates": [
          [
            21.0350201,
            52.2017024
          ],
          [
            21.0350317,
            52.2016735
          ]
        ]
      },
      "id": "way/1446069097"
    },
    {
      "type": "Feature",
      "properties": {
        "@id": "way/1446069099",
        "highway": "cycleway",
        "smoothness": "excellent",
        "surface": "asphalt"
      },
      "geometry": {
        "type": "LineString",
        "coordinates": [
          [
            21.0348788,
            52.2018573
          ],
          [
            21.0348636,
            52.2018745
          ],
          [
            21.0348207,
            52.2019327
          ],
          [
            21.034792,
            52.2019507
          ]
        ]
      },
      "id": "way/1446069099"
    },
    {
      "type": "Feature",
      "properties": {
        "@id": "way/1446069104",
        "highway": "cycleway",
        "lit": "yes",
        "smoothness": "good",
        "surface": "asphalt"
      },
      "geometry": {
        "type": "LineString",
        "coordinates": [
          [
            21.034945,
            52.2017847
          ],
          [
            21.0349715,
            52.2017556
          ]
        ]
      },
      "id": "way/1446069104"
    },
    {
      "type": "Feature",
      "properties": {
        "@id": "way/1446069105",
        "crossing": "traffic_signals",
        "crossing:markings": "dots",
        "cycleway": "crossing",
        "highway": "cycleway",
        "lit": "yes",
        "smoothness": "good",
        "surface": "asphalt"
      },
      "geometry": {
        "type": "LineString",
        "coordinates": [
          [
            21.0348788,
            52.2018573
          ],
          [
            21.0349205,
            52.2018115
          ],
          [
            21.034945,
            52.2017847
          ]
        ]
      },
      "id": "way/1446069105"
    },
    {
      "type": "Feature",
      "properties": {
        "@id": "way/1446069106",
        "crossing": "traffic_signals",
        "crossing:markings": "dots",
        "cycleway": "crossing",
        "highway": "cycleway",
        "lit": "yes",
        "smoothness": "good",
        "surface": "asphalt"
      },
      "geometry": {
        "type": "LineString",
        "coordinates": [
          [
            21.0349715,
            52.2017556
          ],
          [
            21.0349957,
            52.2017292
          ],
          [
            21.0350201,
            52.2017024
          ]
        ]
      },
      "id": "way/1446069106"
    },
    {
      "type": "Feature",
      "properties": {
        "@id": "way/1446069107",
        "crossing": "traffic_signals",
        "crossing:markings": "dots",
        "cycleway": "crossing",
        "highway": "cycleway",
        "lit": "yes",
        "smoothness": "good",
        "surface": "asphalt"
      },
      "geometry": {
        "type": "LineString",
        "coordinates": [
          [
            21.0355909,
            52.2018783
          ],
          [
            21.0355576,
            52.2019047
          ],
          [
            21.0355184,
            52.2019356
          ]
        ]
      },
      "id": "way/1446069107"
    },
    {
      "type": "Feature",
      "properties": {
        "@id": "way/1446069108",
        "highway": "cycleway",
        "smoothness": "excellent",
        "surface": "asphalt"
      },
      "geometry": {
        "type": "LineString",
        "coordinates": [
          [
            21.0356345,
            52.2018439
          ],
          [
            21.0355909,
            52.2018783
          ]
        ]
      },
      "id": "way/1446069108"
    },
    {
      "type": "Feature",
      "properties": {
        "@id": "way/1446069109",
        "crossing": "traffic_signals",
        "crossing:markings": "dots",
        "cycleway": "crossing",
        "highway": "cycleway",
        "lit": "yes",
        "smoothness": "good",
        "surface": "asphalt"
      },
      "geometry": {
        "type": "LineString",
        "coordinates": [
          [
            21.0357395,
            52.2017609
          ],
          [
            21.0356666,
            52.2018185
          ],
          [
            21.0356345,
            52.2018439
          ]
        ]
      },
      "id": "way/1446069109"
    },
    {
      "type": "Feature",
      "properties": {
        "@id": "way/1446069111",
        "highway": "cycleway",
        "smoothness": "excellent",
        "surface": "asphalt"
      },
      "geometry": {
        "type": "LineString",
        "coordinates": [
          [
            21.0355184,
            52.2019356
          ],
          [
            21.0354768,
            52.2019697
          ],
          [
            21.0354202,
            52.202016
          ],
          [
            21.0354112,
            52.2020229
          ],
          [
            21.0353993,
            52.2020274
          ],
          [
            21.035385,
            52.2020293
          ],
          [
            21.0353705,
            52.2020288
          ],
          [
            21.0353521,
            52.2020252
          ]
        ]
      },
      "id": "way/1446069111"
    },
    {
      "type": "Feature",
      "properties": {
        "@id": "way/1446069112",
        "highway": "cycleway",
        "smoothness": "excellent",
        "surface": "asphalt"
      },
      "geometry": {
        "type": "LineString",
        "coordinates": [
          [
            21.0348207,
            52.2019327
          ],
          [
            21.0349004,
            52.2019465
          ]
        ]
      },
      "id": "way/1446069112"
    },
    {
      "type": "Feature",
      "properties": {
        "@id": "way/1446069113",
        "highway": "cycleway",
        "smoothness": "excellent",
        "surface": "asphalt"
      },
      "geometry": {
        "type": "LineString",
        "coordinates": [
          [
            21.0351985,
            52.2019984
          ],
          [
            21.035248,
            52.2020071
          ]
        ]
      },
      "id": "way/1446069113"
    },
    {
      "type": "Feature",
      "properties": {
        "@id": "way/1446069114",
        "crossing": "traffic_signals",
        "crossing:markings": "dots",
        "cycleway": "crossing",
        "highway": "cycleway",
        "lit": "yes",
        "smoothness": "good",
        "surface": "asphalt"
      },
      "geometry": {
        "type": "LineString",
        "coordinates": [
          [
            21.035248,
            52.2020071
          ],
          [
            21.0353039,
            52.2020168
          ],
          [
            21.0353521,
            52.2020252
          ]
        ]
      },
      "id": "way/1446069114"
    },
    {
      "type": "Feature",
      "properties": {
        "@id": "way/1446069115",
        "highway": "cycleway",
        "smoothness": "excellent",
        "surface": "asphalt"
      },
      "geometry": {
        "type": "LineString",
        "coordinates": [
          [
            21.0350525,
            52.201973
          ],
          [
            21.0350975,
            52.2019808
          ]
        ]
      },
      "id": "way/1446069115"
    },
    {
      "type": "Feature",
      "properties": {
        "@id": "way/1446069116",
        "crossing": "traffic_signals",
        "crossing:markings": "dots",
        "cycleway": "crossing",
        "highway": "cycleway",
        "lit": "yes",
        "smoothness": "good",
        "surface": "asphalt"
      },
      "geometry": {
        "type": "LineString",
        "coordinates": [
          [
            21.0349004,
            52.2019465
          ],
          [
            21.0349528,
            52.2019556
          ],
          [
            21.0350525,
            52.201973
          ]
        ]
      },
      "id": "way/1446069116"
    },
    {
      "type": "Feature",
      "properties": {
        "@id": "way/1446069117",
        "cycleway": "crossing",
        "highway": "cycleway",
        "lit": "yes",
        "smoothness": "good",
        "surface": "concrete"
      },
      "geometry": {
        "type": "LineString",
        "coordinates": [
          [
            21.0350975,
            52.2019808
          ],
          [
            21.0351232,
            52.2019853
          ],
          [
            21.0351485,
            52.2019897
          ],
          [
            21.0351738,
            52.2019941
          ],
          [
            21.0351985,
            52.2019984
          ]
        ]
      },
      "id": "way/1446069117"
    },
    {
      "type": "Feature",
      "properties": {
        "@id": "way/1446069124",
        "highway": "cycleway",
        "lit": "yes",
        "smoothness": "excellent",
        "surface": "asphalt",
        "width": "2"
      },
      "geometry": {
        "type": "LineString",
        "coordinates": [
          [
            21.0357725,
            52.2017029
          ],
          [
            21.0357697,
            52.201715
          ],
          [
            21.0357653,
            52.2017285
          ],
          [
            21.0357574,
            52.2017428
          ],
          [
            21.0357493,
            52.2017519
          ],
          [
            21.0357395,
            52.2017609
          ]
        ]
      },
      "id": "way/1446069124"
    },
    {
      "type": "Feature",
      "properties": {
        "@id": "way/1446069126",
        "highway": "cycleway",
        "oneway": "yes",
        "surface": "asphalt"
      },
      "geometry": {
        "type": "LineString",
        "coordinates": [
          [
            21.0348636,
            52.2018745
          ],
          [
            21.0347939,
            52.2018493
          ],
          [
            21.0347672,
            52.2018392
          ],
          [
            21.0347503,
            52.2018308
          ],
          [
            21.0347273,
            52.201816
          ],
          [
            21.0347014,
            52.2018032
          ],
          [
            21.0346631,
            52.2017889
          ],
          [
            21.0345274,
            52.2017002
          ],
          [
            21.0346927,
            52.201664
          ],
          [
            21.0347154,
            52.2016616
          ],
          [
            21.0347384,
            52.2016628
          ],
          [
            21.0347791,
            52.2016672
          ],
          [
            21.0347986,
            52.2016679
          ],
          [
            21.034818,
            52.2016671
          ],
          [
            21.0348571,
            52.2016635
          ],
          [
            21.0348903,
            52.2016604
          ],
          [
            21.0349129,
            52.2016602
          ],
          [
            21.0350317,
            52.2016735
          ]
        ]
      },
      "id": "way/1446069126"
    },
    {
      "type": "Feature",
      "properties": {
        "@id": "way/1446175995",
        "bicycle": "designated",
        "highway": "cycleway",
        "lit": "yes",
        "oneway": "yes",
        "smoothness": "excellent",
        "surface": "asphalt"
      },
      "geometry": {
        "type": "LineString",
        "coordinates": [
          [
            21.0561857,
            52.1817672
          ],
          [
            21.0562097,
            52.1818205
          ],
          [
            21.056244,
            52.1818953
          ],
          [
            21.0562563,
            52.18191
          ],
          [
            21.0562716,
            52.1819212
          ],
          [
            21.056357,
            52.1819777
          ],
          [
            21.0563811,
            52.182044
          ]
        ]
      },
      "id": "way/1446175995"
    },
    {
      "type": "Feature",
      "properties": {
        "@id": "way/1446176006",
        "bicycle": "designated",
        "highway": "cycleway",
        "lit": "yes",
        "oneway": "yes",
        "smoothness": "excellent",
        "surface": "asphalt"
      },
      "geometry": {
        "type": "LineString",
        "coordinates": [
          [
            21.0562933,
            52.18214
          ],
          [
            21.0561943,
            52.1821112
          ],
          [
            21.0561329,
            52.1820727
          ],
          [
            21.0561113,
            52.1820633
          ],
          [
            21.0560891,
            52.1820583
          ],
          [
            21.0560002,
            52.1820427
          ],
          [
            21.055934,
            52.182031
          ]
        ]
      },
      "id": "way/1446176006"
    },
    {
      "type": "Feature",
      "properties": {
        "@id": "way/1446176062",
        "crossing": "uncontrolled",
        "crossing:markings": "dots",
        "cycleway": "crossing",
        "highway": "cycleway",
        "smoothness": "intermediate",
        "surface": "asphalt"
      },
      "geometry": {
        "type": "LineString",
        "coordinates": [
          [
            21.0518834,
            52.1851246
          ],
          [
            21.0519154,
            52.1850986
          ],
          [
            21.0519474,
            52.1850726
          ]
        ]
      },
      "id": "way/1446176062"
    },
    {
      "type": "Feature",
      "properties": {
        "@id": "way/1446176063",
        "highway": "cycleway",
        "lit": "yes",
        "smoothness": "intermediate",
        "surface": "paving_stones"
      },
      "geometry": {
        "type": "LineString",
        "coordinates": [
          [
            21.0519474,
            52.1850726
          ],
          [
            21.0519877,
            52.1850398
          ],
          [
            21.0520403,
            52.1849977
          ],
          [
            21.0520607,
            52.1849794
          ],
          [
            21.0520761,
            52.184962
          ],
          [
            21.0521561,
            52.1848588
          ],
          [
            21.05217,
            52.1848411
          ],
          [
            21.0521843,
            52.1848247
          ],
          [
            21.0521967,
            52.1848116
          ],
          [
            21.0522089,
            52.1848002
          ],
          [
            21.0523353,
            52.1846821
          ],
          [
            21.0523565,
            52.1846623
          ],
          [
            21.0523856,
            52.1846361
          ],
          [
            21.052413,
            52.1846152
          ],
          [
            21.0524489,
            52.1845948
          ],
          [
            21.0525392,
            52.1845433
          ],
          [
            21.0525631,
            52.1845288
          ],
          [
            21.0525853,
            52.1845125
          ],
          [
            21.0526007,
            52.1844986
          ],
          [
            21.0528688,
            52.1842455
          ],
          [
            21.0541864,
            52.1829946
          ],
          [
            21.054224,
            52.1829586
          ],
          [
            21.0542503,
            52.1829298
          ],
          [
            21.0542806,
            52.1828965
          ],
          [
            21.0543318,
            52.1828391
          ],
          [
            21.0543763,
            52.1827923
          ],
          [
            21.0544211,
            52.1827468
          ],
          [
            21.0545841,
            52.1825903
          ],
          [
            21.0546129,
            52.1825611
          ],
          [
            21.0546384,
            52.182533
          ],
          [
            21.0547833,
            52.1823602
          ],
          [
            21.0548107,
            52.1823276
          ],
          [
            21.0548385,
            52.1822969
          ],
          [
            21.0548689,
            52.1822667
          ],
          [
            21.0551583,
            52.1819932
          ],
          [
            21.0551777,
            52.1819735
          ],
          [
            21.0552053,
            52.1819413
          ],
          [
            21.0552278,
            52.1819191
          ],
          [
            21.0552593,
            52.1818892
          ],
          [
            21.055303,
            52.1818477
          ],
          [
            21.055332,
            52.1818177
          ],
          [
            21.0553423,
            52.1817992
          ],
          [
            21.0553685,
            52.1817441
          ],
          [
            21.0553802,
            52.1817319
          ],
          [
            21.0554152,
            52.1817026
          ]
        ]
      },
      "id": "way/1446176063"
    },
    {
      "type": "Feature",
      "properties": {
        "@id": "way/1446176097",
        "bicycle": "designated",
        "highway": "cycleway",
        "smoothness": "excellent",
        "surface": "asphalt"
      },
      "geometry": {
        "type": "LineString",
        "coordinates": [
          [
            21.0524807,
            52.18528
          ],
          [
            21.0524594,
            52.185299
          ]
        ]
      },
      "id": "way/1446176097"
    },
    {
      "type": "Feature",
      "properties": {
        "@id": "way/1446176098",
        "bicycle": "designated",
        "crossing": "traffic_signals",
        "crossing:markings": "dots",
        "cycleway": "crossing",
        "highway": "cycleway",
        "lit": "yes",
        "smoothness": "excellent",
        "surface": "asphalt"
      },
      "geometry": {
        "type": "LineString",
        "coordinates": [
          [
            21.0524594,
            52.185299
          ],
          [
            21.0524395,
            52.1853168
          ],
          [
            21.0524088,
            52.1853441
          ]
        ]
      },
      "id": "way/1446176098"
    },
    {
      "type": "Feature",
      "properties": {
        "@id": "way/1446176101",
        "highway": "living_street",
        "lanes": "1",
        "maxspeed": "20",
        "oneway": "yes",
        "surface": "asphalt"
      },
      "geometry": {
        "type": "LineString",
        "coordinates": [
          [
            21.052371,
            52.1852052
          ],
          [
            21.0525028,
            52.1852603
          ],
          [
            21.0525434,
            52.1852773
          ],
          [
            21.0525615,
            52.1852848
          ],
          [
            21.0525801,
            52.185295
          ],
          [
            21.052658,
            52.1853501
          ]
        ]
      },
      "id": "way/1446176101"
    },
    {
      "type": "Feature",
      "properties": {
        "@id": "way/1446176103",
        "bicycle": "designated",
        "crossing": "traffic_signals",
        "crossing:markings": "dots",
        "cycleway": "crossing",
        "highway": "cycleway",
        "lit": "yes",
        "smoothness": "excellent",
        "surface": "asphalt"
      },
      "geometry": {
        "type": "LineString",
        "coordinates": [
          [
            21.0520955,
            52.1853212
          ],
          [
            21.0520768,
            52.185314
          ],
          [
            21.0520284,
            52.1852947
          ],
          [
            21.0520091,
            52.1852872
          ]
        ]
      },
      "id": "way/1446176103"
    },
    {
      "type": "Feature",
      "properties": {
        "@id": "way/1446176108",
        "highway": "living_street",
        "maxspeed": "20",
        "surface": "asphalt"
      },
      "geometry": {
        "type": "LineString",
        "coordinates": [
          [
            21.052658,
            52.1853501
          ],
          [
            21.0527331,
            52.1853323
          ],
          [
            21.0528029,
            52.1853407
          ],
          [
            21.052872,
            52.1853632
          ],
          [
            21.0531551,
            52.1854775
          ]
        ]
      },
      "id": "way/1446176108"
    },
    {
      "type": "Feature",
      "properties": {
        "@id": "way/1446176144",
        "bicycle": "designated",
        "crossing": "traffic_signals",
        "crossing:markings": "dots",
        "cycleway": "crossing",
        "highway": "cycleway",
        "lit": "yes",
        "smoothness": "excellent",
        "surface": "asphalt"
      },
      "geometry": {
        "type": "LineString",
        "coordinates": [
          [
            21.0497507,
            52.187782
          ],
          [
            21.0497108,
            52.187766
          ],
          [
            21.0496296,
            52.1877341
          ]
        ]
      },
      "id": "way/1446176144"
    },
    {
      "type": "Feature",
      "properties": {
        "@id": "way/1446176168",
        "bicycle": "designated",
        "highway": "cycleway",
        "oneway": "yes",
        "smoothness": "excellent",
        "surface": "asphalt"
      },
      "geometry": {
        "type": "LineString",
        "coordinates": [
          [
            21.0498637,
            52.1881009
          ],
          [
            21.0497364,
            52.1881044
          ],
          [
            21.0495958,
            52.1881091
          ],
          [
            21.0495774,
            52.1881076
          ],
          [
            21.0495472,
            52.1881018
          ]
        ]
      },
      "id": "way/1446176168"
    },
    {
      "type": "Feature",
      "properties": {
        "@id": "way/1453840711",
        "highway": "cycleway",
        "lit": "yes",
        "surface": "asphalt"
      },
      "geometry": {
        "type": "LineString",
        "coordinates": [
          [
            21.0683499,
            52.2034821
          ],
          [
            21.0683766,
            52.203495
          ],
          [
            21.0683993,
            52.2034999
          ],
          [
            21.0684214,
            52.203495
          ],
          [
            21.0684669,
            52.203481
          ],
          [
            21.0684902,
            52.2034761
          ],
          [
            21.0685494,
            52.2034729
          ]
        ]
      },
      "id": "way/1453840711"
    },
    {
      "type": "Feature",
      "properties": {
        "@id": "way/1459672269",
        "highway": "cycleway",
        "surface": "asphalt"
      },
      "geometry": {
        "type": "LineString",
        "coordinates": [
          [
            21.0348953,
            52.2070581
          ],
          [
            21.0348352,
            52.2070613
          ]
        ]
      },
      "id": "way/1459672269"
    },
    {
      "type": "Feature",
      "properties": {
        "@id": "way/1459672270",
        "crossing": "uncontrolled",
        "crossing:markings": "dots",
        "cycleway": "crossing",
        "highway": "cycleway",
        "surface": "asphalt"
      },
      "geometry": {
        "type": "LineString",
        "coordinates": [
          [
            21.0349852,
            52.2070534
          ],
          [
            21.0349413,
            52.2070557
          ],
          [
            21.0348953,
            52.2070581
          ]
        ]
      },
      "id": "way/1459672270"
    },
    {
      "type": "Feature",
      "properties": {
        "@id": "way/1459672276",
        "crossing": "traffic_signals",
        "crossing:markings": "dots",
        "cycleway": "crossing",
        "highway": "cycleway",
        "surface": "asphalt"
      },
      "geometry": {
        "type": "LineString",
        "coordinates": [
          [
            21.0327652,
            52.207059
          ],
          [
            21.0327693,
            52.2070863
          ],
          [
            21.0327733,
            52.2071153
          ]
        ]
      },
      "id": "way/1459672276"
    },
    {
      "type": "Feature",
      "properties": {
        "@id": "way/1459672277",
        "highway": "cycleway",
        "surface": "asphalt"
      },
      "geometry": {
        "type": "LineString",
        "coordinates": [
          [
            21.0327733,
            52.2071153
          ],
          [
            21.032779,
            52.2071573
          ]
        ]
      },
      "id": "way/1459672277"
    },
    {
      "type": "Feature",
      "properties": {
        "@id": "way/1459672279",
        "crossing": "traffic_signals",
        "crossing:markings": "dots",
        "cycleway": "crossing",
        "highway": "cycleway",
        "surface": "asphalt"
      },
      "geometry": {
        "type": "LineString",
        "coordinates": [
          [
            21.0327529,
            52.2069777
          ],
          [
            21.032755,
            52.2069919
          ],
          [
            21.0327593,
            52.2070198
          ],
          [
            21.0327615,
            52.2070344
          ]
        ]
      },
      "id": "way/1459672279"
    },
    {
      "type": "Feature",
      "properties": {
        "@id": "way/1459672280",
        "crossing": "traffic_signals",
        "cycleway": "crossing",
        "highway": "cycleway",
        "surface": "asphalt"
      },
      "geometry": {
        "type": "LineString",
        "coordinates": [
          [
            21.0327405,
            52.2068964
          ],
          [
            21.0327446,
            52.2069249
          ],
          [
            21.0327491,
            52.2069529
          ]
        ]
      },
      "id": "way/1459672280"
    },
    {
      "type": "Feature",
      "properties": {
        "@id": "way/1459672281",
        "highway": "cycleway",
        "surface": "asphalt"
      },
      "geometry": {
        "type": "LineString",
        "coordinates": [
          [
            21.0327615,
            52.2070344
          ],
          [
            21.0327652,
            52.207059
          ]
        ]
      },
      "id": "way/1459672281"
    },
    {
      "type": "Feature",
      "properties": {
        "@id": "way/1459672284",
        "highway": "cycleway",
        "surface": "asphalt"
      },
      "geometry": {
        "type": "LineString",
        "coordinates": [
          [
            21.0327491,
            52.2069529
          ],
          [
            21.0327529,
            52.2069777
          ]
        ]
      },
      "id": "way/1459672284"
    },
    {
      "type": "Feature",
      "properties": {
        "@id": "way/1459672299",
        "crossing": "traffic_signals",
        "crossing:markings": "dots",
        "cycleway": "crossing",
        "highway": "cycleway",
        "surface": "asphalt"
      },
      "geometry": {
        "type": "LineString",
        "coordinates": [
          [
            21.0360927,
            52.2069189
          ],
          [
            21.0360881,
            52.2068906
          ],
          [
            21.0360837,
            52.206863
          ]
        ]
      },
      "id": "way/1459672299"
    },
    {
      "type": "Feature",
      "properties": {
        "@id": "way/1459672300",
        "crossing": "traffic_signals",
        "crossing:markings": "dots",
        "cycleway": "crossing",
        "highway": "cycleway",
        "surface": "asphalt"
      },
      "geometry": {
        "type": "LineString",
        "coordinates": [
          [
            21.0360664,
            52.2067594
          ],
          [
            21.0360612,
            52.2067324
          ],
          [
            21.0360553,
            52.2067023
          ]
        ]
      },
      "id": "way/1459672300"
    },
    {
      "type": "Feature",
      "properties": {
        "@id": "way/1459672301",
        "highway": "cycleway",
        "surface": "asphalt"
      },
      "geometry": {
        "type": "LineString",
        "coordinates": [
          [
            21.03607,
            52.2067801
          ],
          [
            21.0360664,
            52.2067594
          ]
        ]
      },
      "id": "way/1459672301"
    },
    {
      "type": "Feature",
      "properties": {
        "@id": "way/1459672302",
        "crossing": "traffic_signals",
        "crossing:markings": "dots",
        "cycleway": "crossing",
        "highway": "cycleway",
        "surface": "concrete"
      },
      "geometry": {
        "type": "LineString",
        "coordinates": [
          [
            21.0360792,
            52.2068352
          ],
          [
            21.0360773,
            52.2068238
          ],
          [
            21.0360729,
            52.2067972
          ],
          [
            21.03607,
            52.2067801
          ]
        ]
      },
      "id": "way/1459672302"
    },
    {
      "type": "Feature",
      "properties": {
        "@id": "way/1459672303",
        "highway": "cycleway",
        "surface": "asphalt"
      },
      "geometry": {
        "type": "LineString",
        "coordinates": [
          [
            21.0360837,
            52.206863
          ],
          [
            21.0360792,
            52.2068352
          ]
        ]
      },
      "id": "way/1459672303"
    },
    {
      "type": "Feature",
      "properties": {
        "@id": "way/1459672304",
        "highway": "cycleway",
        "surface": "asphalt"
      },
      "geometry": {
        "type": "LineString",
        "coordinates": [
          [
            21.0360984,
            52.2069548
          ],
          [
            21.0360927,
            52.2069189
          ]
        ]
      },
      "id": "way/1459672304"
    },
    {
      "type": "Feature",
      "properties": {
        "@id": "way/1459672315",
        "crossing": "traffic_signals",
        "crossing:markings": "dots",
        "cycleway": "crossing",
        "highway": "cycleway",
        "surface": "asphalt"
      },
      "geometry": {
        "type": "LineString",
        "coordinates": [
          [
            21.0387903,
            52.2066247
          ],
          [
            21.0387845,
            52.2065849
          ],
          [
            21.0387782,
            52.2065402
          ]
        ]
      },
      "id": "way/1459672315"
    },
    {
      "type": "Feature",
      "properties": {
        "@id": "way/1459672316",
        "crossing": "traffic_signals",
        "crossing:markings": "dots",
        "cycleway": "crossing",
        "highway": "cycleway",
        "surface": "asphalt"
      },
      "geometry": {
        "type": "LineString",
        "coordinates": [
          [
            21.0388015,
            52.2067022
          ],
          [
            21.0387994,
            52.2066876
          ],
          [
            21.0387953,
            52.2066596
          ],
          [
            21.0387932,
            52.2066448
          ]
        ]
      },
      "id": "way/1459672316"
    },
    {
      "type": "Feature",
      "properties": {
        "@id": "way/1459672319",
        "highway": "cycleway",
        "surface": "asphalt"
      },
      "geometry": {
        "type": "LineString",
        "coordinates": [
          [
            21.0387932,
            52.2066448
          ],
          [
            21.0387903,
            52.2066247
          ]
        ]
      },
      "id": "way/1459672319"
    },
    {
      "type": "Feature",
      "properties": {
        "@id": "way/1459672322",
        "highway": "cycleway",
        "surface": "asphalt"
      },
      "geometry": {
        "type": "LineString",
        "coordinates": [
          [
            21.0388089,
            52.2067538
          ],
          [
            21.0388015,
            52.2067022
          ]
        ]
      },
      "id": "way/1459672322"
    },
    {
      "type": "Feature",
      "properties": {
        "@id": "way/1459672323",
        "highway": "cycleway",
        "surface": "asphalt"
      },
      "geometry": {
        "type": "LineString",
        "coordinates": [
          [
            21.0388336,
            52.2068681
          ],
          [
            21.0388181,
            52.2068147
          ]
        ]
      },
      "id": "way/1459672323"
    },
    {
      "type": "Feature",
      "properties": {
        "@id": "way/1459682621",
        "crossing": "traffic_signals",
        "crossing:markings": "dots",
        "cycleway": "crossing",
        "highway": "cycleway",
        "surface": "asphalt"
      },
      "geometry": {
        "type": "LineString",
        "coordinates": [
          [
            21.0392815,
            52.2067108
          ],
          [
            21.039281,
            52.206748
          ],
          [
            21.0392804,
            52.2067947
          ]
        ]
      },
      "id": "way/1459682621"
    },
    {
      "type": "Feature",
      "properties": {
        "@id": "way/1459682622",
        "highway": "cycleway",
        "surface": "asphalt"
      },
      "geometry": {
        "type": "LineString",
        "coordinates": [
          [
            21.039282,
            52.2066803
          ],
          [
            21.0392815,
            52.2067108
          ]
        ]
      },
      "id": "way/1459682622"
    },
    {
      "type": "Feature",
      "properties": {
        "@id": "way/1459682623",
        "crossing": "traffic_signals",
        "crossing:markings": "dots",
        "cycleway": "crossing",
        "highway": "cycleway",
        "surface": "asphalt"
      },
      "geometry": {
        "type": "LineString",
        "coordinates": [
          [
            21.0392827,
            52.206625
          ],
          [
            21.0392825,
            52.2066391
          ],
          [
            21.0392821,
            52.2066663
          ],
          [
            21.039282,
            52.2066803
          ]
        ]
      },
      "id": "way/1459682623"
    },
    {
      "type": "Feature",
      "properties": {
        "@id": "way/1459682624",
        "highway": "cycleway",
        "surface": "asphalt"
      },
      "geometry": {
        "type": "LineString",
        "coordinates": [
          [
            21.0392833,
            52.2065831
          ],
          [
            21.0392827,
            52.206625
          ]
        ]
      },
      "id": "way/1459682624"
    },
    {
      "type": "Feature",
      "properties": {
        "@id": "way/1459682625",
        "highway": "cycleway",
        "surface": "asphalt"
      },
      "geometry": {
        "type": "LineString",
        "coordinates": [
          [
            21.0392785,
            52.2064675
          ],
          [
            21.0392842,
            52.2064906
          ],
          [
            21.0392842,
            52.2065157
          ]
        ]
      },
      "id": "way/1459682625"
    },
    {
      "type": "Feature",
      "properties": {
        "@id": "way/1459682626",
        "highway": "cycleway",
        "surface": "asphalt"
      },
      "geometry": {
        "type": "LineString",
        "coordinates": [
          [
            21.0387782,
            52.2065402
          ],
          [
            21.0387789,
            52.2065154
          ],
          [
            21.0387824,
            52.2065081
          ],
          [
            21.0387916,
            52.2064992
          ],
          [
            21.0388066,
            52.2064898
          ],
          [
            21.0388198,
            52.206485
          ],
          [
            21.0388359,
            52.2064816
          ],
          [
            21.0389113,
            52.2064761
          ],
          [
            21.0389771,
            52.2064748
          ]
        ]
      },
      "id": "way/1459682626"
    },
    {
      "type": "Feature",
      "properties": {
        "@id": "way/1459682627",
        "crossing": "traffic_signals",
        "crossing:markings": "dots",
        "cycleway": "crossing",
        "highway": "cycleway",
        "surface": "asphalt"
      },
      "geometry": {
        "type": "LineString",
        "coordinates": [
          [
            21.0389771,
            52.2064748
          ],
          [
            21.0390144,
            52.2064739
          ],
          [
            21.0390541,
            52.2064729
          ]
        ]
      },
      "id": "way/1459682627"
    },
    {
      "type": "Feature",
      "properties": {
        "@id": "way/1459682630",
        "highway": "cycleway",
        "surface": "asphalt"
      },
      "geometry": {
        "type": "LineString",
        "coordinates": [
          [
            21.0390541,
            52.2064729
          ],
          [
            21.0390871,
            52.2064721
          ]
        ]
      },
      "id": "way/1459682630"
    },
    {
      "type": "Feature",
      "properties": {
        "@id": "way/1459682633",
        "highway": "cycleway",
        "surface": "asphalt"
      },
      "geometry": {
        "type": "LineString",
        "coordinates": [
          [
            21.0392012,
            52.2064694
          ],
          [
            21.0392785,
            52.2064675
          ]
        ]
      },
      "id": "way/1459682633"
    },
    {
      "type": "Feature",
      "properties": {
        "@id": "way/1459682639",
        "highway": "cycleway",
        "surface": "asphalt"
      },
      "geometry": {
        "type": "LineString",
        "coordinates": [
          [
            21.0374794,
            52.2069325
          ],
          [
            21.0374562,
            52.2069335
          ],
          [
            21.0372942,
            52.2069377
          ],
          [
            21.0367846,
            52.2069178
          ],
          [
            21.0367398,
            52.2069171
          ],
          [
            21.0366891,
            52.2069178
          ],
          [
            21.0366279,
            52.2069205
          ],
          [
            21.0365792,
            52.2069243
          ],
          [
            21.0364321,
            52.2069387
          ],
          [
            21.0363993,
            52.2069414
          ],
          [
            21.0361585,
            52.2069523
          ],
          [
            21.0360984,
            52.2069548
          ],
          [
            21.035971,
            52.2069617
          ],
          [
            21.0359109,
            52.2069674
          ],
          [
            21.0357701,
            52.2069833
          ],
          [
            21.035468,
            52.2070173
          ],
          [
            21.0354259,
            52.2070221
          ],
          [
            21.0353553,
            52.2070298
          ],
          [
            21.035279,
            52.2070365
          ],
          [
            21.0350612,
            52.2070494
          ],
          [
            21.0349852,
            52.2070534
          ]
        ]
      },
      "id": "way/1459682639"
    },
    {
      "type": "Feature",
      "properties": {
        "@id": "way/1459682640",
        "crossing": "traffic_signals",
        "crossing:markings": "dots",
        "cycleway": "crossing",
        "highway": "cycleway",
        "surface": "asphalt"
      },
      "geometry": {
        "type": "LineString",
        "coordinates": [
          [
            21.0390155,
            52.2068668
          ],
          [
            21.0389712,
            52.2068685
          ],
          [
            21.0389109,
            52.2068709
          ]
        ]
      },
      "id": "way/1459682640"
    },
    {
      "type": "Feature",
      "properties": {
        "@id": "way/1459682644",
        "crossing": "traffic_signals",
        "crossing:markings": "dots",
        "cycleway": "crossing",
        "highway": "cycleway",
        "surface": "asphalt"
      },
      "geometry": {
        "type": "LineString",
        "coordinates": [
          [
            21.0391176,
            52.2068628
          ],
          [
            21.0390869,
            52.206864
          ],
          [
            21.0390512,
            52.2068654
          ]
        ]
      },
      "id": "way/1459682644"
    },
    {
      "type": "Feature",
      "properties": {
        "@id": "way/1459682645",
        "highway": "cycleway",
        "surface": "asphalt"
      },
      "geometry": {
        "type": "LineString",
        "coordinates": [
          [
            21.0390512,
            52.2068654
          ],
          [
            21.0390155,
            52.2068668
          ]
        ]
      },
      "id": "way/1459682645"
    },
    {
      "type": "Feature",
      "properties": {
        "@id": "way/1459682651",
        "highway": "cycleway",
        "surface": "asphalt"
      },
      "geometry": {
        "type": "LineString",
        "coordinates": [
          [
            21.0421964,
            52.2065642
          ],
          [
            21.0422006,
            52.2065474
          ],
          [
            21.042204,
            52.2065385
          ],
          [
            21.0422161,
            52.2065273
          ],
          [
            21.0422607,
            52.2064995
          ],
          [
            21.042326,
            52.20646
          ]
        ]
      },
      "id": "way/1459682651"
    },
    {
      "type": "Feature",
      "properties": {
        "@id": "way/1459682652",
        "highway": "cycleway",
        "oneway": "yes",
        "surface": "asphalt"
      },
      "geometry": {
        "type": "LineString",
        "coordinates": [
          [
            21.0423929,
            52.2064743
          ],
          [
            21.0423797,
            52.2064729
          ],
          [
            21.0423677,
            52.2064702
          ],
          [
            21.042326,
            52.20646
          ]
        ]
      },
      "id": "way/1459682652"
    },
    {
      "type": "Feature",
      "properties": {
        "@id": "way/1459682653",
        "crossing": "uncontrolled",
        "crossing:markings": "dots",
        "cycleway": "crossing",
        "highway": "cycleway",
        "oneway": "yes",
        "surface": "asphalt"
      },
      "geometry": {
        "type": "LineString",
        "coordinates": [
          [
            21.0424843,
            52.206477
          ],
          [
            21.0424403,
            52.2064757
          ],
          [
            21.0423929,
            52.2064743
          ]
        ]
      },
      "id": "way/1459682653"
    },
    {
      "type": "Feature",
      "properties": {
        "@id": "way/1459682658",
        "highway": "cycleway",
        "surface": "asphalt"
      },
      "geometry": {
        "type": "LineString",
        "coordinates": [
          [
            21.0421784,
            52.2068887
          ],
          [
            21.0421817,
            52.2068293
          ],
          [
            21.0421836,
            52.2067955
          ]
        ]
      },
      "id": "way/1459682658"
    },
    {
      "type": "Feature",
      "properties": {
        "@id": "way/1459682659",
        "highway": "cycleway",
        "surface": "asphalt"
      },
      "geometry": {
        "type": "LineString",
        "coordinates": [
          [
            21.0421867,
            52.2067384
          ],
          [
            21.0421882,
            52.2067174
          ]
        ]
      },
      "id": "way/1459682659"
    },
    {
      "type": "Feature",
      "properties": {
        "@id": "way/1459682661",
        "crossing": "traffic_signals",
        "crossing:markings": "dots",
        "cycleway": "crossing",
        "highway": "cycleway",
        "surface": "concrete"
      },
      "geometry": {
        "type": "LineString",
        "coordinates": [
          [
            21.0421882,
            52.2067174
          ],
          [
            21.0421888,
            52.2067014
          ],
          [
            21.0421904,
            52.2066733
          ],
          [
            21.0421911,
            52.2066593
          ]
        ]
      },
      "id": "way/1459682661"
    },
    {
      "type": "Feature",
      "properties": {
        "@id": "way/1459682664",
        "highway": "cycleway",
        "surface": "asphalt"
      },
      "geometry": {
        "type": "LineString",
        "coordinates": [
          [
            21.0421911,
            52.2066593
          ],
          [
            21.0421931,
            52.2066236
          ]
        ]
      },
      "id": "way/1459682664"
    },
    {
      "type": "Feature",
      "properties": {
        "@id": "way/1459682669",
        "crossing": "traffic_signals",
        "crossing:markings": "dots",
        "cycleway": "crossing",
        "highway": "cycleway",
        "surface": "asphalt"
      },
      "geometry": {
        "type": "LineString",
        "coordinates": [
          [
            21.0421836,
            52.2067955
          ],
          [
            21.0421852,
            52.2067656
          ],
          [
            21.0421867,
            52.2067384
          ]
        ]
      },
      "id": "way/1459682669"
    },
    {
      "type": "Feature",
      "properties": {
        "@id": "way/1459682685",
        "crossing": "traffic_signals",
        "crossing:markings": "dots",
        "cycleway": "crossing",
        "highway": "cycleway",
        "surface": "asphalt"
      },
      "geometry": {
        "type": "LineString",
        "coordinates": [
          [
            21.0450769,
            52.206874
          ],
          [
            21.0450821,
            52.206843
          ],
          [
            21.0450862,
            52.2068179
          ]
        ]
      },
      "id": "way/1459682685"
    },
    {
      "type": "Feature",
      "properties": {
        "@id": "way/1459682686",
        "highway": "cycleway",
        "surface": "asphalt"
      },
      "geometry": {
        "type": "LineString",
        "coordinates": [
          [
            21.0450779,
            52.2069452
          ],
          [
            21.0450726,
            52.206905
          ],
          [
            21.0450769,
            52.206874
          ]
        ]
      },
      "id": "way/1459682686"
    },
    {
      "type": "Feature",
      "properties": {
        "@id": "way/1459682687",
        "crossing": "traffic_signals",
        "crossing:markings": "dots",
        "cycleway": "crossing",
        "highway": "cycleway",
        "surface": "asphalt"
      },
      "geometry": {
        "type": "LineString",
        "coordinates": [
          [
            21.0451088,
            52.2066824
          ],
          [
            21.0451135,
            52.206654
          ],
          [
            21.0451187,
            52.206623
          ]
        ]
      },
      "id": "way/1459682687"
    },
    {
      "type": "Feature",
      "properties": {
        "@id": "way/1459682688",
        "highway": "cycleway",
        "surface": "asphalt"
      },
      "geometry": {
        "type": "LineString",
        "coordinates": [
          [
            21.0451037,
            52.2067129
          ],
          [
            21.0451088,
            52.2066824
          ]
        ]
      },
      "id": "way/1459682688"
    },
    {
      "type": "Feature",
      "properties": {
        "@id": "way/1459682689",
        "crossing": "traffic_signals",
        "crossing:markings": "dots",
        "cycleway": "crossing",
        "highway": "cycleway",
        "surface": "concrete"
      },
      "geometry": {
        "type": "LineString",
        "coordinates": [
          [
            21.0450935,
            52.2067741
          ],
          [
            21.045096,
            52.2067595
          ],
          [
            21.0451015,
            52.2067266
          ],
          [
            21.0451037,
            52.2067129
          ]
        ]
      },
      "id": "way/1459682689"
    },
    {
      "type": "Feature",
      "properties": {
        "@id": "way/1459682690",
        "highway": "cycleway",
        "surface": "asphalt"
      },
      "geometry": {
        "type": "LineString",
        "coordinates": [
          [
            21.0450862,
            52.2068179
          ],
          [
            21.0450935,
            52.2067741
          ]
        ]
      },
      "id": "way/1459682690"
    },
    {
      "type": "Feature",
      "properties": {
        "@id": "way/1459682692",
        "crossing": "traffic_signals",
        "crossing:markings": "dots",
        "cycleway": "crossing",
        "highway": "cycleway",
        "surface": "asphalt"
      },
      "geometry": {
        "type": "LineString",
        "coordinates": [
          [
            21.0453671,
            52.2065818
          ],
          [
            21.045411,
            52.2065847
          ],
          [
            21.045465,
            52.2065881
          ]
        ]
      },
      "id": "way/1459682692"
    },
    {
      "type": "Feature",
      "properties": {
        "@id": "way/1459682693",
        "highway": "cycleway",
        "surface": "asphalt"
      },
      "geometry": {
        "type": "LineString",
        "coordinates": [
          [
            21.0451187,
            52.206623
          ],
          [
            21.0451235,
            52.2066052
          ],
          [
            21.0451277,
            52.2065985
          ],
          [
            21.0451359,
            52.2065915
          ],
          [
            21.0451644,
            52.206576
          ],
          [
            21.0451894,
            52.2065731
          ],
          [
            21.0452153,
            52.206572
          ],
          [
            21.0452518,
            52.2065743
          ]
        ]
      },
      "id": "way/1459682693"
    },
    {
      "type": "Feature",
      "properties": {
        "@id": "way/1459682697",
        "crossing": "traffic_signals",
        "crossing:markings": "dots",
        "cycleway": "crossing",
        "highway": "cycleway",
        "surface": "asphalt"
      },
      "geometry": {
        "type": "LineString",
        "coordinates": [
          [
            21.0452518,
            52.2065743
          ],
          [
            21.0452883,
            52.2065767
          ],
          [
            21.0453323,
            52.2065795
          ]
        ]
      },
      "id": "way/1459682697"
    },
    {
      "type": "Feature",
      "properties": {
        "@id": "way/1459682698",
        "highway": "cycleway",
        "surface": "asphalt"
      },
      "geometry": {
        "type": "LineString",
        "coordinates": [
          [
            21.0453323,
            52.2065795
          ],
          [
            21.0453671,
            52.2065818
          ]
        ]
      },
      "id": "way/1459682698"
    },
    {
      "type": "Feature",
      "properties": {
        "@id": "way/1459682703",
        "highway": "cycleway",
        "surface": "asphalt"
      },
      "geometry": {
        "type": "LineString",
        "coordinates": [
          [
            21.0480798,
            52.2072446
          ],
          [
            21.0479842,
            52.2072335
          ],
          [
            21.0474647,
            52.2071767
          ],
          [
            21.0474006,
            52.2071735
          ],
          [
            21.0473597,
            52.207171
          ],
          [
            21.0472806,
            52.2071661
          ],
          [
            21.0461183,
            52.2070491
          ],
          [
            21.0460639,
            52.2070365
          ],
          [
            21.0459753,
            52.2070023
          ],
          [
            21.0459413,
            52.2069946
          ],
          [
            21.0457506,
            52.2069711
          ],
          [
            21.045709,
            52.2069698
          ],
          [
            21.0455961,
            52.2069799
          ],
          [
            21.0455724,
            52.2069817
          ],
          [
            21.045487,
            52.2069775
          ],
          [
            21.0453837,
            52.2069723
          ]
        ]
      },
      "id": "way/1459682703"
    },
    {
      "type": "Feature",
      "properties": {
        "@id": "way/1459682704",
        "crossing": "traffic_signals",
        "crossing:markings": "dots",
        "cycleway": "crossing",
        "highway": "cycleway",
        "surface": "asphalt"
      },
      "geometry": {
        "type": "LineString",
        "coordinates": [
          [
            21.0452753,
            52.2069669
          ],
          [
            21.045225,
            52.2069644
          ],
          [
            21.0451793,
            52.2069621
          ]
        ]
      },
      "id": "way/1459682704"
    },
    {
      "type": "Feature",
      "properties": {
        "@id": "way/1459682708",
        "crossing": "traffic_signals",
        "crossing:markings": "dots",
        "cycleway": "crossing",
        "highway": "cycleway",
        "surface": "asphalt"
      },
      "geometry": {
        "type": "LineString",
        "coordinates": [
          [
            21.0453837,
            52.2069723
          ],
          [
            21.0453516,
            52.2069707
          ],
          [
            21.0453104,
            52.2069686
          ]
        ]
      },
      "id": "way/1459682708"
    },
    {
      "type": "Feature",
      "properties": {
        "@id": "way/1459682709",
        "highway": "cycleway",
        "surface": "asphalt"
      },
      "geometry": {
        "type": "LineString",
        "coordinates": [
          [
            21.0453104,
            52.2069686
          ],
          [
            21.0452753,
            52.2069669
          ]
        ]
      },
      "id": "way/1459682709"
    },
    {
      "type": "Feature",
      "properties": {
        "@id": "way/1459682710",
        "highway": "cycleway",
        "surface": "asphalt"
      },
      "geometry": {
        "type": "LineString",
        "coordinates": [
          [
            21.045465,
            52.2065881
          ],
          [
            21.0454958,
            52.206592
          ],
          [
            21.045523,
            52.2065974
          ],
          [
            21.0455416,
            52.206604
          ],
          [
            21.0455576,
            52.2066123
          ],
          [
            21.0455703,
            52.2066248
          ],
          [
            21.0455769,
            52.2066418
          ],
          [
            21.0455784,
            52.2066549
          ]
        ]
      },
      "id": "way/1459682710"
    },
    {
      "type": "Feature",
      "properties": {
        "@id": "way/1459682711",
        "highway": "cycleway",
        "surface": "asphalt"
      },
      "geometry": {
        "type": "LineString",
        "coordinates": [
          [
            21.0455228,
            52.206921
          ],
          [
            21.0455194,
            52.2069402
          ],
          [
            21.0455174,
            52.2069455
          ],
          [
            21.0455139,
            52.2069523
          ],
          [
            21.045487,
            52.2069775
          ]
        ]
      },
      "id": "way/1459682711"
    },
    {
      "type": "Feature",
      "properties": {
        "@id": "way/1459682715",
        "crossing": "traffic_signals",
        "crossing:markings": "dots",
        "cycleway": "crossing",
        "highway": "cycleway",
        "surface": "asphalt"
      },
      "geometry": {
        "type": "LineString",
        "coordinates": [
          [
            21.04554,
            52.2068389
          ],
          [
            21.0455314,
            52.2068796
          ],
          [
            21.0455228,
            52.206921
          ]
        ]
      },
      "id": "way/1459682715"
    },
    {
      "type": "Feature",
      "properties": {
        "@id": "way/1459682716",
        "highway": "cycleway",
        "surface": "asphalt"
      },
      "geometry": {
        "type": "LineString",
        "coordinates": [
          [
            21.0455466,
            52.2068068
          ],
          [
            21.04554,
            52.2068389
          ]
        ]
      },
      "id": "way/1459682716"
    },
    {
      "type": "Feature",
      "properties": {
        "@id": "way/1459682717",
        "crossing": "traffic_signals",
        "crossing:markings": "dots",
        "cycleway": "crossing",
        "highway": "cycleway",
        "surface": "concrete"
      },
      "geometry": {
        "type": "LineString",
        "coordinates": [
          [
            21.0455604,
            52.2067409
          ],
          [
            21.0455569,
            52.2067577
          ],
          [
            21.0455496,
            52.2067929
          ],
          [
            21.0455466,
            52.2068068
          ]
        ]
      },
      "id": "way/1459682717"
    },
    {
      "type": "Feature",
      "properties": {
        "@id": "way/1459682718",
        "highway": "cycleway",
        "surface": "asphalt"
      },
      "geometry": {
        "type": "LineString",
        "coordinates": [
          [
            21.0455663,
            52.2067132
          ],
          [
            21.0455604,
            52.2067409
          ]
        ]
      },
      "id": "way/1459682718"
    },
    {
      "type": "Feature",
      "properties": {
        "@id": "way/1459851775",
        "highway": "cycleway",
        "surface": "asphalt"
      },
      "geometry": {
        "type": "LineString",
        "coordinates": [
          [
            21.0327358,
            52.206862
          ],
          [
            21.0327405,
            52.2068964
          ]
        ]
      },
      "id": "way/1459851775"
    },
    {
      "type": "Feature",
      "properties": {
        "@id": "way/1459851778",
        "highway": "cycleway",
        "surface": "asphalt"
      },
      "geometry": {
        "type": "LineString",
        "coordinates": [
          [
            21.0325718,
            52.2068609
          ],
          [
            21.0326209,
            52.2068662
          ],
          [
            21.0326451,
            52.2068664
          ]
        ]
      },
      "id": "way/1459851778"
    },
    {
      "type": "Feature",
      "properties": {
        "@id": "way/1460790307",
        "highway": "cycleway",
        "lit": "yes",
        "surface": "asphalt"
      },
      "geometry": {
        "type": "LineString",
        "coordinates": [
          [
            21.0554905,
            52.1816392
          ],
          [
            21.0555177,
            52.1816161
          ]
        ]
      },
      "id": "way/1460790307"
    },
    {
      "type": "Feature",
      "properties": {
        "@id": "way/1460790308",
        "bicycle": "designated",
        "highway": "cycleway",
        "lit": "yes",
        "smoothness": "excellent",
        "surface": "asphalt"
      },
      "geometry": {
        "type": "LineString",
        "coordinates": [
          [
            21.05598,
            52.1819838
          ],
          [
            21.055934,
            52.182031
          ],
          [
            21.0558968,
            52.1820448
          ],
          [
            21.0558674,
            52.1820719
          ],
          [
            21.0558255,
            52.1821127
          ],
          [
            21.0555817,
            52.1823468
          ],
          [
            21.0554556,
            52.1824679
          ],
          [
            21.0554407,
            52.1824822
          ],
          [
            21.0554234,
            52.182499
          ],
          [
            21.0554092,
            52.18251
          ],
          [
            21.0553899,
            52.182523
          ],
          [
            21.0553713,
            52.1825351
          ],
          [
            21.055348,
            52.1825462
          ],
          [
            21.0553059,
            52.1825614
          ],
          [
            21.055285,
            52.1825703
          ],
          [
            21.0552607,
            52.1825823
          ],
          [
            21.055243,
            52.1825937
          ],
          [
            21.055224,
            52.182607
          ],
          [
            21.0552127,
            52.1826157
          ],
          [
            21.0551913,
            52.1826327
          ],
          [
            21.0551681,
            52.1826533
          ],
          [
            21.0548409,
            52.1829644
          ]
        ]
      },
      "id": "way/1460790308"
    },
    {
      "type": "Feature",
      "properties": {
        "@id": "way/1460790309",
        "bicycle": "designated",
        "crossing": "traffic_signals",
        "crossing:markings": "dots",
        "cycleway": "crossing",
        "highway": "cycleway",
        "lit": "yes",
        "smoothness": "excellent",
        "surface": "asphalt"
      },
      "geometry": {
        "type": "LineString",
        "coordinates": [
          [
            21.0561233,
            52.1818319
          ],
          [
            21.0560943,
            52.1818627
          ],
          [
            21.056065,
            52.1818937
          ]
        ]
      },
      "id": "way/1460790309"
    },
    {
      "type": "Feature",
      "properties": {
        "@id": "way/1460790310",
        "bicycle": "designated",
        "crossing": "traffic_signals",
        "crossing:markings": "dots",
        "cycleway": "crossing",
        "highway": "cycleway",
        "lit": "yes",
        "smoothness": "excellent",
        "surface": "asphalt"
      },
      "geometry": {
        "type": "LineString",
        "coordinates": [
          [
            21.0560453,
            52.1819146
          ],
          [
            21.0560038,
            52.1819586
          ],
          [
            21.05598,
            52.1819838
          ]
        ]
      },
      "id": "way/1460790310"
    },
    {
      "type": "Feature",
      "properties": {
        "@id": "way/1460790311",
        "bicycle": "designated",
        "highway": "cycleway",
        "lit": "yes",
        "smoothness": "excellent",
        "surface": "asphalt"
      },
      "geometry": {
        "type": "LineString",
        "coordinates": [
          [
            21.056065,
            52.1818937
          ],
          [
            21.0560453,
            52.1819146
          ]
        ]
      },
      "id": "way/1460790311"
    },
    {
      "type": "Feature",
      "properties": {
        "@id": "way/1460790312",
        "highway": "cycleway",
        "lit": "yes",
        "surface": "asphalt"
      },
      "geometry": {
        "type": "LineString",
        "coordinates": [
          [
            21.0558674,
            52.1820719
          ],
          [
            21.0557693,
            52.1820334
          ]
        ]
      },
      "id": "way/1460790312"
    },
    {
      "type": "Feature",
      "properties": {
        "@id": "way/1460790313",
        "bicycle": "designated",
        "crossing": "traffic_signals",
        "crossing:markings": "dots",
        "cycleway": "crossing",
        "highway": "cycleway",
        "lit": "yes",
        "smoothness": "excellent",
        "surface": "asphalt"
      },
      "geometry": {
        "type": "LineString",
        "coordinates": [
          [
            21.0557693,
            52.1820334
          ],
          [
            21.0557285,
            52.1820172
          ],
          [
            21.055684,
            52.1819995
          ]
        ]
      },
      "id": "way/1460790313"
    },
    {
      "type": "Feature",
      "properties": {
        "@id": "way/1460790314",
        "highway": "cycleway",
        "lit": "yes",
        "surface": "asphalt"
      },
      "geometry": {
        "type": "LineString",
        "coordinates": [
          [
            21.055684,
            52.1819995
          ],
          [
            21.055611,
            52.1819705
          ],
          [
            21.0555619,
            52.1819509
          ],
          [
            21.0555085,
            52.1819297
          ]
        ]
      },
      "id": "way/1460790314"
    },
    {
      "type": "Feature",
      "properties": {
        "@id": "way/1460790315",
        "highway": "cycleway",
        "lit": "yes",
        "surface": "asphalt"
      },
      "geometry": {
        "type": "LineString",
        "coordinates": [
          [
            21.0553488,
            52.1818661
          ],
          [
            21.055303,
            52.1818477
          ]
        ]
      },
      "id": "way/1460790315"
    },
    {
      "type": "Feature",
      "properties": {
        "@id": "way/1460790316",
        "highway": "cycleway",
        "smoothness": "intermediate",
        "surface": "paving_stones"
      },
      "geometry": {
        "type": "LineString",
        "coordinates": [
          [
            21.0523373,
            52.1854177
          ],
          [
            21.0522766,
            52.1853936
          ]
        ]
      },
      "id": "way/1460790316"
    },
    {
      "type": "Feature",
      "properties": {
        "@id": "way/1460790317",
        "bicycle": "designated",
        "crossing": "traffic_signals",
        "crossing:markings": "dots",
        "cycleway": "crossing",
        "highway": "cycleway",
        "lit": "yes",
        "smoothness": "excellent",
        "surface": "asphalt"
      },
      "geometry": {
        "type": "LineString",
        "coordinates": [
          [
            21.0522766,
            52.1853936
          ],
          [
            21.0521996,
            52.1853629
          ],
          [
            21.0521518,
            52.1853438
          ]
        ]
      },
      "id": "way/1460790317"
    },
    {
      "type": "Feature",
      "properties": {
        "@id": "way/1460790318",
        "highway": "cycleway",
        "smoothness": "intermediate",
        "surface": "paving_stones"
      },
      "geometry": {
        "type": "LineString",
        "coordinates": [
          [
            21.0518806,
            52.1852359
          ],
          [
            21.0518246,
            52.1852136
          ],
          [
            21.0518063,
            52.1852056
          ],
          [
            21.05179,
            52.1851976
          ]
        ]
      },
      "id": "way/1460790318"
    },
    {
      "type": "Feature",
      "properties": {
        "@id": "way/1460790319",
        "bicycle": "designated",
        "crossing": "traffic_signals",
        "crossing:markings": "dots",
        "cycleway": "crossing",
        "highway": "cycleway",
        "lit": "yes",
        "smoothness": "excellent",
        "surface": "asphalt"
      },
      "geometry": {
        "type": "LineString",
        "coordinates": [
          [
            21.0519614,
            52.1852681
          ],
          [
            21.051921,
            52.185252
          ],
          [
            21.0518806,
            52.1852359
          ]
        ]
      },
      "id": "way/1460790319"
    },
    {
      "type": "Feature",
      "properties": {
        "@id": "way/1460790320",
        "highway": "cycleway",
        "smoothness": "intermediate",
        "surface": "paving_stones"
      },
      "geometry": {
        "type": "LineString",
        "coordinates": [
          [
            21.0520091,
            52.1852872
          ],
          [
            21.0519614,
            52.1852681
          ]
        ]
      },
      "id": "way/1460790320"
    },
    {
      "type": "Feature",
      "properties": {
        "@id": "way/1460790321",
        "highway": "cycleway",
        "smoothness": "intermediate",
        "surface": "paving_stones"
      },
      "geometry": {
        "type": "LineString",
        "coordinates": [
          [
            21.0521518,
            52.1853438
          ],
          [
            21.0520955,
            52.1853212
          ]
        ]
      },
      "id": "way/1460790321"
    },
    {
      "type": "Feature",
      "properties": {
        "@id": "way/1460790322",
        "bicycle": "designated",
        "crossing": "traffic_signals",
        "crossing:markings": "dots",
        "cycleway": "crossing",
        "highway": "cycleway",
        "lit": "yes",
        "smoothness": "excellent",
        "surface": "asphalt"
      },
      "geometry": {
        "type": "LineString",
        "coordinates": [
          [
            21.0489912,
            52.1878607
          ],
          [
            21.0490548,
            52.187813
          ],
          [
            21.0490734,
            52.1877991
          ]
        ]
      },
      "id": "way/1460790322"
    },
    {
      "type": "Feature",
      "properties": {
        "@id": "way/1460790323",
        "bicycle": "designated",
        "cycleway": "crossing",
        "highway": "cycleway",
        "surface": "asphalt"
      },
      "geometry": {
        "type": "LineString",
        "coordinates": [
          [
            21.0490734,
            52.1877991
          ],
          [
            21.0490942,
            52.1877836
          ]
        ]
      },
      "id": "way/1460790323"
    },
    {
      "type": "Feature",
      "properties": {
        "@id": "way/1460790326",
        "bicycle": "designated",
        "crossing": "traffic_signals",
        "crossing:markings": "dots",
        "cycleway": "crossing",
        "highway": "cycleway",
        "lit": "yes",
        "smoothness": "excellent",
        "surface": "asphalt"
      },
      "geometry": {
        "type": "LineString",
        "coordinates": [
          [
            21.0494632,
            52.1876676
          ],
          [
            21.0494177,
            52.1876496
          ],
          [
            21.049377,
            52.1876335
          ]
        ]
      },
      "id": "way/1460790326"
    },
    {
      "type": "Feature",
      "properties": {
        "@id": "way/1460790327",
        "bicycle": "designated",
        "highway": "cycleway",
        "lit": "yes",
        "smoothness": "excellent",
        "surface": "asphalt"
      },
      "geometry": {
        "type": "LineString",
        "coordinates": [
          [
            21.0494968,
            52.1876808
          ],
          [
            21.0494632,
            52.1876676
          ]
        ]
      },
      "id": "way/1460790327"
    },
    {
      "type": "Feature",
      "properties": {
        "@id": "way/1460790328",
        "bicycle": "designated",
        "crossing": "traffic_signals",
        "crossing:markings": "dots",
        "cycleway": "crossing",
        "highway": "cycleway",
        "lit": "yes",
        "smoothness": "excellent",
        "surface": "concrete"
      },
      "geometry": {
        "type": "LineString",
        "coordinates": [
          [
            21.0495825,
            52.1877153
          ],
          [
            21.0495641,
            52.1877078
          ],
          [
            21.049515,
            52.1876883
          ],
          [
            21.0494968,
            52.1876808
          ]
        ]
      },
      "id": "way/1460790328"
    },
    {
      "type": "Feature",
      "properties": {
        "@id": "way/1460790329",
        "bicycle": "designated",
        "highway": "cycleway",
        "lit": "yes",
        "smoothness": "excellent",
        "surface": "asphalt"
      },
      "geometry": {
        "type": "LineString",
        "coordinates": [
          [
            21.0496296,
            52.1877341
          ],
          [
            21.0495825,
            52.1877153
          ]
        ]
      },
      "id": "way/1460790329"
    },
    {
      "type": "Feature",
      "properties": {
        "@id": "way/1460790330",
        "bicycle": "designated",
        "highway": "cycleway",
        "lit": "yes",
        "smoothness": "excellent",
        "surface": "asphalt"
      },
      "geometry": {
        "type": "LineString",
        "coordinates": [
          [
            21.0498124,
            52.1878064
          ],
          [
            21.0497507,
            52.187782
          ]
        ]
      },
      "id": "way/1460790330"
    },
    {
      "type": "Feature",
      "properties": {
        "@id": "way/1460790331",
        "bicycle": "designated",
        "highway": "cycleway",
        "lit": "yes",
        "smoothness": "excellent",
        "surface": "asphalt"
      },
      "geometry": {
        "type": "LineString",
        "coordinates": [
          [
            21.049377,
            52.1876335
          ],
          [
            21.049303,
            52.1876042
          ]
        ]
      },
      "id": "way/1460790331"
    },
    {
      "type": "Feature",
      "properties": {
        "@id": "way/1460790332",
        "highway": "cycleway",
        "surface": "asphalt"
      },
      "geometry": {
        "type": "LineString",
        "coordinates": [
          [
            21.0492904,
            52.1880469
          ],
          [
            21.0492508,
            52.1880312
          ]
        ]
      },
      "id": "way/1460790332"
    },
    {
      "type": "Feature",
      "properties": {
        "@id": "way/1460790333",
        "highway": "cycleway",
        "surface": "asphalt"
      },
      "geometry": {
        "type": "LineString",
        "coordinates": [
          [
            21.049165,
            52.1879971
          ],
          [
            21.0491308,
            52.1879835
          ]
        ]
      },
      "id": "way/1460790333"
    },
    {
      "type": "Feature",
      "properties": {
        "@id": "way/1460793755",
        "bicycle": "designated",
        "crossing": "traffic_signals",
        "crossing:markings": "dots",
        "cycleway": "crossing",
        "highway": "cycleway",
        "lit": "yes",
        "smoothness": "excellent",
        "surface": "asphalt"
      },
      "geometry": {
        "type": "LineString",
        "coordinates": [
          [
            21.0453861,
            52.1917594
          ],
          [
            21.045472,
            52.1917932
          ],
          [
            21.0455294,
            52.1918158
          ]
        ]
      },
      "id": "way/1460793755"
    },
    {
      "type": "Feature",
      "properties": {
        "@id": "way/1460793756",
        "highway": "cycleway",
        "lit": "yes",
        "smoothness": "good",
        "surface": "asphalt"
      },
      "geometry": {
        "type": "LineString",
        "coordinates": [
          [
            21.0455294,
            52.1918158
          ],
          [
            21.0455416,
            52.1918216
          ],
          [
            21.0455808,
            52.1918461
          ]
        ]
      },
      "id": "way/1460793756"
    },
    {
      "type": "Feature",
      "properties": {
        "@id": "way/1460793757",
        "highway": "cycleway",
        "lit": "yes",
        "smoothness": "good",
        "surface": "asphalt"
      },
      "geometry": {
        "type": "LineString",
        "coordinates": [
          [
            21.045216,
            52.1916923
          ],
          [
            21.0452794,
            52.1917173
          ],
          [
            21.0453278,
            52.1917364
          ],
          [
            21.0453861,
            52.1917594
          ]
        ]
      },
      "id": "way/1460793757"
    },
    {
      "type": "Feature",
      "properties": {
        "@id": "way/1460793758",
        "highway": "cycleway",
        "lit": "yes",
        "smoothness": "good",
        "surface": "asphalt"
      },
      "geometry": {
        "type": "LineString",
        "coordinates": [
          [
            21.0450318,
            52.1916198
          ],
          [
            21.0450959,
            52.1916451
          ]
        ]
      },
      "id": "way/1460793758"
    },
    {
      "type": "Feature",
      "properties": {
        "@id": "way/1460793759",
        "highway": "cycleway",
        "lit": "yes",
        "smoothness": "excellent",
        "surface": "asphalt"
      },
      "geometry": {
        "type": "LineString",
        "coordinates": [
          [
            21.0454277,
            52.192044
          ],
          [
            21.0454068,
            52.19208
          ],
          [
            21.0453765,
            52.1920918
          ],
          [
            21.0453558,
            52.1920988
          ],
          [
            21.0453294,
            52.1921064
          ],
          [
            21.0453018,
            52.1921116
          ],
          [
            21.0452709,
            52.1921134
          ],
          [
            21.0452624,
            52.1921132
          ],
          [
            21.0452492,
            52.1921127
          ],
          [
            21.0452405,
            52.1921124
          ],
          [
            21.0451986,
            52.1921078
          ]
        ]
      },
      "id": "way/1460793759"
    },
    {
      "type": "Feature",
      "properties": {
        "@id": "way/1460793760",
        "bicycle": "designated",
        "crossing": "traffic_signals",
        "crossing:markings": "dots",
        "cycleway": "crossing",
        "highway": "cycleway",
        "lit": "yes",
        "smoothness": "excellent",
        "surface": "asphalt"
      },
      "geometry": {
        "type": "LineString",
        "coordinates": [
          [
            21.0455536,
            52.1918829
          ],
          [
            21.0455093,
            52.1919396
          ],
          [
            21.045489,
            52.1919656
          ]
        ]
      },
      "id": "way/1460793760"
    },
    {
      "type": "Feature",
      "properties": {
        "@id": "way/1460793763",
        "bicycle": "designated",
        "crossing": "traffic_signals",
        "crossing:markings": "dots",
        "cycleway": "crossing",
        "highway": "cycleway",
        "lit": "yes",
        "smoothness": "excellent",
        "surface": "asphalt"
      },
      "geometry": {
        "type": "LineString",
        "coordinates": [
          [
            21.0454676,
            52.191993
          ],
          [
            21.0454476,
            52.1920185
          ],
          [
            21.0454277,
            52.192044
          ]
        ]
      },
      "id": "way/1460793763"
    },
    {
      "type": "Feature",
      "properties": {
        "@id": "way/1460793764",
        "highway": "cycleway",
        "lit": "yes",
        "smoothness": "excellent",
        "surface": "asphalt"
      },
      "geometry": {
        "type": "LineString",
        "coordinates": [
          [
            21.045489,
            52.1919656
          ],
          [
            21.0454676,
            52.191993
          ]
        ]
      },
      "id": "way/1460793764"
    },
    {
      "type": "Feature",
      "properties": {
        "@id": "way/1460793767",
        "bicycle": "designated",
        "crossing": "traffic_signals",
        "crossing:markings": "dots",
        "cycleway": "crossing",
        "highway": "cycleway",
        "lit": "yes",
        "smoothness": "excellent",
        "surface": "asphalt"
      },
      "geometry": {
        "type": "LineString",
        "coordinates": [
          [
            21.0448192,
            52.192048
          ],
          [
            21.0447081,
            52.1920305
          ],
          [
            21.0446558,
            52.1920222
          ]
        ]
      },
      "id": "way/1460793767"
    },
    {
      "type": "Feature",
      "properties": {
        "@id": "way/1460793768",
        "highway": "cycleway",
        "lit": "yes",
        "smoothness": "good",
        "surface": "asphalt"
      },
      "geometry": {
        "type": "LineString",
        "coordinates": [
          [
            21.0446558,
            52.1920222
          ],
          [
            21.0445735,
            52.1920009
          ]
        ]
      },
      "id": "way/1460793768"
    },
    {
      "type": "Feature",
      "properties": {
        "@id": "way/1460793769",
        "bicycle": "designated",
        "crossing": "traffic_signals",
        "crossing:markings": "dots",
        "cycleway": "crossing",
        "highway": "cycleway",
        "lit": "yes",
        "smoothness": "excellent",
        "surface": "asphalt"
      },
      "geometry": {
        "type": "LineString",
        "coordinates": [
          [
            21.0451986,
            52.1921078
          ],
          [
            21.04515,
            52.1921001
          ],
          [
            21.0450355,
            52.1920821
          ]
        ]
      },
      "id": "way/1460793769"
    },
    {
      "type": "Feature",
      "properties": {
        "@id": "way/1460793772",
        "bicycle": "designated",
        "crossing": "traffic_signals",
        "crossing:markings": "dots",
        "cycleway": "crossing",
        "highway": "cycleway",
        "lit": "yes",
        "smoothness": "excellent",
        "surface": "asphalt"
      },
      "geometry": {
        "type": "LineString",
        "coordinates": [
          [
            21.0446613,
            52.1919254
          ],
          [
            21.0447132,
            52.1918819
          ],
          [
            21.0447444,
            52.1918556
          ]
        ]
      },
      "id": "way/1460793772"
    },
    {
      "type": "Feature",
      "properties": {
        "@id": "way/1460793773",
        "cycleway": "crossing",
        "highway": "cycleway",
        "lit": "yes",
        "smoothness": "good",
        "surface": "asphalt"
      },
      "geometry": {
        "type": "LineString",
        "coordinates": [
          [
            21.0447444,
            52.1918556
          ],
          [
            21.0447755,
            52.1918305
          ]
        ]
      },
      "id": "way/1460793773"
    },
    {
      "type": "Feature",
      "properties": {
        "@id": "way/1460793774",
        "highway": "cycleway",
        "lit": "yes",
        "smoothness": "excellent",
        "surface": "asphalt",
        "width": "3"
      },
      "geometry": {
        "type": "LineString",
        "coordinates": [
          [
            21.0400887,
            52.1964263
          ],
          [
            21.0400308,
            52.1964033
          ]
        ]
      },
      "id": "way/1460793774"
    },
    {
      "type": "Feature",
      "properties": {
        "@id": "way/1460793775",
        "highway": "cycleway",
        "lit": "yes",
        "smoothness": "excellent",
        "surface": "asphalt",
        "width": "3"
      },
      "geometry": {
        "type": "LineString",
        "coordinates": [
          [
            21.0405377,
            52.1966047
          ],
          [
            21.0404825,
            52.1965827
          ]
        ]
      },
      "id": "way/1460793775"
    },
    {
      "type": "Feature",
      "properties": {
        "@id": "way/1460793776",
        "crossing": "traffic_signals",
        "crossing:markings": "zebra",
        "cycleway": "crossing",
        "highway": "cycleway",
        "lit": "yes",
        "smoothness": "excellent",
        "surface": "asphalt",
        "width": "3"
      },
      "geometry": {
        "type": "LineString",
        "coordinates": [
          [
            21.0401707,
            52.1964588
          ],
          [
            21.0401291,
            52.1964423
          ],
          [
            21.0400887,
            52.1964263
          ]
        ]
      },
      "id": "way/1460793776"
    },
    {
      "type": "Feature",
      "properties": {
        "@id": "way/1460793777",
        "bicycle": "designated",
        "crossing": "traffic_signals",
        "crossing:markings": "dots",
        "cycleway": "crossing",
        "highway": "cycleway",
        "lit": "yes",
        "smoothness": "excellent",
        "surface": "asphalt"
      },
      "geometry": {
        "type": "LineString",
        "coordinates": [
          [
            21.0404825,
            52.1965827
          ],
          [
            21.0404421,
            52.1965667
          ],
          [
            21.0404014,
            52.1965505
          ]
        ]
      },
      "id": "way/1460793777"
    },
    {
      "type": "Feature",
      "properties": {
        "@id": "way/1460793779",
        "highway": "cycleway",
        "lit": "yes",
        "smoothness": "intermediate",
        "surface": "paving_stones",
        "width": "2.2"
      },
      "geometry": {
        "type": "LineString",
        "coordinates": [
          [
            21.0359443,
            52.2007813
          ],
          [
            21.0360897,
            52.2007159
          ],
          [
            21.0361268,
            52.200695
          ],
          [
            21.0361516,
            52.2006775
          ],
          [
            21.0361759,
            52.2006549
          ],
          [
            21.0370645,
            52.199625
          ],
          [
            21.0371319,
            52.1995394
          ],
          [
            21.0372148,
            52.1994517
          ],
          [
            21.03776,
            52.1988187
          ],
          [
            21.0378123,
            52.1987615
          ],
          [
            21.0380382,
            52.1984997
          ],
          [
            21.0380845,
            52.1984458
          ],
          [
            21.038121,
            52.1984002
          ],
          [
            21.0381593,
            52.1983449
          ],
          [
            21.0381955,
            52.1982935
          ],
          [
            21.0382328,
            52.1982438
          ],
          [
            21.0382697,
            52.1981978
          ],
          [
            21.0383111,
            52.1981484
          ],
          [
            21.0386425,
            52.197776
          ],
          [
            21.0387267,
            52.1976818
          ],
          [
            21.0387589,
            52.1976464
          ],
          [
            21.0390451,
            52.1973484
          ],
          [
            21.0390611,
            52.19733
          ],
          [
            21.0390749,
            52.1973107
          ],
          [
            21.0391043,
            52.1972711
          ],
          [
            21.0391205,
            52.1972518
          ],
          [
            21.0391383,
            52.197232
          ],
          [
            21.0391591,
            52.1972083
          ],
          [
            21.0391999,
            52.1971679
          ],
          [
            21.0392409,
            52.1971273
          ]
        ]
      },
      "id": "way/1460793779"
    },
    {
      "type": "Feature",
      "properties": {
        "@id": "way/1460793780",
        "crossing": "uncontrolled",
        "crossing:markings": "dots",
        "cycleway": "crossing",
        "highway": "cycleway",
        "lit": "yes",
        "smoothness": "intermediate",
        "surface": "asphalt",
        "width": "2.2"
      },
      "geometry": {
        "type": "LineString",
        "coordinates": [
          [
            21.0392409,
            52.1971273
          ],
          [
            21.0392674,
            52.1971018
          ],
          [
            21.0392916,
            52.1970785
          ]
        ]
      },
      "id": "way/1460793780"
    },
    {
      "type": "Feature",
      "properties": {
        "@id": "way/1460849738",
        "crossing": "traffic_signals",
        "crossing:markings": "dots",
        "cycleway": "crossing",
        "highway": "cycleway",
        "lit": "yes",
        "smoothness": "excellent",
        "surface": "asphalt"
      },
      "geometry": {
        "type": "LineString",
        "coordinates": [
          [
            21.0331695,
            52.2039751
          ],
          [
            21.0332191,
            52.2039917
          ],
          [
            21.0332628,
            52.2040062
          ]
        ]
      },
      "id": "way/1460849738"
    },
    {
      "type": "Feature",
      "properties": {
        "@id": "way/1460849739",
        "crossing": "traffic_signals",
        "crossing:markings": "dots",
        "cycleway": "crossing",
        "highway": "cycleway",
        "lit": "yes",
        "smoothness": "excellent",
        "surface": "asphalt"
      },
      "geometry": {
        "type": "LineString",
        "coordinates": [
          [
            21.033431,
            52.2040622
          ],
          [
            21.0334738,
            52.2040765
          ],
          [
            21.0335159,
            52.2040905
          ]
        ]
      },
      "id": "way/1460849739"
    },
    {
      "type": "Feature",
      "properties": {
        "@id": "way/1460849740",
        "highway": "cycleway",
        "lit": "yes",
        "smoothness": "good",
        "surface": "asphalt"
      },
      "geometry": {
        "type": "LineString",
        "coordinates": [
          [
            21.0330874,
            52.2039478
          ],
          [
            21.0331695,
            52.2039751
          ]
        ]
      },
      "id": "way/1460849740"
    },
    {
      "type": "Feature",
      "properties": {
        "@id": "way/1460849741",
        "highway": "cycleway",
        "smoothness": "excellent",
        "surface": "asphalt"
      },
      "geometry": {
        "type": "LineString",
        "coordinates": [
          [
            21.0317427,
            52.2071863
          ],
          [
            21.0317067,
            52.2071824
          ],
          [
            21.0312676,
            52.2071348
          ],
          [
            21.0311852,
            52.2071247
          ]
        ]
      },
      "id": "way/1460849741"
    },
    {
      "type": "Feature",
      "properties": {
        "@id": "way/1460849742",
        "crossing": "uncontrolled",
        "crossing:markings": "yes",
        "cycleway": "crossing",
        "highway": "cycleway",
        "smoothness": "excellent",
        "surface": "asphalt"
      },
      "geometry": {
        "type": "LineString",
        "coordinates": [
          [
            21.0318081,
            52.2071932
          ],
          [
            21.0317745,
            52.2071896
          ],
          [
            21.0317427,
            52.2071863
          ]
        ]
      },
      "id": "way/1460849742"
    },
    {
      "type": "Feature",
      "properties": {
        "@id": "way/1460849747",
        "highway": "cycleway",
        "lit": "yes",
        "smoothness": "excellent",
        "surface": "asphalt"
      },
      "geometry": {
        "type": "LineString",
        "coordinates": [
          [
            21.0302808,
            52.2070514
          ],
          [
            21.0301938,
            52.2070619
          ],
          [
            21.0298574,
            52.2070986
          ],
          [
            21.0297223,
            52.2071134
          ],
          [
            21.0296524,
            52.2071184
          ],
          [
            21.0295826,
            52.2071157
          ],
          [
            21.0295615,
            52.2071146
          ],
          [
            21.0295395,
            52.2071145
          ],
          [
            21.0295154,
            52.2071154
          ],
          [
            21.0294884,
            52.2071178
          ],
          [
            21.0294633,
            52.2071217
          ],
          [
            21.0294373,
            52.2071267
          ],
          [
            21.0294011,
            52.207136
          ],
          [
            21.0293502,
            52.2071498
          ],
          [
            21.0293024,
            52.2071641
          ],
          [
            21.0292531,
            52.2071798
          ],
          [
            21.0291989,
            52.2071978
          ],
          [
            21.0291495,
            52.2072154
          ],
          [
            21.0291006,
            52.2072341
          ],
          [
            21.0290613,
            52.20725
          ],
          [
            21.0290215,
            52.207267
          ],
          [
            21.0289779,
            52.2072863
          ],
          [
            21.0289432,
            52.2073025
          ],
          [
            21.0288949,
            52.2073266
          ],
          [
            21.0287576,
            52.2074065
          ],
          [
            21.0286878,
            52.2074585
          ],
          [
            21.0286637,
            52.2074779
          ],
          [
            21.0286284,
            52.2075169
          ],
          [
            21.0286164,
            52.2075271
          ],
          [
            21.0285995,
            52.2075385
          ],
          [
            21.0285835,
            52.2075485
          ]
        ]
      },
      "id": "way/1460849747"
    },
    {
      "type": "Feature",
      "properties": {
        "@id": "way/1470141920",
        "highway": "living_street"
      },
      "geometry": {
        "type": "LineString",
        "coordinates": [
          [
            21.0301955,
            52.1999997
          ],
          [
            21.0302305,
            52.2000397
          ],
          [
            21.0302398,
            52.2000504
          ]
        ]
      },
      "id": "way/1470141920"
    },
    {
      "type": "Feature",
      "properties": {
        "@id": "way/1471455600",
        "bicycle": "designated",
        "check_date:cycleway:surface": "2026-05-17",
        "cycleway": "crossing",
        "cycleway:surface": "asphalt",
        "foot": "designated",
        "footway": "crossing",
        "footway:surface": "asphalt",
        "highway": "path",
        "lit": "yes",
        "path": "crossing",
        "segregated": "yes",
        "surface": "asphalt"
      },
      "geometry": {
        "type": "LineString",
        "coordinates": [
          [
            21.0354558,
            52.2013166
          ],
          [
            21.0354317,
            52.2013474
          ],
          [
            21.035409,
            52.2013763
          ]
        ]
      },
      "id": "way/1471455600"
    },
    {
      "type": "Feature",
      "properties": {
        "@id": "way/1478881179",
        "highway": "cycleway",
        "lit": "yes",
        "smoothness": "good",
        "surface": "asphalt"
      },
      "geometry": {
        "type": "LineString",
        "coordinates": [
          [
            21.0333879,
            52.2040479
          ],
          [
            21.033431,
            52.2040622
          ]
        ]
      },
      "id": "way/1478881179"
    },
    {
      "type": "Feature",
      "properties": {
        "@id": "way/1478881180",
        "highway": "cycleway",
        "lit": "yes",
        "smoothness": "good",
        "surface": "asphalt"
      },
      "geometry": {
        "type": "LineString",
        "coordinates": [
          [
            21.0332628,
            52.2040062
          ],
          [
            21.0332977,
            52.2040179
          ]
        ]
      },
      "id": "way/1478881180"
    },
    {
      "type": "Feature",
      "properties": {
        "@id": "way/1480425209",
        "highway": "living_street",
        "oneway": "yes"
      },
      "geometry": {
        "type": "LineString",
        "coordinates": [
          [
            21.0561043,
            52.1808452
          ],
          [
            21.0558981,
            52.1810255
          ],
          [
            21.0558381,
            52.1810779
          ],
          [
            21.0558106,
            52.181095
          ],
          [
            21.0557842,
            52.1811084
          ],
          [
            21.0557415,
            52.1811175
          ]
        ]
      },
      "id": "way/1480425209"
    },
    {
      "type": "Feature",
      "properties": {
        "@id": "way/1491783429",
        "bicycle": "designated",
        "check_date": "2018-09-16",
        "cycleway:surface": "asphalt",
        "foot": "designated",
        "footway:surface": "paving_stones",
        "highway": "path",
        "lit": "yes",
        "path": "sidewalk",
        "segregated": "yes",
        "surface": "paved"
      },
      "geometry": {
        "type": "LineString",
        "coordinates": [
          [
            21.0588915,
            52.2086857
          ],
          [
            21.0589003,
            52.2086674
          ],
          [
            21.0589132,
            52.2086557
          ],
          [
            21.0589379,
            52.2086335
          ]
        ]
      },
      "id": "way/1491783429"
    },
    {
      "type": "Feature",
      "properties": {
        "@id": "way/1491783431",
        "bicycle": "designated",
        "cycleway:surface": "asphalt",
        "cycleway:width": "2.5",
        "foot": "designated",
        "footway:surface": "paving_stones",
        "highway": "path",
        "lit": "yes",
        "path": "sidewalk",
        "segregated": "yes",
        "source:width": "ARCore",
        "surface": "paved"
      },
      "geometry": {
        "type": "LineString",
        "coordinates": [
          [
            21.0590364,
            52.2082765
          ],
          [
            21.0590146,
            52.2082814
          ],
          [
            21.0589825,
            52.2082872
          ]
        ]
      },
      "id": "way/1491783431"
    },
    {
      "type": "Feature",
      "properties": {
        "@id": "way/1491783432",
        "highway": "cycleway",
        "lit": "yes",
        "surface": "asphalt",
        "width": "2.7"
      },
      "geometry": {
        "type": "LineString",
        "coordinates": [
          [
            21.0613389,
            52.2073944
          ],
          [
            21.061372,
            52.2073548
          ],
          [
            21.061779,
            52.2071023
          ],
          [
            21.0620681,
            52.2069248
          ],
          [
            21.0623497,
            52.206758
          ],
          [
            21.0625251,
            52.2066606
          ],
          [
            21.0627475,
            52.2065325
          ],
          [
            21.0629844,
            52.206387
          ],
          [
            21.0631366,
            52.2062925
          ],
          [
            21.0632061,
            52.2062676
          ]
        ]
      },
      "id": "way/1491783432"
    },
    {
      "type": "Feature",
      "properties": {
        "@id": "way/1491783435",
        "bicycle": "designated",
        "cycleway:surface": "asphalt",
        "cycleway:width": "3",
        "foot": "designated",
        "footway:surface": "paving_stones",
        "highway": "path",
        "lit": "yes",
        "path": "sidewalk",
        "segregated": "yes",
        "surface": "paved"
      },
      "geometry": {
        "type": "LineString",
        "coordinates": [
          [
            21.0544319,
            52.2074651
          ],
          [
            21.0544472,
            52.2074664
          ],
          [
            21.0545265,
            52.2074765
          ],
          [
            21.0546844,
            52.2075137
          ],
          [
            21.0547764,
            52.2075367
          ],
          [
            21.0548376,
            52.2075492
          ],
          [
            21.0549733,
            52.2075619
          ],
          [
            21.0551755,
            52.2075817
          ],
          [
            21.0556735,
            52.2076293
          ],
          [
            21.0558362,
            52.2076467
          ],
          [
            21.0560817,
            52.207681
          ],
          [
            21.056334,
            52.2077108
          ],
          [
            21.0566316,
            52.2077443
          ],
          [
            21.0569319,
            52.2077711
          ],
          [
            21.0571359,
            52.2077856
          ],
          [
            21.057351,
            52.2077975
          ],
          [
            21.0575843,
            52.2078191
          ],
          [
            21.0579805,
            52.2078585
          ],
          [
            21.0581814,
            52.2078744
          ],
          [
            21.0584313,
            52.2078855
          ],
          [
            21.0586321,
            52.207883
          ],
          [
            21.0588218,
            52.2078746
          ],
          [
            21.0589446,
            52.2078664
          ],
          [
            21.0590527,
            52.2078551
          ],
          [
            21.059189,
            52.2078398
          ],
          [
            21.0593141,
            52.2078211
          ],
          [
            21.0594815,
            52.2077911
          ],
          [
            21.059581,
            52.207769
          ],
          [
            21.0596818,
            52.2077454
          ],
          [
            21.0598492,
            52.2076991
          ],
          [
            21.0599664,
            52.207663
          ],
          [
            21.0600799,
            52.2076245
          ],
          [
            21.060186,
            52.2075841
          ],
          [
            21.0603404,
            52.2075173
          ],
          [
            21.0605307,
            52.2074248
          ],
          [
            21.0607727,
            52.2072855
          ],
          [
            21.0612704,
            52.2069777
          ],
          [
            21.0613927,
            52.206901
          ],
          [
            21.0616532,
            52.2067371
          ],
          [
            21.0617892,
            52.2066425
          ],
          [
            21.0619733,
            52.2065106
          ],
          [
            21.0621889,
            52.2063696
          ],
          [
            21.0623498,
            52.2062733
          ],
          [
            21.0624376,
            52.2062195
          ],
          [
            21.0626929,
            52.2060514
          ],
          [
            21.0628561,
            52.2059484
          ],
          [
            21.0629034,
            52.2059175
          ],
          [
            21.0629805,
            52.2058698
          ],
          [
            21.0629967,
            52.2058556
          ],
          [
            21.0630144,
            52.2058354
          ]
        ]
      },
      "id": "way/1491783435"
    },
    {
      "type": "Feature",
      "properties": {
        "@id": "way/1493366899",
        "cycleway": "crossing",
        "highway": "cycleway",
        "lit": "no",
        "surface": "asphalt"
      },
      "geometry": {
        "type": "LineString",
        "coordinates": [
          [
            21.0539676,
            52.1997068
          ],
          [
            21.0539918,
            52.1997242
          ],
          [
            21.05403,
            52.1997517
          ]
        ]
      },
      "id": "way/1493366899"
    },
    {
      "type": "Feature",
      "properties": {
        "@id": "way/1493366900",
        "highway": "cycleway",
        "lit": "yes",
        "surface": "asphalt"
      },
      "geometry": {
        "type": "LineString",
        "coordinates": [
          [
            21.0681319,
            52.2034011
          ],
          [
            21.068212,
            52.20343
          ]
        ]
      },
      "id": "way/1493366900"
    },
    {
      "type": "Feature",
      "properties": {
        "@id": "way/1493366901",
        "cycleway": "crossing",
        "highway": "cycleway",
        "lit": "yes",
        "surface": "asphalt"
      },
      "geometry": {
        "type": "LineString",
        "coordinates": [
          [
            21.0677562,
            52.2033253
          ],
          [
            21.0677939,
            52.2033203
          ],
          [
            21.0678441,
            52.2033136
          ]
        ]
      },
      "id": "way/1493366901"
    },
    {
      "type": "Feature",
      "properties": {
        "@id": "way/1493366902",
        "highway": "cycleway",
        "lit": "yes",
        "surface": "asphalt"
      },
      "geometry": {
        "type": "LineString",
        "coordinates": [
          [
            21.0676725,
            52.2033189
          ],
          [
            21.0676934,
            52.203334
          ],
          [
            21.0677562,
            52.2033253
          ]
        ]
      },
      "id": "way/1493366902"
    },
    {
      "type": "Feature",
      "properties": {
        "@id": "way/1493366903",
        "cycleway": "crossing",
        "highway": "cycleway",
        "lit": "yes",
        "surface": "asphalt"
      },
      "geometry": {
        "type": "LineString",
        "coordinates": [
          [
            21.068212,
            52.20343
          ],
          [
            21.0682762,
            52.2034531
          ],
          [
            21.0683499,
            52.2034821
          ]
        ]
      },
      "id": "way/1493366903"
    },
    {
      "type": "Feature",
      "properties": {
        "@id": "way/1493366904",
        "cycleway": "crossing",
        "highway": "cycleway",
        "lit": "yes",
        "surface": "asphalt"
      },
      "geometry": {
        "type": "LineString",
        "coordinates": [
          [
            21.0679487,
            52.2033343
          ],
          [
            21.0680414,
            52.2033685
          ],
          [
            21.0681114,
            52.2033937
          ],
          [
            21.0681319,
            52.2034011
          ]
        ]
      },
      "id": "way/1493366904"
    },
    {
      "type": "Feature",
      "properties": {
        "@id": "way/1493366905",
        "highway": "cycleway",
        "lit": "yes",
        "surface": "asphalt"
      },
      "geometry": {
        "type": "LineString",
        "coordinates": [
          [
            21.0685632,
            52.2034292
          ],
          [
            21.0685494,
            52.2034729
          ]
        ]
      },
      "id": "way/1493366905"
    },
    {
      "type": "Feature",
      "properties": {
        "@id": "way/1493366906",
        "cycleway": "crossing",
        "highway": "cycleway",
        "lit": "yes",
        "surface": "asphalt"
      },
      "geometry": {
        "type": "LineString",
        "coordinates": [
          [
            21.068603,
            52.2033049
          ],
          [
            21.0685849,
            52.2033614
          ],
          [
            21.0685632,
            52.2034292
          ]
        ]
      },
      "id": "way/1493366906"
    },
    {
      "type": "Feature",
      "properties": {
        "@id": "way/1493366907",
        "cycleway": "crossing",
        "highway": "cycleway",
        "surface": "asphalt"
      },
      "geometry": {
        "type": "LineString",
        "coordinates": [
          [
            21.0838217,
            52.2074292
          ],
          [
            21.0838663,
            52.2074647
          ],
          [
            21.0838881,
            52.207479
          ]
        ]
      },
      "id": "way/1493366907"
    },
    {
      "type": "Feature",
      "properties": {
        "@id": "way/1493366908",
        "highway": "cycleway",
        "surface": "asphalt"
      },
      "geometry": {
        "type": "LineString",
        "coordinates": [
          [
            21.0836283,
            52.2072797
          ],
          [
            21.0836655,
            52.2073059
          ],
          [
            21.0838217,
            52.2074292
          ]
        ]
      },
      "id": "way/1493366908"
    },
    {
      "type": "Feature",
      "properties": {
        "@id": "way/1503030396",
        "highway": "cycleway",
        "surface": "asphalt"
      },
      "geometry": {
        "type": "LineString",
        "coordinates": [
          [
            21.036325,
            52.2066273
          ],
          [
            21.0363793,
            52.2066233
          ]
        ]
      },
      "id": "way/1503030396"
    },
    {
      "type": "Feature",
      "properties": {
        "@id": "way/1503030397",
        "crossing": "uncontrolled",
        "crossing:markings": "zebra",
        "cycleway": "crossing",
        "highway": "cycleway",
        "surface": "asphalt"
      },
      "geometry": {
        "type": "LineString",
        "coordinates": [
          [
            21.0362232,
            52.2066345
          ],
          [
            21.0362707,
            52.2066313
          ],
          [
            21.036325,
            52.2066273
          ]
        ]
      },
      "id": "way/1503030397"
    },
    {
      "type": "Feature",
      "properties": {
        "@id": "way/1503030412",
        "highway": "cycleway",
        "surface": "asphalt"
      },
      "geometry": {
        "type": "LineString",
        "coordinates": [
          [
            21.0389109,
            52.2068709
          ],
          [
            21.0388752,
            52.2068709
          ],
          [
            21.0388336,
            52.2068681
          ],
          [
            21.0387501,
            52.2068593
          ],
          [
            21.038626,
            52.2068425
          ],
          [
            21.0385784,
            52.2068398
          ],
          [
            21.0385319,
            52.2068391
          ],
          [
            21.0384805,
            52.2068405
          ],
          [
            21.0384303,
            52.2068443
          ],
          [
            21.038312,
            52.2068566
          ],
          [
            21.0379026,
            52.2068809
          ],
          [
            21.0378496,
            52.2068892
          ],
          [
            21.037763,
            52.206914
          ],
          [
            21.0377096,
            52.2069221
          ],
          [
            21.0376637,
            52.2069258
          ],
          [
            21.0375708,
            52.206929
          ]
        ]
      },
      "id": "way/1503030412"
    },
    {
      "type": "Feature",
      "properties": {
        "@id": "way/1503030413",
        "crossing": "uncontrolled",
        "crossing:markings": "dots",
        "cycleway": "crossing",
        "highway": "cycleway",
        "surface": "asphalt"
      },
      "geometry": {
        "type": "LineString",
        "coordinates": [
          [
            21.0375708,
            52.206929
          ],
          [
            21.0375282,
            52.2069306
          ],
          [
            21.0374794,
            52.2069325
          ]
        ]
      },
      "id": "way/1503030413"
    }
  ]
}